frequency,model,amplitude,phase_radians
0.001,one effective reservoir,0.9999802613756331,-0.0062831026257335765
0.0010209818837871492,one effective reservoir,0.9999794244046994,-0.006414930375350214
0.0010424040070215568,one effective reservoir,0.9999785519450812,-0.006549523889422565
0.0010642756067561418,one effective reservoir,0.9999776424921104,-0.00668694118411219
0.001086606113854597,one effective reservoir,0.9999766944773306,-0.006827241491918689
0.001109405157057901,one effective reservoir,0.9999757062657959,-0.006970485287139673
0.0011326825671361539,one effective reservoir,0.9999746761532508,-0.0071167343118610105
0.0011564483811275356,one effective reservoir,0.999973602363195,-0.0072660516024882806
0.0011807128466661903,one effective reservoir,0.9999724830438205,-0.007418501516830371
0.0012054864264009343,one effective reservoir,0.9999713162648205,-0.007574149761746705
0.0012307798025066657,one effective reservoir,0.9999701000140632,-0.007733063421369457
0.001256603881290431,one effective reservoir,0.9999688321941246,-0.007895310985912568
0.0012829697978941476,one effective reservoir,0.9999675106186735,-0.00806096238107959
0.001309888921095986,one effective reservoir,0.9999661330087056,-0.008230088998082427
0.0013373728582124964,one effective reservoir,0.999964696988616,-0.008402763724283474
0.0013654334601035985,one effective reservoir,0.9999632000821059,-0.00857906097447387
0.0013940828262825786,one effective reservoir,0.999961639707918,-0.008759056722800659
0.0014233333101333,one effective reservoir,0.9999600131753875,-0.008942828535356039
0.0014531975242368955,one effective reservoir,0.9999583176798092,-0.009130455603442212
0.0014836883458102083,one effective reservoir,0.9999565502976054,-0.009322018777525268
0.0015148189222583457,one effective reservoir,0.99995470798129,-0.00951760060189214
0.001546602676843745,one effective reservoir,0.9999527875542203,-0.009717285350024788
0.0015790533144741758,one effective reservoir,0.9999507857051259,-0.009921159060705924
0.0016121848276121858,one effective reservoir,0.9999486989824066,-0.010129309574870958
0.0016460115023085497,one effective reservoir,0.9999465237881892,-0.010341826573221266
0.0016805479243623004,one effective reservoir,0.9999442563721314,-0.010558801614613724
0.0017158089856100047,one effective reservoir,0.9999418928249665,-0.010780328175242096
0.001751809890347022,one effective reservoir,0.9999394290717719,-0.01100650168862616
0.0017885661618834618,one effective reservoir,0.9999368608649557,-0.011237419586424229
0.001826093649237728,one effective reservoir,0.9999341837769441,-0.011473181340085794
0.001864408533970487,one effective reservoir,0.9999313931925621,-0.01171388850336047
0.001903527337162025,one effective reservoir,0.999928484301091,-0.011959644755680301
0.0019434669265360202,one effective reservoir,0.9999254520879899,-0.01221055594643258
0.001984244523732769,one effective reservoir,0.999922291326267,-0.012466730140140455
0.002025877711735017,one effective reservoir,0.9999189965674885,-0.012728277662569053
0.002068384442449619,one effective reservoir,0.9999155621324052,-0.012995311147775307
0.0021117830444482445,one effective reservoir,0.999911982101184,-0.013267945586119352
0.0021560922308705294,one effective reservoir,0.9999082503032267,-0.01354629837325649
0.0022013311074930322,one effective reservoir,0.9999043603065604,-0.013830489360128227
0.0022475191809674874,one effective reservoir,0.9999003054067765,-0.01412064090397159
0.002294676367231936,one effective reservoir,0.9998960786155069,-0.014416877920366295
0.0023428230000983167,one effective reservoir,0.9998916726484103,-0.014719327936339182
0.00239197984002024,one effective reservoir,0.9998870799126542,-0.015028121144546033
0.002442168083044748,one effective reservoir,0.999882292493867,-0.015343390458551077
0.0024934093699518806,one effective reservoir,0.9998773021425407,-0.015665271569224534
0.002545725795586,one effective reservoir,0.9998721002598605,-0.015993903002279
0.002599139918382933,one effective reservoir,0.9998666778829352,-0.016329426176965946
0.002653674770096987,one effective reservoir,0.9998610256694083,-0.01667198546595336
0.0027093538657320514,one effective reservoir,0.9998551338814164,-0.017021728256406105
0.0027662012136811047,one effective reservoir,0.9998489923688763,-0.017378805012291172
0.002824241326078436,one effective reservoir,0.9998425905520647,-0.01774336933792931
0.0028834992293690774,one effective reservoir,0.9998359174034668,-0.018115578042815706
0.0029440004751000335,one effective reservoir,0.9998289614288595,-0.018495591207732174
0.0030057711509378976,one effective reservoir,0.9998217106475994,-0.01888357225217335
0.003068837891917642,one effective reservoir,0.9998141525720811,-0.019279688003109884
0.0031332278919274583,one effective reservoir,0.9998062741863332,-0.019684108765111903
0.0031989689154345376,one effective reservoir,0.9997980619237126,-0.020097008391855662
0.003266089309456888,one effective reservoir,0.9997895016436629,-0.02051856435903691
0.003334618015786363,one effective reservoir,0.9997805786074967,-0.020948957838714675
0.0034045845834681297,one effective reservoir,0.9997712774531605,-0.021388373775108802
0.0034760191815419775,one effective reservoir,0.9997615821689416,-0.02183700096187504
0.0035489526120509964,one effective reservoir,0.9997514760660711,-0.022295032120881814
0.00362341632332315,one effective reservoir,0.9997409417501787,-0.02276266398251183
0.0036994424235315794,one effective reservoir,0.9997299610915515,-0.02324009736751317
0.0037770636945393685,one effective reservoir,0.9997185151941478,-0.023727537270422844
0.003856313606034854,one effective reservoir,0.9997065843633108,-0.024225192944587373
0.003937226329963483,one effective reservoir,0.9996941480721362,-0.02473327798880348
0.004019836755262481,one effective reservoir,0.9996811849264291,-0.025252010435602597
0.004104180502904709,one effective reservoir,0.9996676726281983,-0.025781612841202874
0.004190293941258144,one effective reservoir,0.999653587937627,-0.026322312377151366
0.004278214201767617,one effective reservoir,0.999638906633455,-0.026874340923679504
0.004367979194965637,one effective reservoir,0.9996236034717078,-0.02743793516479466
0.004459627626819096,one effective reservoir,0.9996076521427075,-0.028013336685129585
0.004553199015418973,one effective reservoir,0.9995910252262933,-0.0286007920685716
0.0046487337080202565,one effective reservoir,0.999573694145176,-0.029200552998693213
0.004746272898439346,one effective reservoir,0.9995556291163558,-0.029812876361004177
0.004845858644816496,one effective reservoir,0.9995367991005208,-0.030438024347045387
0.004947533887750988,one effective reservoir,0.9995171717493443,-0.031076264560344135
0.005051342468816766,one effective reservoir,0.999496713350598,-0.03172787012424871
0.005157329149466571,one effective reservoir,0.99947538877099,-0.032393119791660104
0.005265539630332755,one effective reservoir,0.9994531613966371,-0.03307229805667776
0.005376020570933031,one effective reservoir,0.9994299930710774,-0.033765695268174155
0.005488819609789672,one effective reservoir,0.9994058440307212,-0.03447360774531272
0.005603985384970904,one effective reservoir,0.9993806728376388,-0.035196337895022266
0.005721567555063252,one effective reservoir,0.9993544363095813,-0.035934194331438664
0.0058416168205839124,one effective reservoir,0.9993270894471202,-0.03668749199732366
0.00596418494584246,one effective reservoir,0.9992985853577919,-0.037456552287469295
0.006089324781261197,one effective reservoir,0.9992688751771305,-0.038241703174093186
0.006217090286163827,one effective reservoir,0.999237907986464,-0.03904327933422874
0.006347536552042337,one effective reservoir,0.9992056307273464,-0.03986162227911252
0.0064807198263119705,one effective reservoir,0.9991719881124939,-0.04069708048556657
0.006616697536564722,one effective reservoir,0.9991369225330884,-0.041550009529373745
0.0067555283153316464,one effective reservoir,0.9991003739623059,-0.042420772220637906
0.006897272025364731,one effective reservoir,0.9990622798549245,-0.04330973874112028
0.007041989785449296,one effective reservoir,0.9990225750428572,-0.044217286783538916
0.007189743996757885,one effective reservoir,0.9989811916264588,-0.045143801692813706
0.007340598369757212,one effective reservoir,0.998938058861435,-0.046089676609237316
0.007494617951679602,one effective reservoir,0.9988931030411972,-0.047055312613546174
0.007651869154570825,one effective reservoir,0.9988462473744775,-0.04804111887386229
0.007812419783926502,one effective reservoir,0.9987974118580392,-0.04904751279447185
0.007976339067929281,one effective reservoir,0.9987465131442832,-0.05007492016640016
0.008143697687299471,one effective reservoir,0.9986934644035721,-0.051123775319737795
0.008314567805772064,one effective reservoir,0.9986381751810682,-0.05219452127766698
0.008489023101213154,one effective reservoir,0.9985805512478868,-0.05328760991212941
0.008667138797389234,one effective reservoir,0.9985204944463537,-0.05440350210107089
0.008848991696403146,one effective reservoir,0.998457902529156,-0.05554266788719105
0.009034660211810534,one effective reservoir,0.9983926689921618,-0.05670558663811669
0.009224224402431123,one effective reservoir,0.9983246829006855,-0.05789274720791046
0.009417766006869518,one effective reservoir,0.9982538287089621,-0.05910464809981751
0.009615368478760229,one effective reservoir,0.9981799860725968,-0.06034179763014134
0.009817117022752193,one effective reservoir,0.9981030296537411,-0.061604714093131396
0.01002309863124843,one effective reservoir,0.9980228289187444,-0.06289392592675427
0.010233402121916422,one effective reservoir,0.9979392479280281,-0.06420997187920607
0.010448118175985639,one effective reservoir,0.9978521451179164,-0.06555340117601423
0.010667339377348576,one effective reservoir,0.9977613730741575,-0.06692477368756161
0.01089116025248219,one effective reservoir,0.9976667782968626,-0.06832466009685198
0.011119677311206989,one effective reservoir,0.9975682009565833,-0.06975364206732157
0.01135298908830134,one effective reservoir,0.9974654746412461,-0.0712123124104851
0.011591196185988858,one effective reservoir,0.9973584260936568,-0.0727012752531867
0.011834401317317328,one effective reservoir,0.9972468749392817,-0.07422114620421011
0.012082709350447765,one effective reservoir,0.9971306334040166,-0.07577255251998159
0.012336227353872768,one effective reservoir,0.9970095060216398,-0.0773561332690799
0.012595064642583583,one effective reservoir,0.9968832893306567,-0.07897253949524512
0.012859332825205903,one effective reservoir,0.9967517715602301,-0.08062243437855693
0.013129145852124654,one effective reservoir,0.9966147323048983,-0.0823064933944274
0.013404620064618471,one effective reservoir,0.9964719421877796,-0.08402540447002832
0.013685874245025192,one effective reservoir,0.9963231625119647,-0.08577986813774695
0.013973029667959849,one effective reservoir,0.9961681448997972,-0.08757059768523451
0.014266210152607376,one effective reservoir,0.9960066309197546,-0.0893983193015828
0.01456554211611244,one effective reservoir,0.9958383517006377,-0.0912637722191314
0.014871154628089538,one effective reservoir,0.9956630275327912,-0.09316770885037605
0.015183179466276845,one effective reservoir,0.9954803674560796,-0.09511089491941274
0.015501751173357704,one effective reservoir,0.9952900688343641,-0.09709410958731467
0.015827007114974406,one effective reservoir,0.9950918169162234,-0.0991181455708015
0.016159087538959182,one effective reservoir,0.994885284381692,-0.10118380925351847
0.016498135635808004,one effective reservoir,0.9946701308747946,-0.10329192078920055
0.01684429760042316,one effective reservoir,0.9944460025216849,-0.10544331419595036
0.017197722695151393,one effective reservoir,0.9942125314342134,-0.10763883744081441
0.01755856331414469,one effective reservoir,0.9939693351987804,-0.109879352513789
0.017926975049071384,one effective reservoir,0.993716016350357,-0.11216573549033769
0.01830311675620613,one effective reservoir,0.993452161831593,-0.11449887658144815
0.01868715062492747,one effective reservoir,0.9931773424369688,-0.1168796801701984
0.019079242247652662,one effective reservoir,0.9928911122419862,-0.11930906483374513
0.019479560691239784,one effective reservoir,0.9925930080174534,-0.12178796334958403
0.019888278569888097,one effective reservoir,0.9922825486289527,-0.12431732268487
0.02030557211956795,one effective reservoir,0.9919592344216571,-0.12689810396751766
0.02073162127401231,one effective reservoir,0.9916225465907135,-0.1295312824377341
0.021166609742302837,one effective reservoir,0.9912719465374873,-0.13221784737856648
0.021610725088083777,one effective reservoir,0.9909068752120378,-0.1349588020239712
0.02206415881043799,one effective reservoir,0.990526752442282,-0.1377551634428382
0.022527106426459817,one effective reservoir,0.9901309762503948,-0.14060796239732495
0.022999767555560536,one effective reservoir,0.9897189221570953,-0.14351824317377498
0.023482346005542765,one effective reservoir,0.9892899424745831,-0.1464870633844155
0.023975049860480702,one effective reservoir,0.9888433655890005,-0.14951549373794212
0.024478091570444414,one effective reservoir,0.9883784952334347,-0.15260461777701825
0.024991688043106686,one effective reservoir,0.9878946097526073,-0.15575553158062697
0.02551606073727185,one effective reservoir,0.9873909613605537,-0.1589693434291268
0.02605143575836714,one effective reservoir,0.9868667753927561,-0.16224717342977715
0.026598043955937584,one effective reservoir,0.9863212495543672,-0.16559015310040906
0.027156121023186566,one effective reservoir,0.9857535531663506,-0.16899942490883024
0.02772590759860484,one effective reservoir,0.9851628264115649,-0.1724761417654663
0.028307649369732003,one effective reservoir,0.9845481795830272,-0.17602146646665529
0.0289015971790951,one effective reservoir,0.983908692336826,-0.1796365710859291
0.02950800713236989,one effective reservoir,0.9832434129523882,-0.1833226363105332
0.03012714070881166,one effective reservoir,0.9825513576030674,-0.18708085072036182
0.030759264874003035,one effective reservoir,0.9818315096402865,-0.19091241000641143
0.03140465219496752,one effective reservoir,0.9810828188947541,-0.19481851612578868
0.032063580957698186,one effective reservoir,0.980304200998578,-0.19880037639024867
0.03273633528715246,one effective reservoir,0.9794945367324079,-0.2028592024851873
0.03342320526976466,one effective reservoir,0.9786526714020743,-0.20699620941596863
0.034124487078528914,one effective reservoir,0.9777774142495316,-0.21121261437843283
0.0348404831007067,one effective reservoir,0.9768675379032655,-0.21550963555041297
0.03557150206821386,one effective reservoir,0.9759217778737037,-0.2198884908010803
0.03631785919074348,one effective reservoir,0.9749388320995369,-0.22435039631494655
0.037079876291681725,one effective reservoir,0.9739173605512549,-0.22889656512737713
0.03785788194687566,one effective reservoir,0.9728559848985985,-0.23352820556851708
0.03865221162631264,one effective reservoir,0.9717532882490302,-0.2382465196125981
0.039463207838772246,one effective reservoir,0.9706078149647375,-0.2430527011296825
0.0402912202795135,one effective reservoir,0.9694180705660859,-0.24794793403702567
0.04113660598106068,one effective reservoir,0.9681825217298524,-0.25293339034737594
0.04199972946715306,one effective reservoir,0.9668995963909662,-0.25801022811171515
0.042880962909924596,one effective reservoir,0.9655676839568711,-0.2631795892541499
0.04378068629038169,one effective reservoir,0.9641851356440075,-0.2684425972969162
0.044699287562248134,one effective reservoir,0.9627502649462595,-0.2738003549737433
0.04563716281924761,one effective reservoir,0.9612613482455444,-0.27925394173015405
0.046594716465896295,one effective reservoir,0.9597166255750269,-0.28480441110965427
0.0475723613918789,one effective reservoir,0.9581143015456813,-0.2904527880251813
0.048570519150083584,one effective reservoir,0.9564525464471602,-0.29620006591565806
0.04958962013837217,one effective reservoir,0.954729497534063,-0.30204720378801586
0.05063010378516437,one effective reservoir,0.9529432605088082,-0.3079951231456329
0.05169241873891601,one effective reservoir,0.9510919112123231,-0.3140447048047654
0.05277702306157263,one effective reservoir,0.9491734975337124,-0.32019678560123743
0.05388438442608224,one effective reservoir,0.9471860415499087,-0.3264521549904109
0.055014980318052395,one effective reservoir,0.9451275419060523,-0.33281155154426195
0.0561692982416381,one effective reservoir,0.9429959764469845,-0.3392756593502577
0.0573478359297499,one effective reservoir,0.9407893051097342,-0.34584510431766013
0.05855110155867241,one effective reservoir,0.938505473086264,-0.352520450397862
0.05977961396718608,one effective reservoir,0.9361424142649541,-0.35930219572640726
0.06103390288028624,one effective reservoir,0.9336980549583859,-0.36619076869543304
0.062314509137596556,one effective reservoir,0.9311703179238835,-0.3731865239664221
0.06362198492657489,one effective reservoir,0.9285571266820088,-0.38028973843432956
0.06495689402061207,one effective reservoir,0.9258564101367588,-0.38750060715537515
0.06631981202212675,one effective reservoir,0.9230661074995653,-0.39481923925204426
0.0677113266107606,one effective reservoir,0.9201841735173876,-0.40224565381011007
0.06913203779678131,one effective reservoir,0.9172085840031445,-0.4097797757837754
0.07058255817980222,one effective reservoir,0.9141373416645321,-0.4174214319263132
0.07206351321293053,one effective reservoir,0.9109684822248504,-0.4251703467648559
0.07357554147245796,one effective reservoir,0.9077000808268737,-0.43302613863922335
0.07511929493320968,one effective reservoir,0.9043302587080264,-0.44098831582587517
0.07669543924967091,one effective reservoir,0.9008571901321804,-0.44905627276921595
0.07830465404301187,one effective reservoir,0.8972791095603133,-0.45722928644353533
0.07994763319413531,one effective reservoir,0.8935943190390526,-0.4655065128698318
0.08162508514287233,one effective reservoir,0.8898011957828043,-0.4738869838126097
0.08333773319345623,one effective reservoir,0.8858981999217993,-0.48236960368245363
0.08508631582640581,one effective reservoir,0.8818838823849422,-0.4909531466707295
0.08687158701695218,one effective reservoir,0.8777568928829369,-0.49963625414313284
0.08869431656014713,one effective reservoir,0.8735159879537752,-0.5084174323189857
0.09055529040279275,one effective reservoir,0.8691600390293815,-0.5172950502631244
0.09245531098233575,one effective reservoir,0.8646880404790543,-0.5262673382169545
0.0943951975728719,one effective reservoir,0.8600991175823809,-0.5353323862946919
0.09637578663841088,one effective reservoir,0.8553925343815909,-0.5444881435700267
0.09839793219355317,one effective reservoir,0.8505677013609046,-0.5537324175773366
0.10046250617173413,one effective reservoir,0.8456241828983807,-0.5630628742502125
0.10257039880119521,one effective reservoir,0.8405617044341402,-0.5724770383183801
0.10472251898884355,one effective reservoir,0.8353801592976897,-0.5819722941821238
0.10691979471216498,one effective reservoir,0.8300796151364237,-0.5915458872810457
0.10916317341936148,one effective reservoir,0.8246603198873369,-0.6011949259714421
0.11145362243788304,one effective reservoir,0.8191227072345195,-0.6109163839237147
0.11379212939153151,one effective reservoir,0.8134674014962152,-0.6207071030481508
0.11617970262631687,one effective reservoir,0.8076952218870886,-0.6305637969540485
0.11861737164524792,one effective reservoir,0.8018071861039229,-0.640483054943599
0.12110618755224559,one effective reservoir,0.795804513186224,-0.6504613465381959
0.12364722350537151,one effective reservoir,0.7896886256071618,-0.6604950265309556
0.126241575179565,one effective reservoir,0.7834611505549128,-0.6705803405552152
0.12889036123908928,one effective reservoir,0.7771239203697403,-0.6807134311547269
0.13159472381989168,one effective reservoir,0.7706789721080128,-0.6908903443371937
0.13435582902208262,one effective reservoir,0.7641285462108036,-0.7011070365887244
0.13717486741275006,one effective reservoir,0.7574750842615908,-0.7113593823228712
0.14005305453932212,one effective reservoir,0.7507212258248989,-0.7216431817340521
0.14299163145370145,one effective reservoir,0.7438698043653236,-0.7319541690215704
0.14599186524739785,one effective reservoir,0.7369238422542058,-0.7422880209470489
0.14905504959788807,one effective reservoir,0.7298865448791735,-0.7526403656849964
0.1521825053264387,one effective reservoir,0.7227612938796927,-0.7630067919234804
0.15537558096763526,one effective reservoir,0.7155516395395958,-0.7733828581695039
0.15863565335085913,one effective reservoir,0.7082612923751699,-0.7837641022117052
0.16196412819396533,one effective reservoir,0.7008941139646422,-0.7941460506914902
0.16536244070941805,one effective reservoir,0.6934541070717253,-0.804524228732659
0.16883205622314257,one effective reservoir,0.6859454051221794,-0.8148941695789955
0.17237447080636198,one effective reservoir,0.6783722610979882,-0.8252514241892352
0.1759912119206926,one effective reservoir,0.6707390359186808,-0.8355915707392341
0.1796838390767721,one effective reservoir,0.6630501863835002,-0.8459102239820507
0.18345394450670977,one effective reservoir,0.6553102527514152,-0.8562030444180574
0.18730315385064386,one effective reservoir,0.6475238460384324,-0.8664657472289939
0.19123312685770458,one effective reservoir,0.639695635113196,-0.8766941109321524
0.1952455581016861,one effective reservoir,0.6318303336724888,-0.8868839857135108
0.19934217771173296,one effective reservoir,0.6239326871779914,-0.8970313014016222
0.20352475211835777,one effective reservoir,0.6160074598344947,-0.9071320750473694
0.2077950848151135,one effective reservoir,0.6080594216877654,-0.9171824180782462
0.21215501713624524,one effective reservoir,0.6000933359174944,-0.9271785429995835
0.21660642905065858,one effective reservoir,0.5921139463972246,-0.9371167696190571
0.22115123997254887,one effective reservoir,0.5841259655889847,-0.9469935307748475
0.22579140958903707,one effective reservoir,0.5761340628356086,-0.9568053775518665
0.23052893870517083,one effective reservoir,0.568142853108464,-0.9665489839745629
0.23536587010665758,one effective reservoir,0.5601568862626596,-0.9762211511688371
0.24030428944069696,one effective reservoir,0.5521806368458568,-0.9858188109895132
0.2453463261152951,one effective reservoir,0.5442184945006195,-0.9953390291136285
0.2504941542174505,one effective reservoir,0.5362747549939334,-1.0047790076034244
0.2557499934506013,one effective reservoir,0.5283536119012006,-1.0141360869463203
0.26111611009174596,one effective reservoir,0.5204591489656987,-1.0234077475823662
0.2665948179686437,one effective reservoir,0.5125953331483414,-1.032591610932571
0.27218847945751795,one effective reservoir,0.5047660083765908,-1.0416854399441684
0.2778995065016964,one effective reservoir,0.49697488999564415,-1.0506871391712516
0.2837303616516214,one effective reservoir,0.48922555991962474,-1.0595947544112594
0.2896835591266816,one effective reservoir,0.4815214624754332,-1.0684064719195852
0.29576166589932534,one effective reservoir,0.47386590092725933,-1.077120617226041
0.30196730280191897,one effective reservoir,0.46626203466551847,-1.0857356535780895
0.3083031456568277,one effective reservoir,0.45871287704016783,-1.0942501800366469
0.3147719264302118,one effective reservoir,0.4512212938150021,-1.1026629292508896
0.3213764344100279,one effective reservoir,0.44379000221664877,-1.1109727649388477
0.32811951740874745,one effective reservoir,0.43642157054952324,-1.1191786791006872
0.3350040829913136,one effective reservoir,0.42911841834600656,-1.1272797889914936
0.3420330997288578,one effective reservoir,0.42188281701954694,-1.1352753338800259
0.3492095984787271,one effective reservoir,0.414716890987203,-1.1431646716194532
0.35653667369136516,one effective reservoir,0.4076226192273895,-1.1509472750553902
0.36401748474461415,one effective reservoir,0.40060183723815496,-1.1586227282957615
0.371655257306016,one effective reservoir,0.39365623936123517,-1.166190722866101
0.3794532847236942,one effective reservoir,0.3867873814373558,-1.1736510537728437
0.3874149294464188,one effective reservoir,0.37999668375872964,-1.1810036154960706
0.39554362447347013,one effective reservoir,0.37328543428542793,-1.188248397931975
0.4038428748349207,one effective reservoir,0.366654792093247,-1.1953854823040977
0.41231625910297526,one effective reservoir,0.3601057910218019,-1.202415037061106
0.420967430935026,one effective reservoir,0.35363934349284476,-1.2093373137776262
0.42980012064907985,one effective reservoir,0.34725624447019987,-1.2161526430733423
0.4388181368322415,one effective reservoir,0.3409571755341905,-1.2228614305642989
0.4480253679829494,one effective reservoir,0.334742709044981,-1.2294641528590997
0.4574257841876624,one effective reservoir,0.3286133123708786,-1.235961353611437
0.4670234388327335,one effective reservoir,0.32256935215925625,-1.2423536396392174
0.4768224703521972,one effective reservoir,0.31661109862941667,-1.2486416771193674
0.4868271040122284,one effective reservoir,0.3107387298683479,-1.2548261878663176
0.4970416537330474,one effective reservoir,0.3049523361119348,-1.2609079457010883
0.5074705239490471,one effective reservoir,0.2992519239957883,-1.2668877729169046
0.5181182115079497,one effective reservoir,0.29363742076138133,-1.2727665368463255
0.5289893076098151,one effective reservoir,0.28810867840467047,-1.2785451465339797
0.5400884997867293,one effective reservoir,0.2826654777558216,-1.2842245495181723
0.5514205739240302,one effective reservoir,0.277307532480007,-1.2898057287238651
0.5629904163239473,one effective reservoir,0.2720344929905371,-1.2952896994688154
0.5748030158125357,one effective reservoir,0.26684595026682184,-1.3006775065840128
0.5868634658908172,one effective reservoir,0.26174143957078533,-1.3059702216489542
0.5991769669310619,one effective reservoir,0.25672044405643824,-1.311168940341762
0.6117488284191466,one effective reservoir,0.2517823982683051,-1.3162747799036605
0.6245844712439618,one effective reservoir,0.2469266915253217,-1.321288876716885
0.6376894300348612,one effective reservoir,0.24215267118765868,-1.3262123839947209
0.6510693555481462,one effective reservoir,0.23745964580471543,-1.3310464695820097
0.6647300171036314,one effective reservoir,0.2328468881432144,-1.3357923138641803
0.6786773050723303,one effective reservoir,0.22831363809497873,-1.3404511077825794
0.6929172334163334,one effective reservoir,0.22385910546454477,-1.345024050953673
0.7074559422819878,one effective reservoir,0.2194824726372694,-1.3495123498894928
0.7222997006474774,one effective reservoir,0.21518289712905944,-1.3539172163165436
0.7374549090259553,one effective reservoir,0.2109595140192433,-1.3582398655902677
0.7529281022254006,one effective reservoir,0.20681143826845766,-1.3624815152020628
0.7687259521663736,one effective reservoir,0.20273776692373446,-1.3666433833757654
0.784855270758894,one effective reservoir,0.19873758121322505,-1.3707266877504733
0.8013230128396887,one effective reservoir,0.19480994853322237,-1.3747326441465415
0.8181362791710601,one effective reservoir,0.1909539243303298,-1.3786624654115665
0.8353023195026779,one effective reservoir,0.1871685538817686,-1.3825173603431897
0.8528285356976201,one effective reservoir,0.18345287397693663,-1.3862985326855548
0.8707224849239922,one effective reservoir,0.1798059145034253,-1.390007180196288
0.8889918829135252,one effective reservoir,0.17622669994075868,-1.3936444937809132
0.9076446072885366,one effective reservoir,0.17271425076516914,-1.3972116566916553
0.9266887009586973,one effective reservoir,0.1692675847687414,-1.4007098437876535
0.9461323755890769,one effective reservoir,0.1658857182962574,-1.4041402208536635
0.9659840151409473,one effective reservoir,0.16256766740306916,-1.4075039439744008
0.9862521794868784,one effective reservoir,0.15931244893729438,-1.4108021589617532
1.0069456081016948,one effective reservoir,0.15611908154958873,-1.4140360008321737
1.0280732238308659,one effective reservoir,0.1529865866337068,-1.417206593331637
1.0496441367379648,one effective reservoir,0.1499139892009961,-1.4203150485056408
1.0716676480328633,one effective reservoir,0.1469003186919046,-1.4233624663118127
1.0941532540823375,one effective reservoir,0.14394460972751208,-1.4263499342727661
1.1171106505048243,one effective reservoir,0.14104590280401266,-1.429278527166949
1.1405497363511041,one effective reservoir,0.13820324493299183,-1.4321493067553057
1.1644806183726866,one effective reservoir,0.13541569023026193,-1.4349633215416644
1.18891361537977,one effective reservoir,0.13268230045592186,-1.4377216065648493
1.213859262690629,one effective reservoir,0.13000214550822356,-1.4404251832205992
1.2393283166743583,one effective reservoir,0.12737430387373183,-1.4430750591114618
1.2653317593889428,one effective reservoir,0.12479786303617137,-1.4456722279229126
1.291880803316632,one effective reservoir,0.12227191984626713,-1.4482176693240285
1.3189868961986706,one effective reservoir,0.11979558085478692,-1.4507123488911222
1.3466617259714837,one effective reservoir,0.11736796261090571,-1.4531572180528287
1.3749172258064204,one effective reservoir,0.11498819192792423,-1.4555532140551926
1.4037655792552404,one effective reservoir,0.11265540611828233,-1.457901259945395
1.4332192255035738,one effective reservoir,0.11036875319972154,-1.460202264572816
1.4632908647345995,one effective reservoir,0.10812739207437008,-1.4624571226061989
1.4939934636052576,one effective reservoir,0.10593049268243658,-1.4646667145657466
1.5253402608373838,one effective reservoir,0.10377723613212059,-1.4668319068690474
1.5573447729261352,one effective reservoir,0.10166681480727112,-1.4689535518897774
1.5900207999681955,one effective reservoir,0.09959843245424722,-1.47103248802819
1.6233824316122798,one effective reservoir,0.0975713042493614,-1.4730695397924634
1.6574440531344683,one effective reservoir,0.09558465684821946,-1.4750655178900125
1.6922203516410372,one effective reservoir,0.09363772841819774,-1.4770212193279435
1.72772632240142,one effective reservoir,0.09172976865523778,-1.478937427521857
1.7639772753140452,one effective reservoir,0.08986003878607379,-1.4808149124122674
1.8009888415078565,one effective reservoir,0.0880278115569469,-1.4826544305879397
1.8387769800823288,one effective reservoir,0.08623237120980566,-1.4844567254154903
1.8773579849889013,one effective reservoir,0.08447301344693489,-1.4862225271746377
1.916748492056815,one effective reservoir,0.08274904538490109,-1.487952553198527
1.9569654861663466,one effective reservoir,0.08105978549865629,-1.489647508018586
1.9980263085725507,one effective reservoir,0.0794045635565897,-1.4913080835134065
2.0399486643826865,one effective reservoir,0.07778272054727277,-1.4929349590611762
2.0827506301905165,one effective reservoir,0.0761936085985997,-1.4945288016952152
2.1264506618707855,one effective reservoir,0.07463659088998385,-1.496090266262204
2.171067602537267,one effective reservoir,0.07311104155822877,-1.4976199955827127
2.2166206906677486,one effective reservoir,0.07161634559765927,-1.499118620613671
2.26312956839953,one effective reservoir,0.07015189875505708,-1.50058676061244
2.310614289998952,one effective reservoir,0.06871710741991656,-1.5020250233021697
2.3590953305086364,one effective reservoir,0.06731138851050078,-1.5034340050381556
2.4085935945761747,one effective reservoir,0.06593416935614789,-1.5048142909749138
2.4591304254680466,one effective reservoir,0.06458488757625148,-1.506166455233729
2.5107276142726596,one effective reservoir,0.0632629909563083,-1.507491061070437
2.563407409296515,one effective reservoir,0.061967937321401934,-1.5087886610432266
2.617192525657494,one effective reservoir,0.060699194407468016,-1.5100597971802607
2.6721061550794354,one effective reservoir,0.059456239730661595,-1.511305001146928
2.728171975892238,one effective reservoir,0.058238560455125585,-1.5125247944125602
2.785414163241769,one effective reservoir,0.057045653259440804,-1.5137196884164497
2.843857399513987,one effective reservoir,0.05587702420201617,-1.5148901847330325
2.903526884977814,one effective reservoir,0.054732188585660195,-1.5160367752360935
2.9644483486512847,one effective reservoir,0.05361067082155884,-1.517159942261882
3.026648059395692,one effective reservoir,0.05251200429286704,-1.5182601587710205
3.0901528372425364,one effective reservoir,0.051435731218105865,-1.519337888509109
3.1549900649580884,one effective reservoir,0.0503814025145452,-1.5203935861659303
3.2211876998506495,one effective reservoir,0.04934857766173443,-1.5214276975331793
3.2887742858255136,one effective reservoir,0.04833682456533527,-1.5224406596606315
3.357778965692869,one effective reservoir,0.04734571942139524,-1.5234329010106948
3.428231493733971,one effective reservoir,0.0463748465811909,-1.5244048416112759
3.500162248530945,one effective reservoir,0.04542379841675969,-1.5253568932069115
3.5736022460657884,one effective reservoir,0.04449217518722829,-1.5262894594081169
3.648583153094236,one effective reservoir,0.04357958490603622,-1.5272029358389108
3.7251373008002133,one effective reservoir,0.042685643209146015,-1.528097710282477
3.803297698736778,one effective reservoir,0.04180997322432172,-1.5289741628249385
3.883098049059605,one effective reservoir,0.040952205441549996,-1.5298326659972088
3.9645727610590833,one effective reservoir,0.04011197758467226,-1.5306735849149073
4.047756965997322,one effective reservoir,0.03928893448428813,-1.531497277416315
4.132686532256506,one effective reservoir,0.038482727951984534,-1.532304094198357
4.219398080805028,one effective reservoir,0.037693016655940305,-1.5330943789506053
4.307929000988199,one effective reservoir,0.03691946599794833,-1.533868468487287
4.398317466650228,one effective reservoir,0.03616174799189445,-1.534626692877301
4.490602452594472,one effective reservoir,0.035419541143726634,-1.5353693755722362
4.584823751389096,one effective reservoir,0.03469253033294281,-1.5360968335323955
4.681021990525308,one effective reservoir,0.033980406695623216,-1.5368093773508251
4.7792386499356,one effective reservoir,0.03328286750902836,-1.5375073113753581
4.8795160798796005,one effective reservoir,0.03259961607777962,-1.5381909338286777
4.981897519205165,one effective reservoir,0.031930361621637766,-1.5388605369264092
5.086427113992615,one effective reservoir,0.031274819164890194,-1.5395164069932536
5.1931499365902125,one effective reservoir,0.030632709427355236,-1.540158824577171
5.302112005048994,one effective reservoir,0.030003758717009884,-1.5407880645616323
5.413360302965381,one effective reservoir,0.02938769882424405,-1.541404396275953
5.526942799740173,one effective reservoir,0.02878426691774238,-1.5420080836037209
5.642908471262542,one effective reservoir,0.028193205441993302,-1.5425993850893427
5.7613073210280925,one effective reservoir,0.027614262016421642,-1.543178554042721
5.882190401699962,one effective reservoir,0.027047189336141145,-1.5437458386420844
6.005609837122315,one effective reservoir,0.02649174507432025,-1.5443014820349887
6.131618844795775,one effective reservoir,0.025947691786153262,-1.5448457224375112
6.260271758824381,one effective reservoir,0.0254147968144284,-1.5453787932316583
6.391624053344006,one effective reservoir,0.02489283219668227,-1.5459009230610077
6.5257323664424165,one effective reservoir,0.02438157457392905,-1.5464123359246076
6.662654524581156,one effective reservoir,0.02388080510095247,-1.5469132512691568
6.802449567529842,one effective reservoir,0.023390309358147048,-1.547403884079485
6.945177773823696,one effective reservoir,0.022909877264894074,-1.5478844449673606
7.090900686755163,one effective reservoir,0.02243930299445791,-1.5483551402586455
7.239681140910877,one effective reservoir,0.021978384890386702,-1.548816172078824
7.391583289265484,one effective reservoir,0.021526925384401076,-1.5492677384369264
7.5466726308438945,one effective reservoir,0.021084730915754368,-1.5497100333078713
7.705016038963921,one effective reservoir,0.02065161185204705,-1.5501432467132534
7.86668179007159,one effective reservoir,0.02022738241147731,-1.550567564800598
8.031739593181355,one effective reservoir,0.019811860586510313,-1.5509831699211056
8.20026061993413,one effective reservoir,0.01940486806894718,-1.551390240705912
8.372317535285934,one effective reservoir,0.019006230176375507,-1.5517889521408867
8.547984528840415,one effective reservoir,0.018615775779982406,-1.5521794756399956
8.727337346838892,one effective reservoir,0.018233337233710768,-1.5525619791172458
8.910453324821521,one effective reservoir,0.017858750304740025,-1.552936627057244
9.097411420973744,one effective reservoir,0.017491854105271817,-1.5533035805843836
9.2882922501725,one effective reservoir,0.017132491025601132,-1.55366299753069
9.483178118746707,one effective reservoir,0.01678050666845371,-1.5540150325023445
9.682153059967085,one effective reservoir,0.016435749784570197,-1.5543598369449083
9.885302870280706,one effective reservoir,0.01609807220951735,-1.5546975592072716
10.092715146305718,one effective reservoir,0.01576732880170737,-1.5550283446043485
10.304479322602315,one effective reservoir,0.015443377381605568,-1.5553523354785403
10.520686710236228,one effective reservoir,0.015126078672107293,-1.5556696712599907
10.741430536151421,one effective reservoir,0.014815296240064696,-1.55598048852565
10.966805983368697,one effective reservoir,0.014510896438944721,-1.556284921057176
11.196910232027939,one effective reservoir,0.014212748352598727,-1.5565830998976866
11.431842501291502,one effective reservoir,0.013920723740125167,-1.5568751534073895
11.671704092126607,one effective reservoir,0.013634696981806934,-1.5571612073181071
11.916598430985587,one effective reservoir,0.013354545026104267,-1.5574413847867186
12.166631114402664,one effective reservoir,0.0130801473376851,-1.5577158064475367
12.421909954526187,one effective reservoir,0.012811385846474947,-1.5579845904636427
12.682545025606474,one effective reservoir,0.012548144897707779,-1.5582478525771952
12.948648711459048,one effective reservoir,0.012290311202960372,-1.5585057061587344
13.220335753923516,one effective reservoir,0.01203777379215266,-1.5587582622555012
13.497723302339418,one effective reservoir,0.011790423966496311,-1.5590056296387862
13.780930964060213,one effective reservoir,0.01154815525237452,-1.559247914850332
14.070080856026864,one effective reservoir,0.011310863356136217,-1.5594852222478033
14.365297657423797,one effective reservoir,0.011078446119787557,-1.5597176540493425
14.666708663439685,one effective reservoir,0.010850803477564324,-1.5599453103772318
14.974443840155967,one effective reservoir,0.010627837413369139,-1.5601682893006743
15.288635880587295,one effective reservoir,0.010409451919057022,-1.5603866868777148
15.609420261897833,one effective reservoir,0.010195552953553556,-1.5606005971963144
15.93693530381776,one effective reservoir,0.009986048402790333,-1.5608101124145983
16.271322228285797,one effective reservoir,0.009780848040441785,-1.5610153228002888
16.61272522034293,one effective reservoir,0.009579863489448646,-1.5612163167693416
16.961291490304024,one effective reservoir,0.009383008184312796,-1.5614131809238043
17.317171337233564,one effective reservoir,0.009190197334149186,-1.561606000088904
17.68051821375353,one effective reservoir,0.009001347886479912,-1.561794857349387
18.0514887922111,one effective reservoir,0.008816378491756479,-1.561979834085122
18.43024303223432,one effective reservoir,0.008635209468596347,-1.5621610100059815
18.816944249705557,one effective reservoir,0.008457762769719677,-1.5623384631860149
19.211759187182164,one effective reservoir,0.008283961948572888,-1.5625122700969283
19.614858085794335,one effective reservoir,0.008113732126625894,-1.5626825056408868
20.026414758651875,one effective reservoir,0.007946999961329566,-1.5628492431826464
20.446606665791176,one effective reservoir,0.00778369361472076,-1.563012554581037
20.87561499069438,one effective reservoir,0.00762374272266237,-1.5631725102198017
21.313624718414378,one effective reservoir,0.007467078364705708,-1.5633291790378123
21.76082471533908,one effective reservoir,0.007313633034563136,-1.5634826285586663
22.21740781062887,one effective reservoir,0.00716334061117912,-1.5636329249196843
22.683570879363163,one effective reservoir,0.007016136330387612,-1.5637801329003151
23.159514927431545,one effective reservoir,0.006871956757144375,-1.5639243159499627
23.645445178205684,one effective reservoir,0.006730739758322968,-1.5640655362152467
24.14157116103018,one effective reservoir,0.006592424476063036,-1.5642038545667052
24.64810680157013,one effective reservoir,0.006456951301660032,-1.5643393306249556
25.16527051405394,one effective reservoir,0.006324261849985787,-1.5644720227863191
25.693285295451968,one effective reservoir,0.006194298934429087,-1.564601988247924
26.232378821631237,one effective reservoir,0.006067006542346072,-1.5647292830322965
26.782783545527202,one effective reservoir,0.005942329811010369,-1.5648539620114483
27.3447367973758,one effective reservoir,0.00582021500405278,-1.5649760789304734
27.91848088704855,one effective reservoir,0.005700609488380831,-1.565095686430662
28.504263208534375,one effective reservoir,0.005583461711568723,-1.565212836072143
29.102336346614127,one effective reservoir,0.005468721179708006,-1.5653275783560618
29.712958185773342,one effective reservoir,0.005356338435709883,-1.5654399627463085
30.336392021399693,one effective reservoir,0.005246265038050147,-1.5655500376907967
30.97290667331413,one effective reservoir,0.005138453539947666,-1.565657850642312
31.622776601683793,one effective reservoir,0.005032857468967868,-1.56576344807893
0.001,weakly coupled deep reservoir,0.9583777448747592,-0.022483960949678125
0.0010209818837871492,weakly coupled deep reservoir,0.9581587992901112,-0.022357032086967817
0.0010424040070215568,weakly coupled deep reservoir,0.9579465368537237,-0.022233553020088705
0.0010642756067561418,weakly coupled deep reservoir,0.9577408251793804,-0.022113753588434308
0.001086606113854597,weakly coupled deep reservoir,0.9575415288611671,-0.02199785539193016
0.001109405157057901,weakly coupled deep reservoir,0.9573485099700784,-0.021886071952918064
0.0011326825671361539,weakly coupled deep reservoir,0.957161628524185,-0.021778608902109628
0.0011564483811275356,weakly coupled deep reservoir,0.9569807429321683,-0.021675664185922955
0.0011807128466661903,weakly coupled deep reservoir,0.9568057104102247,-0.02157742829262931
0.0012054864264009343,weakly coupled deep reservoir,0.9566363873725253,-0.02148408449485879
0.0012307798025066657,weakly coupled deep reservoir,0.9564726297955407,-0.02139580910614428
0.001256603881290431,weakly coupled deep reservoir,0.95631429355669,-0.021312771749317824
0.0012829697978941476,weakly coupled deep reservoir,0.9561612347478838,-0.021235135634711907
0.001309888921095986,weakly coupled deep reservoir,0.9560133099646225,-0.021163057846258243
0.0013373728582124964,weakly coupled deep reservoir,0.9558703765713918,-0.021096689633716092
0.0013654334601035985,weakly coupled deep reservoir,0.9557322929441796,-0.02103617670940108
0.0013940828262825786,weakly coupled deep reservoir,0.9555989186909648,-0.020981659547921073
0.0014233333101333,weakly coupled deep reservoir,0.9554701148510981,-0.02093327368755855
0.0014531975242368955,weakly coupled deep reservoir,0.955345744074503,-0.02089115003206691
0.0014836883458102083,weakly coupled deep reservoir,0.9552256707816574,-0.0208554151517715
0.0015148189222583457,weakly coupled deep reservoir,0.9551097613053215,-0.020826191582984363
0.001546602676843745,weakly coupled deep reservoir,0.9549978840149838,-0.020803598124853304
0.0015790533144741758,weakly coupled deep reservoir,0.9548899094249875,-0.020787750132872325
0.0016121848276121858,weakly coupled deep reservoir,0.9547857102872944,-0.020778759808379885
0.0016460115023085497,weakly coupled deep reservoir,0.9546851616698209,-0.020776736483465192
0.0016805479243623004,weakly coupled deep reservoir,0.9545881410212698,-0.020781786900789342
0.0017158089856100047,weakly coupled deep reservoir,0.9544945282233439,-0.020794015487909434
0.001751809890347022,weakly coupled deep reservoir,0.9544042056312108,-0.020813524625767868
0.0017885661618834618,weakly coupled deep reservoir,0.9543170581030551,-0.02084041491107805
0.001826093649237728,weakly coupled deep reservoir,0.9542329730195156,-0.0208747854124002
0.001864408533970487,weakly coupled deep reservoir,0.9541518402937782,-0.020916733919758294
0.001903527337162025,weakly coupled deep reservoir,0.9540735523730652,-0.02096635718770098
0.0019434669265360202,weakly coupled deep reservoir,0.9539980042322015,-0.021023751171756005
0.001984244523732769,weakly coupled deep reservoir,0.9539250933599426,-0.02108901125826976
0.002025877711735017,weakly coupled deep reservoir,0.953854719738671,-0.02116223248766085
0.002068384442449619,weakly coupled deep reservoir,0.9537867858180583,-0.021243509771149992
0.0021117830444482445,weakly coupled deep reservoir,0.9537211964832553,-0.021332938101057578
0.0021560922308705294,weakly coupled deep reservoir,0.9536578590181127,-0.021430612754786024
0.0022013311074930322,weakly coupled deep reservoir,0.9535966830639375,-0.021536629492626132
0.0022475191809674874,weakly coupled deep reservoir,0.9535375805742201,-0.02165108474954574
0.002294676367231936,weakly coupled deep reservoir,0.9534804657657714,-0.021774075821135195
0.0023428230000983167,weakly coupled deep reservoir,0.9534252550666417,-0.02190570104389777
0.00239197984002024,weakly coupled deep reservoir,0.953371867061196,-0.022046059970084166
0.002442168083044748,weakly coupled deep reservoir,0.9533202224326696,-0.02219525353727948
0.0024934093699518806,weakly coupled deep reservoir,0.9532702439035109,-0.0223533842329579
0.002545725795586,weakly coupled deep reservoir,0.9532218561737896,-0.022520556254225714
0.002599139918382933,weakly coupled deep reservoir,0.9531749858579235,-0.022696875662977015
0.002653674770096987,weakly coupled deep reservoir,0.953129561419957,-0.022882450536688574
0.0027093538657320514,weakly coupled deep reservoir,0.9530855131075929,-0.023077391115081586
0.0027662012136811047,weakly coupled deep reservoir,0.9530427728851714,-0.023281809942877964
0.002824241326078436,weakly coupled deep reservoir,0.9530012743657568,-0.02349582200887756
0.0028834992293690774,weakly coupled deep reservoir,0.952960952742484,-0.023719544881581053
0.0029440004751000335,weakly coupled deep reservoir,0.9529217447192951,-0.02395309884158069
0.0030057711509378976,weakly coupled deep reservoir,0.9528835884411764,-0.024196607010937565
0.003068837891917642,weakly coupled deep reservoir,0.9528464234239946,-0.02445019547976056
0.0031332278919274583,weakly coupled deep reservoir,0.9528101904840212,-0.024713993430197884
0.0031989689154345376,weakly coupled deep reservoir,0.952774831667206,-0.024988133258047385
0.003266089309456888,weakly coupled deep reservoir,0.9527402901782617,-0.02527275069218701
0.003334618015786363,weakly coupled deep reservoir,0.9527065103096034,-0.025567984912021797
0.0034045845834681297,weakly coupled deep reservoir,0.9526734373701754,-0.025873978663138116
0.0034760191815419775,weakly coupled deep reservoir,0.9526410176141876,-0.02619087837135073
0.0035489526120509964,weakly coupled deep reservoir,0.9526091981697768,-0.026518834255322664
0.00362341632332315,weakly coupled deep reservoir,0.9525779269675921,-0.026858000437931864
0.0036994424235315794,weakly coupled deep reservoir,0.9525471526693032,-0.02720853505655368
0.0037770636945393685,weakly coupled deep reservoir,0.9525168245960172,-0.027570600372421674
0.003856313606034854,weakly coupled deep reservoir,0.9524868926565803,-0.027944362879224523
0.003937226329963483,weakly coupled deep reservoir,0.9524573072757403,-0.028329993411090545
0.004019836755262481,weakly coupled deep reservoir,0.952428019322132,-0.02872766725010597
0.004104180502904709,weakly coupled deep reservoir,0.9523989800360455,-0.029137564233508148
0.004190293941258144,weakly coupled deep reservoir,0.9523701409569292,-0.029559868860688576
0.004278214201767617,weakly coupled deep reservoir,0.952341453850577,-0.029994770400136123
0.004367979194965637,weakly coupled deep reservoir,0.9523128706359356,-0.03044246299644551
0.004459627626819096,weakly coupled deep reservoir,0.9522843433114788,-0.03090314577751053
0.004553199015418973,weakly coupled deep reservoir,0.9522558238810663,-0.031377022962017075
0.0046487337080202565,weakly coupled deep reservoir,0.9522272642792281,-0.03186430396734595
0.004746272898439346,weakly coupled deep reservoir,0.9521986162957868,-0.03236520351799054
0.004845858644816496,weakly coupled deep reservoir,0.9521698314997394,-0.03287994175458965
0.004947533887750988,weakly coupled deep reservoir,0.952140861162316,-0.03340874434367185
0.005051342468816766,weakly coupled deep reservoir,0.9521116561791162,-0.0339518425882021
0.005157329149466571,weakly coupled deep reservoir,0.9520821669912392,-0.034509473539017795
0.005265539630332755,weakly coupled deep reservoir,0.9520523435053029,-0.03508188010723693
0.005376020570933031,weakly coupled deep reservoir,0.9520221350122492,-0.03566931117771624
0.005488819609789672,weakly coupled deep reservoir,0.9519914901048365,-0.0362720217236333
0.005603985384970904,weakly coupled deep reservoir,0.9519603565936992,-0.03689027292226277
0.005721567555063252,weakly coupled deep reservoir,0.9519286814218718,-0.0375243322720116
0.0058416168205839124,weakly coupled deep reservoir,0.951896410577651,-0.03817447371077499
0.00596418494584246,weakly coupled deep reservoir,0.9518634890056793,-0.03884097773567034
0.006089324781261197,weakly coupled deep reservoir,0.9518298605161235,-0.03952413152420199
0.006217090286163827,weakly coupled deep reservoir,0.9517954676918193,-0.040224229056905536
0.006347536552042337,weakly coupled deep reservoir,0.9517602517932513,-0.0409415712415167
0.0064807198263119705,weakly coupled deep reservoir,0.9517241526612238,-0.04167646603870447
0.006616697536564722,weakly coupled deep reservoir,0.9516871086170924,-0.042429228589405336
0.0067555283153316464,weakly coupled deep reservoir,0.9516490563604016,-0.043200181343789085
0.006897272025364731,weakly coupled deep reservoir,0.9516099308637841,-0.043989654191884026
0.007041989785449296,weakly coupled deep reservoir,0.9515696652649681,-0.044797984595884
0.007189743996757885,weakly coupled deep reservoir,0.9515281907557295,-0.04562551772415393
0.007340598369757212,weakly coupled deep reservoir,0.9514854364676332,-0.04647260658694786
0.007494617951679602,weakly coupled deep reservoir,0.9514413293543924,-0.04733961217384595
0.007651869154570825,weakly coupled deep reservoir,0.9513957940706732,-0.048226903592913074
0.007812419783926502,weakly coupled deep reservoir,0.9513487528471731,-0.04913485821157641
0.007976339067929281,weakly coupled deep reservoir,0.9513001253617828,-0.05006386179921179
0.008143697687299471,weakly coupled deep reservoir,0.9512498286066576,-0.05101430867142475
0.008314567805772064,weakly coupled deep reservoir,0.9511977767509947,-0.05198660183600493
0.008489023101213154,weakly coupled deep reservoir,0.9511438809993266,-0.052981153140525386
0.008667138797389234,weakly coupled deep reservoir,0.9510880494451308,-0.05399838342155209
0.008848991696403146,weakly coupled deep reservoir,0.951030186919541,-0.0550387226554222
0.009034660211810534,weakly coupled deep reservoir,0.9509701948349575,-0.05610261011054015
0.009224224402431123,weakly coupled deep reservoir,0.950907971023331,-0.05719049450113383
0.009417766006869518,weakly coupled deep reservoir,0.9508434095689028,-0.0583028341424053
0.009615368478760229,weakly coupled deep reservoir,0.950776400635169,-0.05944009710699863
0.009817117022752193,weakly coupled deep reservoir,0.9507068302858384,-0.060602761382700925
0.01002309863124843,weakly coupled deep reservoir,0.9506345802995443,-0.06179131503128098
0.010233402121916422,weakly coupled deep reservoir,0.9505595279780625,-0.06300625634835873
0.010448118175985639,weakly coupled deep reservoir,0.9504815459477919,-0.06424809402418875
0.010667339377348576,weakly coupled deep reservoir,0.9504005019542384,-0.06551734730522812
0.01089116025248219,weakly coupled deep reservoir,0.9503162586492432,-0.06681454615634576
0.011119677311206989,weakly coupled deep reservoir,0.9502286733706923,-0.06814023142351838
0.01135298908830134,weakly coupled deep reservoir,0.9501375979144344,-0.06949495499684247
0.011591196185988858,weakly coupled deep reservoir,0.95004287829814,-0.07087927997367638
0.011834401317317328,weakly coupled deep reservoir,0.9499443545168151,-0.07229378082171284
0.012082709350447765,weakly coupled deep reservoir,0.9498418602896908,-0.07373904354176192
0.012336227353872768,weakly coupled deep reservoir,0.9497352227982087,-0.07521566583000919
0.012595064642583583,weakly coupled deep reservoir,0.9496242624148055,-0.0767242572394929
0.012859332825205903,weakly coupled deep reservoir,0.9495087924222096,-0.07826543934052563
0.013129145852124654,weakly coupled deep reservoir,0.9493886187229563,-0.07983984587976269
0.013404620064618471,weakly coupled deep reservoir,0.9492635395388276,-0.08144812293759825
0.013685874245025192,weakly coupled deep reservoir,0.9491333450999228,-0.08309092908354578
0.013973029667959849,weakly coupled deep reservoir,0.948997817323062,-0.08476893552923474
0.014266210152607376,weakly coupled deep reservoir,0.9488567294792343,-0.08648282627862802
0.01456554211611244,weakly coupled deep reservoir,0.948709845849794,-0.08823329827503726
0.014871154628089538,weakly coupled deep reservoir,0.9485569213711236,-0.09002106154448317
0.015183179466276845,weakly coupled deep reservoir,0.9483977012674774,-0.0918468393349171
0.015501751173357704,weakly coupled deep reservoir,0.9482319206717295,-0.09371136825078671
0.015827007114974406,weakly coupled deep reservoir,0.9480593042337602,-0.0956153983823943
0.016159087538959182,weakly coupled deep reservoir,0.9478795657162186,-0.09755969342945961
0.016498135635808004,weakly coupled deep reservoir,0.9476924075774193,-0.09954503081826123
0.01684429760042316,weakly coupled deep reservoir,0.947497520541134,-0.10157220181168858
0.017197722695151393,weakly coupled deep reservoir,0.9472945831530643,-0.10364201161149707
0.01755856331414469,weakly coupled deep reservoir,0.9470832613237975,-0.10575527945201178
0.017926975049071384,weakly coupled deep reservoir,0.9468632078580641,-0.1079128386844795
0.01830311675620613,weakly coupled deep reservoir,0.9466340619701477,-0.11011553685122141
0.01868715062492747,weakly coupled deep reservoir,0.9463954487853197,-0.11236423574868519
0.019079242247652662,weakly coupled deep reservoir,0.9461469788272056,-0.11465981147844442
0.019479560691239784,weakly coupled deep reservoir,0.9458882474910225,-0.11700315448513547
0.019888278569888097,weakly coupled deep reservoir,0.94561883450267,-0.11939516958026598
0.02030557211956795,weakly coupled deep reservoir,0.9453383033636936,-0.12183677595076668
0.02073162127401231,weakly coupled deep reservoir,0.9450462007822003,-0.12432890715109653
0.021166609742302837,weakly coupled deep reservoir,0.944742056089845,-0.12687251107764563
0.021610725088083777,weakly coupled deep reservoir,0.9444253806450772,-0.1294685499241129
0.02206415881043799,weakly coupled deep reservoir,0.9440956672228996,-0.1321180001164641
0.022527106426459817,weakly coupled deep reservoir,0.9437523893914577,-0.1348218522260053
0.022999767555560536,weakly coupled deep reservoir,0.9433950008758655,-0.13758111085902983
0.023482346005542765,weakly coupled deep reservoir,0.9430229349097531,-0.14039679452142323
0.023975049860480702,weakly coupled deep reservoir,0.9426356035751174,-0.1432699354565254
0.024478091570444414,weakly coupled deep reservoir,0.9422323971311587,-0.14620157945447704
0.024991688043106686,weakly coupled deep reservoir,0.9418126833329004,-0.14919278563118607
0.02551606073727185,weakly coupled deep reservoir,0.9413758067405025,-0.15224462617496967
0.02605143575836714,weakly coupled deep reservoir,0.9409210880203133,-0.15535818605884272
0.026598043955937584,weakly coupled deep reservoir,0.9404478232388483,-0.15853456271633332
0.027156121023186566,weakly coupled deep reservoir,0.9399552831510242,-0.16177486567862087
0.02772590759860484,weakly coupled deep reservoir,0.9394427124841528,-0.1650802161707042
0.028307649369732003,weakly coupled deep reservoir,0.9389093292193603,-0.168451746664218
0.0289015971790951,weakly coupled deep reservoir,0.9383543238722951,-0.1718906003844312
0.02950800713236989,weakly coupled deep reservoir,0.9377768587751739,-0.17539793076887192
0.03012714070881166,weakly coupled deep reservoir,0.9371760673624436,-0.17897490087494183
0.030759264874003035,weakly coupled deep reservoir,0.9365510534625423,-0.18262268273380042
0.03140465219496752,weakly coupled deep reservoir,0.9359008905985006,-0.18634245664772078
0.032063580957698186,weakly coupled deep reservoir,0.9352246213003648,-0.19013541042804438
0.03273633528715246,weakly coupled deep reservoir,0.9345212564326955,-0.1940027385707938
0.03342320526976466,weakly coupled deep reservoir,0.9337897745406736,-0.1979456413669404
0.034124487078528914,weakly coupled deep reservoir,0.933029121218645,-0.20196532394426545
0.0348404831007067,weakly coupled deep reservoir,0.9322382085052394,-0.20606299523771002
0.03557150206821386,weakly coupled deep reservoir,0.931415914309522,-0.21023986688506993
0.03631785919074348,weakly coupled deep reservoir,0.9305610818729748,-0.21449715204486888
0.037079876291681725,weakly coupled deep reservoir,0.9296725192724463,-0.21883606413322726
0.03785788194687566,weakly coupled deep reservoir,0.9287489989695723,-0.223257815476552
0.03865221162631264,weakly coupled deep reservoir,0.92778925741253,-0.2277636158768903
0.039463207838772246,weakly coupled deep reservoir,0.9267919946963785,-0.23235467108682537
0.0402912202795135,weakly coupled deep reservoir,0.9257558742886014,-0.2370321811908588
0.04113660598106068,weakly coupled deep reservoir,0.9246795228268774,-0.2417973388903005
0.04199972946715306,weakly coupled deep reservoir,0.9235615299964702,-0.24665132768879794
0.042880962909924596,weakly coupled deep reservoir,0.9224004484950421,-0.2515953199757714
0.04378068629038169,weakly coupled deep reservoir,0.9211947940930569,-0.25663047500518876
0.044699287562248134,weakly coupled deep reservoir,0.9199430457983273,-0.2617579367673129
0.04563716281924761,weakly coupled deep reservoir,0.9186436461336208,-0.2669788317512872
0.046594716465896295,weakly coupled deep reservoir,0.9172950015365847,-0.27229426659670053
0.0475723613918789,weakly coupled deep reservoir,0.9158954828915705,-0.27770532563258704
0.048570519150083584,weakly coupled deep reservoir,0.9144434262032409,-0.2832130683026713
0.04958962013837217,weakly coupled deep reservoir,0.9129371334220941,-0.2888185264760771
0.05063010378516437,weakly coupled deep reservoir,0.9113748734322648,-0.2945227016431683
0.05169241873891601,weakly coupled deep reservoir,0.9097548832121253,-0.3003265619966983
0.05277702306157263,weakly coupled deep reservoir,0.9080753691783277,-0.3062310393989961
0.05388438442608224,weakly coupled deep reservoir,0.9063345087239699,-0.31223702623653876
0.055014980318052395,weakly coupled deep reservoir,0.9045304519615381,-0.31834537216392444
0.0561692982416381,weakly coupled deep reservoir,0.9026613236811702,-0.3245568807399884
0.0573478359297499,weakly coupled deep reservoir,0.900725225534572,-0.330872305959599
0.05855110155867241,weakly coupled deep reservoir,0.8987202384546074,-0.33729234868550967
0.05977961396718608,weakly coupled deep reservoir,0.8966444253201601,-0.3438176529855581
0.06103390288028624,weakly coupled deep reservoir,0.894495833875308,-0.3504488023814574
0.062314509137596556,weakly coupled deep reservoir,0.8922724999111694,-0.3571863160164608
0.06362198492657489,weakly coupled deep reservoir,0.8899724507179478,-0.36403064475023905
0.06495689402061207,weakly coupled deep reservoir,0.8875937088137191,-0.3709821671904479
0.06631981202212675,weakly coupled deep reservoir,0.8851342959553505,-0.37804118567162603
0.0677113266107606,weakly coupled deep reservoir,0.8825922374356325,-0.3852079221932758
0.06913203779678131,weakly coupled deep reservoir,0.8799655666692042,-0.3924825143302198
0.07058255817980222,weakly coupled deep reservoir,0.8772523300681769,-0.3998650111295946
0.07206351321293053,weakly coupled deep reservoir,0.8744505922065011,-0.4073553690101219
0.07357554147245796,weakly coupled deep reservoir,0.8715584412700748,-0.4149534476805824
0.07511929493320968,weakly coupled deep reservoir,0.8685739947873632,-0.4226590060956914
0.07669543924967091,weakly coupled deep reservoir,0.8654954056328851,-0.4304716984688305
0.07830465404301187,weakly coupled deep reservoir,0.8623208682933465,-0.43839107036230285
0.07994763319413531,weakly coupled deep reservoir,0.8590486253834442,-0.4464165548769419
0.08162508514287233,weakly coupled deep reservoir,0.8556769743954958,-0.4545474689639887
0.08333773319345623,weakly coupled deep reservoir,0.852204274664005,-0.46278300988315824
0.08508631582640581,weakly coupled deep reservoir,0.8486289545231644,-0.4711222518317008
0.08687158701695218,weakly coupled deep reservoir,0.8449495186320962,-0.47956414277002035
0.08869431656014713,weakly coupled deep reservoir,0.8411645554393555,-0.48810750147003035
0.09055529040279275,weakly coupled deep reservoir,0.8372727447549836,-0.4967510148128535
0.09245531098233575,weakly coupled deep reservoir,0.8332728653951366,-0.5054932353627285
0.0943951975728719,weakly coupled deep reservoir,0.8291638028611515,-0.51433257924401
0.09637578663841088,weakly coupled deep reservoir,0.8249445570118578,-0.5232673243479634
0.09839793219355317,weakly coupled deep reservoir,0.820614249685043,-0.5322956088956017
0.10046250617173413,weakly coupled deep reservoir,0.8161721322213185,-0.5414154303821043
0.10257039880119521,weakly coupled deep reservoir,0.8116175928412142,-0.5506246449273788
0.10472251898884355,weakly coupled deep reservoir,0.8069501638242678,-0.559920967056044
0.10691979471216498,weakly coupled deep reservoir,0.8021695284371587,-0.5693019699285413
0.10916317341936148,weakly coupled deep reservoir,0.7972755275566792,-0.5787650860432298
0.11145362243788304,weakly coupled deep reservoir,0.792268165932549,-0.588307608427128
0.11379212939153151,weakly coupled deep reservoir,0.787147618034819,-0.5979266923305245
0.11617970262631687,weakly coupled deep reservoir,0.781914233430922,-0.6076193574379298
0.11861737164524792,weakly coupled deep reservoir,0.7765685416383605,-0.61738249060482
0.12110618755224559,weakly coupled deep reservoir,0.7711112564005619,-0.6272128491263651
0.12364722350537151,weakly coupled deep reservoir,0.7655432793356437,-0.6371070645408539
0.126241575179565,weakly coupled deep reservoir,0.7598657029107101,-0.6470616469668193
0.12889036123908928,weakly coupled deep reservoir,0.7540798126978226,-0.6570729899690477
0.13159472381989168,weakly coupled deep reservoir,0.7481870888719746,-0.6671373759446806
0.13435582902208262,weakly coupled deep reservoir,0.7421892069162116,-0.6772509820165568
0.13717486741275006,weakly coupled deep reservoir,0.7360880375044252,-0.6874098864168973
0.14005305453932212,weakly coupled deep reservoir,0.7298856455382985,-0.6976100753403396
0.14299163145370145,weakly coupled deep reservoir,0.7235842883212847,-0.7078474502413625
0.14599186524739785,weakly coupled deep reservoir,0.7171864128593364,-0.7181178355472614
0.14905504959788807,weakly coupled deep reservoir,0.7106946522852524,-0.7284169867541286
0.1521825053264387,weakly coupled deep reservoir,0.7041118214109064,-0.7387405988698316
0.15537558096763526,weakly coupled deep reservoir,0.6974409114191424,-0.7490843151647774
0.15863565335085913,weakly coupled deep reservoir,0.6906850837147092,-0.7594437361883657
0.16196412819396533,weakly coupled deep reservoir,0.6838476629610962,-0.7698144290065204
0.16536244070941805,weakly coupled deep reservoir,0.6769321293374625,-0.7801919366135868
0.16883205622314257,weakly coupled deep reservoir,0.6699421100569021,-0.7905717874701733
0.17237447080636198,weakly coupled deep reservoir,0.662881370193942,-0.8009495051173205
0.1759912119206926,weakly coupled deep reservoir,0.6557538028753471,-0.8113206178166285
0.1796838390767721,weakly coupled deep reservoir,0.6485634188939173,-0.8216806681657058
0.18345394450670977,weakly coupled deep reservoir,0.6413143358099018,-0.8320252226385764
0.18730315385064386,weakly coupled deep reservoir,0.6340107666088908,-0.8423498810013726
0.19123312685770458,weakly coupled deep reservoir,0.6266570079884919,-0.8526502855548869
0.1952455581016861,weakly coupled deep reservoir,0.6192574283487127,-0.8629221301572056
0.19934217771173296,weakly coupled deep reservoir,0.6118164555627574,-0.8731611689817569
0.20352475211835777,weakly coupled deep reservoir,0.6043385646058487,-0.8833632249686113
0.2077950848151135,weakly coupled deep reservoir,0.5968282651197186,-0.8935241979297547
0.21215501713624524,weakly coupled deep reservoir,0.5892900889896373,-0.9036400722722238
0.21660642905065858,weakly coupled deep reservoir,0.581728578009205,-0.913706924306484
0.22115123997254887,weakly coupled deep reservoir,0.5741482717057526,-0.9237209291111177
0.22579140958903707,weakly coupled deep reservoir,0.5665536953960938,-0.9336783669287453
0.23052893870517083,weakly coupled deep reservoir,0.5589493485385981,-0.9435756290721103
0.23536587010665758,weakly coupled deep reservoir,0.5513396934432174,-0.9534092233233098
0.24030428944069696,weakly coupled deep reservoir,0.5437291443962654,-0.9631757788132237
0.2453463261152951,weakly coupled deep reservoir,0.5361220572514853,-0.9728720503722543
0.2504941542174505,weakly coupled deep reservoir,0.5285227195333626,-0.9824949223474536
0.2557499934506013,weakly coupled deep reservoir,0.5209353410928306,-0.9920414118849524
0.26111611009174596,weakly coupled deep reservoir,0.5133640453495266,-1.0015086716803197
0.2665948179686437,weakly coupled deep reservoir,0.5058128611487458,-1.0108939922029432
0.27218847945751795,weakly coupled deep reservoir,0.49828571525520576,-1.020194803403821
0.2778995065016964,weakly coupled deep reservoir,0.4907864254998074,-1.02940867591916
0.2837303616516214,weakly coupled deep reservoir,0.4833186945898268,-1.038533321784925
0.2896835591266816,weakly coupled deep reservoir,0.47588610458741704,-1.0475665946799644
0.29576166589932534,weakly coupled deep reservoir,0.4684921120560361,-1.056506489717503
0.30196730280191897,weakly coupled deep reservoir,0.46114004386949314,-1.06535114280667
0.3083031456568277,weakly coupled deep reservoir,0.45383309367371266,-1.0740988296073044
0.3147719264302118,weakly coupled deep reservoir,0.44657431898713396,-1.0827479641025763
0.3213764344100279,weakly coupled deep reservoir,0.439366638921908,-1.0912970968149318
0.32811951740874745,weakly coupled deep reservoir,0.4322128325046863,-1.0997449126916043
0.3350040829913136,weakly coupled deep reservoir,0.42511553757290055,-1.1080902286863832
0.3420330997288578,weakly coupled deep reservoir,0.4180772502199533,-1.1163319910645215
0.3492095984787271,weakly coupled deep reservoir,0.411100324760669,-1.1244692724576535
0.35653667369136516,weakly coupled deep reservoir,0.4041869741867388,-1.1325012686953357
0.36401748474461415,weakly coupled deep reservoir,0.39733927108062883,-1.1404272954394021
0.371655257306016,weakly coupled deep reservoir,0.39055914895555865,-1.14824678464672
0.3794532847236942,weakly coupled deep reservoir,0.3838484039886474,-1.155959280885168
0.3874149294464188,weakly coupled deep reservoir,0.3772086971141248,-1.1635644375267806
0.39554362447347013,weakly coupled deep reservoir,0.3706415564436145,-1.1710620128410052
0.4038428748349207,weakly coupled deep reservoir,0.3641483799808775,-1.1784518660099244
0.41231625910297526,weakly coupled deep reservoir,0.35773043859901393,-1.1857339530861448
0.420967430935026,weakly coupled deep reservoir,0.3513888792489443,-1.1929083229128408
0.42980012064907985,weakly coupled deep reservoir,0.3451247283690068,-1.1999751130241738
0.4388181368322415,weakly coupled deep reservoir,0.3389388954666569,-1.206934545543057
0.4480253679829494,weakly coupled deep reservoir,0.3328321768445379,-1.213786923091932
0.4574257841876624,weakly coupled deep reservoir,0.32680525944459,-1.2205326247309507
0.4670234388327335,weakly coupled deep reservoir,0.320858724785303,-1.2271721019366897
0.4768224703521972,weakly coupled deep reservoir,0.3149930529687564,-1.2337058746332783
0.4868271040122284,weakly coupled deep reservoir,0.3092086267356214,-1.2401345272866138
0.4970416537330474,weakly coupled deep reservoir,0.3035057355478686,-1.2464587050711669
0.5074705239490471,weakly coupled deep reservoir,0.2978845796804966,-1.2526791101177492
0.5181182115079497,weakly coupled deep reservoir,0.2923452743051333,-1.2587964978495425
0.5289893076098151,weakly coupled deep reservoir,0.2868878535498875,-1.264811673412673
0.5400884997867293,weakly coupled deep reservoir,0.2815122745213181,-1.2707254882066321
0.5514205739240302,weakly coupled deep reservoir,0.276218421275812,-1.2765388365189503
0.5629904163239473,weakly coupled deep reservoir,0.271006108729048,-1.2822526522676818
0.5748030158125357,weakly coupled deep reservoir,0.2658750864935495,-1.287867905854457
0.5868634658908172,weakly coupled deep reservoir,0.2608250426355768,-1.293385601130141
0.5991769669310619,weakly coupled deep reservoir,0.25585560734379487,-1.2988067724744585
0.6117488284191466,weakly coupled deep reservoir,0.25096635650328175,-1.3041324819903344
0.6245844712439618,weakly coupled deep reservoir,0.24615681516947246,-1.309363816813134
0.6376894300348612,weakly coupled deep reservoir,0.24142646093761064,-1.3145018865344926
0.6510693555481462,weakly coupled deep reservoir,0.23677472720418943,-1.3195478207399503
0.6647300171036314,weakly coupled deep reservoir,0.23220100631767593,-1.3245027666592288
0.6786773050723303,weakly coupled deep reservoir,0.22770465261659212,-1.3293678869276035
0.6929172334163334,weakly coupled deep reservoir,0.2232849853537086,-1.3341443574565202
0.7074559422819878,weakly coupled deep reservoir,0.21894129150573802,-1.3388333654113378
0.7222997006474774,weakly coupled deep reservoir,0.21467282846848904,-1.3434361072938261
0.7374549090259553,weakly coupled deep reservoir,0.21047882663794473,-1.3479537871268614
0.7529281022254006,weakly coupled deep reservoir,0.2063584918781823,-1.352387614738594
0.7687259521663736,weakly coupled deep reservoir,0.20231100787746,-1.356738804143216
0.784855270758894,weakly coupled deep reservoir,0.1983355383941383,-1.3610085720153609
0.8013230128396887,weakly coupled deep reservoir,0.19443122939441396,-1.3651981362550758
0.8181362791710601,weakly coupled deep reservoir,0.1905972110841089,-1.36930871464025
0.8353023195026779,weakly coupled deep reservoir,0.18683259983697817,-1.3733415235633426
0.8528285356976201,weakly coupled deep reservoir,0.18313650002218423,-1.377297776849236
0.8707224849239922,weakly coupled deep reservoir,0.17950800573374825,-1.3811786846510326
0.8889918829135252,weakly coupled deep reservoir,0.17594620242489978,-1.384985452420628
0.9076446072885366,weakly coupled deep reservoir,0.17245016845035302,-1.388719279950919
0.9266887009586973,weakly coupled deep reservoir,0.16901897651960052,-1.3923813604865365
0.9461323755890769,weakly coupled deep reservoir,0.1656516950643637,-1.3959728799000477
0.9659840151409473,weakly coupled deep reservoir,0.16234738952337158,-1.3994950159306176
0.9862521794868784,weakly coupled deep reservoir,0.15910512354764303,-1.402948937482191
1.0069456081016948,weakly coupled deep reservoir,0.15592396012944135,-1.4063358039783225
1.0280732238308659,weakly coupled deep reservoir,0.15280296265805393,-1.409656764770849
1.0496441367379648,weakly coupled deep reservoir,0.14974119590551074,-1.4129129585996925
1.0716676480328633,weakly coupled deep reservoir,0.1467377269453125,-1.4161055131011473
1.0941532540823375,weakly coupled deep reservoir,0.14379162600719025,-1.4192355443620972
1.1171106505048243,weakly coupled deep reservoir,0.1409019672708506,-1.422304156517696
1.1405497363511041,weakly coupled deep reservoir,0.13806782960159664,-1.4253124413901261
1.1644806183726866,weakly coupled deep reservoir,0.1352882972306427,-1.428261478166143
1.18891361537977,weakly coupled deep reservoir,0.13256246038285793,-1.4311523331111966
1.213859262690629,weakly coupled deep reservoir,0.12988941585459857,-1.433986059318012
1.2393283166743583,weakly coupled deep reservoir,0.1272682675442013,-1.4367636964875965
1.2653317593889428,weakly coupled deep reservoir,0.12469812693762343,-1.4394862707407265
1.291880803316632,weakly coupled deep reservoir,0.12217811355163224,-1.4421547944580522
1.3189868961986706,weakly coupled deep reservoir,0.11970735533685475,-1.4447702661470383
1.3466617259714837,weakly coupled deep reservoir,0.1172849890429111,-1.4473336703340485
1.3749172258064204,weakly coupled deep reservoir,0.11491016054777008,-1.4498459774799464
1.4037655792552404,weakly coupled deep reservoir,0.11258202515337527,-1.4523081439176766
1.4332192255035738,weakly coupled deep reservoir,0.11029974784950483,-1.454721111810357
1.4632908647345995,weakly coupled deep reservoir,0.10806250354774519,-1.4570858091284855
1.4939934636052576,weakly coupled deep reservoir,0.1058694772873739,-1.4594031496449384
1.5253402608373838,weakly coupled deep reservoir,0.1037198644148654,-1.4616740329465037
1.5573447729261352,weakly coupled deep reservoir,0.1016128707386569,-1.4638993444607549
1.5900207999681955,weakly coupled deep reservoir,0.09954771266073095,-1.4660799554971398
1.6233824316122798,weakly coupled deep reservoir,0.09752361728649786,-1.468216723301214
1.6574440531344683,weakly coupled deep reservoir,0.09553982251439015,-1.4703104911210085
1.6922203516410372,weakly coupled deep reservoir,0.09359557710650668,-1.472362088284578
1.72772632240142,weakly coupled deep reservoir,0.09169014074158054,-1.4743723302878293
1.7639772753140452,weakly coupled deep reservoir,0.08982278405147774,-1.4763420188917757
1.8009888415078565,weakly coupled deep reservoir,0.08799278864236829,-1.47827194222842
1.8387769800823288,weakly coupled deep reservoir,0.08619944710165552,-1.4801628749145104
1.8773579849889013,weakly coupled deep reservoir,0.08444206299168773,-1.4820155781724533
1.916748492056815,weakly coupled deep reservoir,0.08271995083122026,-1.4838307999577254
1.9569654861663466,weakly coupled deep reservoir,0.08103243606554608,-1.4856092750921437
1.9980263085725507,weakly coupled deep reservoir,0.07937885502615866,-1.4873517254024144
2.0399486643826865,weakly coupled deep reservoir,0.07775855488076254,-1.4890588598634014
2.0827506301905165,weakly coupled deep reservoir,0.07617089357440243,-1.4907313747455972
2.1264506618707855,weakly coupled deep reservoir,0.07461523976243531,-1.4923699537663098
2.171067602537267,weakly coupled deep reservoir,0.07309097273602741,-1.49397526824411
2.2166206906677486,weakly coupled deep reservoir,0.07159748234082018,-1.4955479772561153
2.26312956839953,weakly coupled deep reservoir,0.07013416888936719,-1.4970887277977092
2.310614289998952,weakly coupled deep reservoir,0.06870044306791143,-1.4985981549443304
2.3590953305086364,weakly coupled deep reservoir,0.0672957258380349,-1.5000768820149775
2.4085935945761747,weakly coupled deep reservoir,0.06591944833368059,-1.5015255207371152
2.4591304254680466,weakly coupled deep reservoir,0.06457105175401587,-1.5029446714126757
2.5107276142726596,weakly coupled deep reservoir,0.06324998725257751,-1.5043349230848775
2.563407409296515,weakly coupled deep reservoir,0.061955715823107625,-1.505696853705603
2.617192525657494,weakly coupled deep reservoir,0.06068770818246772,-1.507031030303095
2.6721061550794354,weakly coupled deep reservoir,0.0594454446509893,-1.5083380091497454
2.728171975892238,weakly coupled deep reservoir,0.058228415030596836,-1.5096183359297752
2.785414163241769,weakly coupled deep reservoir,0.057036118481017965,-1.5108725459066092
2.843857399513987,weakly coupled deep reservoir,0.055868063394372634,-1.512101164089775
2.903526884977814,weakly coupled deep reservoir,0.05472376726841325,-1.5133047054011595
2.9644483486512847,weakly coupled deep reservoir,0.053602756578670724,-1.5144836748404777
3.026648059395692,weakly coupled deep reservoir,0.05250456664974135,-1.5156385676498152
3.0901528372425364,weakly coupled deep reservoir,0.051428741525933595,-1.5167698694771177
3.1549900649580884,weakly coupled deep reservoir,0.05037483384147922,-1.5178780565385166
3.2211876998506495,weakly coupled deep reservoir,0.049342404690495376,-1.5189635957793832
3.2887742858255136,weakly coupled deep reservoir,0.048331023496874015,-1.5200269450340183
3.357778965692869,weakly coupled deep reservoir,0.047340267884258866,-1.5210685531838894
3.428231493733971,weakly coupled deep reservoir,0.04636972354625876,-1.5220888603143419
3.500162248530945,weakly coupled deep reservoir,0.04541898411703539,-1.5230882978697078
3.5736022460657884,weakly coupled deep reservoir,0.0444876510423913,-1.524067288806757
3.648583153094236,weakly coupled deep reservoir,0.043575333451474206,-1.5250262477464287
3.7251373008002133,weakly coupled deep reservoir,0.04268164802920428,-1.5259655811237973
3.803297698736778,weakly coupled deep reservoir,0.04180621888952223,-1.5268856873362293
3.883098049059605,weakly coupled deep reservoir,0.040948677449546014,-1.52778695688969
3.9645727610590833,weakly coupled deep reservoir,0.040108662304718566,-1.5286697725431724
4.047756965997322,weakly coupled deep reservoir,0.03928581910501945,-1.5295345094512143
4.132686532256506,weakly coupled deep reservoir,0.03847980043230683,-1.5303815353044858
4.219398080805028,weakly coupled deep reservoir,0.0376902656788509,-1.5312112104684235
4.307929000988199,weakly coupled deep reservoir,0.03691688092711161,-1.5320238881198975
4.398317466650228,weakly coupled deep reservoir,0.03615931883081022,-1.5328199143819008
4.490602452594472,weakly coupled deep reservoir,0.035417258497337054,-1.5335996284562492
4.584823751389096,weakly coupled deep reservoir,0.03469038537153369,-1.5343633627542888
4.681021990525308,weakly coupled deep reservoir,0.0339783911208834,-1.5351114430256079
4.7792386499356,weakly coupled deep reservoir,0.033280973522138955,-1.5358441884847516
4.8795160798796005,weakly coupled deep reservoir,0.03259783634941247,-1.5365619119359446
4.981897519205165,weakly coupled deep reservoir,0.03192868926374967,-1.5372649198958226
5.086427113992615,weakly coupled deep reservoir,0.03127324770420591,-1.5379535127141835
5.1931499365902125,weakly coupled deep reservoir,0.03063123278043891,-1.5386279846927626
5.302112005048994,weakly coupled deep reservoir,0.030002371166829984,-1.5392886242020467
5.413360302965381,weakly coupled deep reservoir,0.029386394998143037,-1.539935713796133
5.526942799740173,weakly coupled deep reservoir,0.028783041766727153,-1.540569530325653
5.642908471262542,weakly coupled deep reservoir,0.028192054221267665,-1.5411903450487703
5.7613073210280925,weakly coupled deep reservoir,0.027613180267086687,-1.5417984237402702
5.882190401699962,weakly coupled deep reservoir,0.027046172867993712,-1.5423940267987601
6.005609837122315,weakly coupled deep reservoir,0.026490789949683832,-1.5429774093519946
6.131618844795775,weakly coupled deep reservoir,0.025946794304679725,-1.5435488213603463
6.260271758824381,weakly coupled deep reservoir,0.02541395349881235,-1.544108507718443
6.391624053344006,weakly coupled deep reservoir,0.024892039779233557,-1.544656708354989
6.5257323664424165,weakly coupled deep reservoir,0.024380829983951916,-1.5451936583307913
6.662654524581156,weakly coupled deep reservoir,0.023880105452883188,-1.5457195879350167
6.802449567529842,weakly coupled deep reservoir,0.023389651940404467,-1.546234722779696
6.945177773823696,weakly coupled deep reservoir,0.02290925952940052,-1.5467392838924987
7.090900686755163,weakly coupled deep reservoir,0.0224387225467901,-1.5472334878078058
7.239681140910877,weakly coupled deep reservoir,0.02197783948051899,-1.5477175466560973
7.391583289265484,weakly coupled deep reservoir,0.021526412898005474,-1.5481916682516808
7.5466726308438945,weakly coupled deep reservoir,0.02108424936602398,-1.548656056178785
7.705016038963921,weakly coupled deep reservoir,0.020651159372011445,-1.5491109098760405
7.86668179007159,weakly coupled deep reservoir,0.02022695724678034,-1.5495564247193718
8.031739593181355,weakly coupled deep reservoir,0.01981146108862263,-1.549992792103324
8.20026061993413,weakly coupled deep reservoir,0.0194044926887873,-1.5504201995208502
8.372317535285934,weakly coupled deep reservoir,0.01900587745831493,-1.5508388306415795
8.547984528840415,weakly coupled deep reservoir,0.018615444356211663,-1.5512488653885936
8.727337346838892,weakly coupled deep reservoir,0.018233025818944763,-1.5516504800137327
8.910453324821521,weakly coupled deep reservoir,0.01785845769124222,-1.5520438471714557
9.097411420973744,weakly coupled deep reservoir,0.017491579158178172,-1.5524291359912785
9.2882922501725,weakly coupled deep reservoir,0.01713223267852564,-1.5528065121488122
9.483178118746707,weakly coupled deep reservoir,0.016780263919358777,-1.5531761379354285
9.682153059967085,weakly coupled deep reservoir,0.01643552169188575,-1.5535381723265693
9.885302870280706,weakly coupled deep reservoir,0.01609785788849387,-1.5538927710487305
10.092715146305718,weakly coupled deep reservoir,0.01576712742098862,-1.5542400866451358
10.304479322602315,weakly coupled deep reservoir,0.015443188160007967,-1.5545802685401302
10.520686710236228,weakly coupled deep reservoir,0.015125900875593318,-1.5549134631023094
10.741430536151421,weakly coupled deep reservoir,0.014815129178898783,-1.555239813706412
10.966805983368697,weakly coupled deep reservoir,0.014510739465020595,-1.5555594607939924
11.196910232027939,weakly coupled deep reservoir,0.014212600856927844,-1.5558725419328998
11.431842501291502,weakly coupled deep reservoir,0.013920585150476615,-1.5561791918755827
11.671704092126607,weakly coupled deep reservoir,0.013634566760489599,-1.5564795426162406
11.916598430985587,weakly coupled deep reservoir,0.013354422667882778,-1.5567737234468424
12.166631114402664,weakly coupled deep reservoir,0.013080032367821405,-1.5570618610120377
12.421909954526187,weakly coupled deep reservoir,0.01281127781888803,-1.5573440793629714
12.682545025606474,weakly coupled deep reservoir,0.01254804339324435,-1.557620500010033
12.948648711459048,weakly coupled deep reservoir,0.012290215827769848,-1.557891241974552
13.220335753923516,weakly coupled deep reservoir,0.012037684176160187,-1.5581564218394641
13.497723302339418,weakly coupled deep reservoir,0.011790339761967892,-1.5584161537989636
13.780930964060213,weakly coupled deep reservoir,0.01154807613256867,-1.5586705497071642
14.070080856026864,weakly coupled deep reservoir,0.011310789014036994,-1.5589197191257862
14.365297657423797,weakly coupled deep reservoir,0.011078376266913997,-1.5591637693708864
14.666708663439685,weakly coupled deep reservoir,0.010850737842851739,-1.5594028055586524
14.974443840155967,weakly coupled deep reservoir,0.01062777574211788,-1.559636930650276
15.288635880587295,weakly coupled deep reservoir,0.010409393971944686,-1.559866245495925
15.609420261897833,weakly coupled deep reservoir,0.010195498505706788,-1.5600908488778302
15.93693530381776,weakly coupled deep reservoir,0.009985997242912648,-1.5603108375525063
16.271322228285797,weakly coupled deep reservoir,0.009780799969994003,-1.560526306292119
16.61272522034293,weakly coupled deep reservoir,0.009579818321878798,-1.56073734792502
16.961291490304024,weakly coupled deep reservoir,0.009382965744332509,-1.5609440533754633
17.317171337233564,weakly coupled deep reservoir,0.0091901574570537,-1.5611465117025187
17.68051821375353,weakly coupled deep reservoir,0.009001310417509184,-1.5613448101381995
18.0514887922111,weakly coupled deep reservoir,0.008816343285494814,-1.561539034124818
18.43024303223432,weakly coupled deep reservoir,0.008635176388408284,-1.5617292673515857
18.816944249705557,weakly coupled deep reservoir,0.008457731687219899,-1.5619155917904715
19.211759187182164,weakly coupled deep reservoir,0.00828393274312815,-1.5620980877313337
19.614858085794335,weakly coupled deep reservoir,0.008113704684886994,-1.5622768338163395
20.026414758651875,weakly coupled deep reservoir,0.007946974176791594,-1.5624519070736858
20.446606665791176,weakly coupled deep reservoir,0.007783669387309855,-1.5626233829506357
20.87561499069438,weakly coupled deep reservoir,0.007623719958347452,-1.5627913353458849
21.313624718414378,weakly coupled deep reservoir,0.0074670569751336315,-1.562955836641268
21.76082471533908,weakly coupled deep reservoir,0.0073136129367158765,-1.5631169577328234
22.21740781062887,weakly coupled deep reservoir,0.007163321727051645,-1.563274768061224
22.683570879363163,weakly coupled deep reservoir,0.007016118586685211,-1.5634293356415894
23.159514927431545,weakly coupled deep reservoir,0.006871940084998245,-1.5635807270926918
23.645445178205684,weakly coupled deep reservoir,0.006730724093022989,-1.563729007665567
24.14157116103018,weakly coupled deep reservoir,0.006592409756806663,-1.5638742412715412
24.64810680157013,weakly coupled deep reservoir,0.0064569374713163525,-1.5640164905096887
25.16527051405394,weakly coupled deep reservoir,0.006324248854873822,-1.564155816693729
25.693285295451968,weakly coupled deep reservoir,0.006194286724109478,-1.5642922798783752
26.232378821631237,weakly coupled deep reservoir,0.0060669950694253495,-1.5644259388851445
26.782783545527202,weakly coupled deep reservoir,0.005942319030957024,-1.5645568513276433
27.3447367973758,weakly coupled deep reservoir,0.005820204875024454,-1.5646850736363354
27.91848088704855,weakly coupled deep reservoir,0.00570059997106194,-1.5648106610828048
28.504263208534375,weakly coupled deep reservoir,0.005583452769017871,-1.5649336678035222
29.102336346614127,weakly coupled deep reservoir,0.005468712777214631,-1.5650541468231276
29.712958185773342,weakly coupled deep reservoir,0.005356330540659537,-1.5651721500772358
30.336392021399693,weakly coupled deep reservoir,0.005246257619797932,-1.565287728434776
30.97290667331413,weakly coupled deep reservoir,0.005138446569699296,-1.5654009317198754
31.622776601683793,weakly coupled deep reservoir,0.0050328509196679175,-1.5655118087332953
0.001,strongly coupled deep reservoir,0.976722868881877,-0.12731110059766795
0.0010209818837871492,strongly coupled deep reservoir,0.9757867867591522,-0.12979014329373864
0.0010424040070215568,strongly coupled deep reservoir,0.9748151754379416,-0.13230956482011277
0.0010642756067561418,strongly coupled deep reservoir,0.9738068579509714,-0.13486953820229267
0.001086606113854597,strongly coupled deep reservoir,0.972760632188158,-0.13747020414188058
0.001109405157057901,strongly coupled deep reservoir,0.9716752715298114,-0.14011166873642728
0.0011326825671361539,strongly coupled deep reservoir,0.9705495256038541,-0.14279400111232426
0.0011564483811275356,strongly coupled deep reservoir,0.9693821211755138,-0.14551723097154423
0.0011807128466661903,strongly coupled deep reservoir,0.9681717631781219,-0.14828134605355295
0.0012054864264009343,strongly coupled deep reservoir,0.9669171358937406,-0.15108628951428493
0.0012307798025066657,strongly coupled deep reservoir,0.965616904292422,-0.15393195722469463
0.001256603881290431,strongly coupled deep reservoir,0.9642697155388912,-0.15681819499207325
0.0012829697978941476,strongly coupled deep reservoir,0.9628742006753906,-0.15974479570806308
0.001309888921095986,strongly coupled deep reservoir,0.9614289764892768,-0.16271149642808236
0.0013373728582124964,strongly coupled deep reservoir,0.9599326475737492,-0.16571797538774125
0.0013654334601035985,strongly coupled deep reservoir,0.9583838085897535,-0.16876384896273033
0.0013940828262825786,strongly coupled deep reservoir,0.9567810467367128,-0.17184866857963815
0.0014233333101333,strongly coupled deep reservoir,0.955122944439189,-0.17497191758618114
0.0014531975242368955,strongly coupled deep reservoir,0.9534080822559414,-0.17813300809041263
0.0014836883458102083,strongly coupled deep reservoir,0.9516350420170799,-0.18133127777960847
0.0015148189222583457,strongly coupled deep reservoir,0.9498024101940824,-0.18456598673071126
0.001546602676843745,strongly coupled deep reservoir,0.9479087815064169,-0.1878363142254412
0.0015790533144741758,strongly coupled deep reservoir,0.9459527627672798,-0.1911413555844357
0.0016121848276121858,strongly coupled deep reservoir,0.9439329769696251,-0.19448011903607645
0.0016460115023085497,strongly coupled deep reservoir,0.9418480676121256,-0.19785152263696634
0.0016805479243623004,strongly coupled deep reservoir,0.9396967032630281,-0.2012543912623341
0.0017158089856100047,strongly coupled deep reservoir,0.9374775823580326,-0.2046874536859638
0.001751809890347022,strongly coupled deep reservoir,0.9351894382262953,-0.20814933977054095
0.0017885661618834618,strongly coupled deep reservoir,0.9328310443365206,-0.2116385777905708
0.001826093649237728,strongly coupled deep reservoir,0.9304012197527624,-0.2151535919112482
0.001864408533970487,strongly coupled deep reservoir,0.9278988347871276,-0.21869269984780676
0.001903527337162025,strongly coupled deep reservoir,0.9253228168339686,-0.22225411073094475
0.0019434669265360202,strongly coupled deep reservoir,0.9226721563674601,-0.22583592320489015
0.001984244523732769,strongly coupled deep reservoir,0.9199459130816787,-0.2294361237854979
0.002025877711735017,strongly coupled deep reservoir,0.9171432221494267,-0.23305258550646624
0.002068384442449619,strongly coupled deep reservoir,0.9142633005731654,-0.23668306688227223
0.0021117830444482445,strongly coupled deep reservoir,0.911305453598503,-0.24032521121674136
0.0021560922308705294,strongly coupled deep reservoir,0.9082690811578035,-0.24397654628628007
0.0022013311074930322,strongly coupled deep reservoir,0.9051536843086867,-0.2476344844266467
0.0022475191809674874,strongly coupled deep reservoir,0.9019588716294514,-0.25129632305174227
0.002294676367231936,strongly coupled deep reservoir,0.8986843655309306,-0.25495924563221484
0.0023428230000983167,strongly coupled deep reservoir,0.8953300084419074,-0.25862032316067346
0.00239197984002024,strongly coupled deep reservoir,0.8918957688231319,-0.26227651612900477
0.002442168083044748,strongly coupled deep reservoir,0.8883817469631439,-0.26592467704163475
0.0024934093699518806,strongly coupled deep reservoir,0.8847881805076716,-0.2695615534865874
0.002545725795586,strongly coupled deep reservoir,0.881115449673278,-0.273183791783845
0.002599139918382933,strongly coupled deep reservoir,0.8773640820953185,-0.27678794122782424
0.002653674770096987,strongly coupled deep reservoir,0.873534757260126,-0.28037045893771545
0.0027093538657320514,strongly coupled deep reservoir,0.8696283104717158,-0.283927715326038
0.0027662012136811047,strongly coupled deep reservoir,0.8656457363042446,-0.28745600019203077
0.002824241326078436,strongly coupled deep reservoir,0.8615881914929877,-0.29095152944243485
0.0028834992293690774,strongly coupled deep reservoir,0.8574569972187224,-0.294410452437884
0.0029440004751000335,strongly coupled deep reservoir,0.8532536407431358,-0.2978288599585046
0.0030057711509378976,strongly coupled deep reservoir,0.84897977635626,-0.3012027927774825
0.003068837891917642,strongly coupled deep reservoir,0.8446372256008755,-0.30452825082632634
0.0031332278919274583,strongly coupled deep reservoir,0.8402279767433821,-0.3078012029303838
0.0031989689154345376,strongly coupled deep reservoir,0.8357541834657448,-0.3110175970878962
0.003266089309456888,strongly coupled deep reservoir,0.8312181627587358,-0.3141733712605808
0.003334618015786363,strongly coupled deep reservoir,0.8266223920027539,-0.3172644646384417
0.0034045845834681297,strongly coupled deep reservoir,0.8219695052289906,-0.32028682933631103
0.0034760191815419775,strongly coupled deep reservoir,0.8172622885604895,-0.32323644247456784
0.0035489526120509964,strongly coupled deep reservoir,0.8125036748396672,-0.3261093185916338
0.00362341632332315,strongly coupled deep reservoir,0.807696737456052,-0.32890152233126807
0.0036994424235315794,strongly coupled deep reservoir,0.8028446833952169,-0.33160918134344636
0.0037770636945393685,strongly coupled deep reservoir,0.7979508455370777,-0.3342284993337619
0.003856313606034854,strongly coupled deep reservoir,0.793018674238754,-0.3367557691928952
0.003937226329963483,strongly coupled deep reservoir,0.7880517282439978,-0.33918738613480653
0.004019836755262481,strongly coupled deep reservoir,0.783053664967638,-0.3415198607699766
0.004104180502904709,strongly coupled deep reservoir,0.7780282302094977,-0.3437498320382747
0.004190293941258144,strongly coupled deep reservoir,0.7729792473577303,-0.34587407992492164
0.004278214201767617,strongly coupled deep reservoir,0.7679106061463894,-0.34788953788256116
0.004367979194965637,strongly coupled deep reservoir,0.7628262510362575,-0.34979330488267824
0.004459627626819096,strongly coupled deep reservoir,0.7577301692914161,-0.35158265702050506
0.004553199015418973,strongly coupled deep reservoir,0.7526263788267242,-0.35325505859916584
0.0046487337080202565,strongly coupled deep reservoir,0.7475189159032386,-0.35480817262109743
0.004746272898439346,strongly coupled deep reservoir,0.7424118227496425,-0.356239870617745
0.004845858644816496,strongly coupled deep reservoir,0.7373091351879408,-0.3575482417521488
0.004947533887750988,strongly coupled deep reservoir,0.7322148703410385,-0.3587316011332766
0.005051342468816766,strongly coupled deep reservoir,0.7271330144983628,-0.35978849728578105
0.005157329149466571,strongly coupled deep reservoir,0.7220675112134756,-0.360717718724229
0.005265539630332755,strongly coupled deep reservoir,0.7170222497046475,-0.3615182995867156
0.005376020570933031,strongly coupled deep reservoir,0.7120010536257398,-0.3621895242890672
0.005488819609789672,strongly coupled deep reservoir,0.7070076702705047,-0.3627309311675306
0.005603985384970904,strongly coupled deep reservoir,0.7020457602686093,-0.3631423150848189
0.005721567555063252,strongly coupled deep reservoir,0.697118887826479,-0.3634237289816419
0.0058416168205839124,strongly coupled deep reservoir,0.6922305115604066,-0.3635754843632441
0.00596418494584246,strongly coupled deep reservoir,0.6873839759634751,-0.36359815071800416
0.006089324781261197,strongly coupled deep reservoir,0.6825825035417026,-0.3634925538726801
0.006217090286163827,strongly coupled deep reservoir,0.6778291876485719,-0.36325977329639914
0.006347536552042337,strongly coupled deep reservoir,0.6731269860407934,-0.3629011383728596
0.0064807198263119705,strongly coupled deep reservoir,0.6684787151718814,-0.3624182236674131
0.006616697536564722,strongly coupled deep reservoir,0.6638870452339484,-0.36181284322262197
0.0067555283153316464,strongly coupled deep reservoir,0.6593544959521122,-0.3610870439224908
0.006897272025364731,strongly coupled deep reservoir,0.6548834331301423,-0.360243097971787
0.007041989785449296,strongly coupled deep reservoir,0.6504760659404614,-0.35928349454261976
0.007189743996757885,strongly coupled deep reservoir,0.646134444946463,-0.358210930645713
0.007340598369757212,strongly coupled deep reservoir,0.6418604608402875,-0.35702830128850654
0.007494617951679602,strongly coupled deep reservoir,0.637655843874804,-0.35573868898632927
0.007651869154570825,strongly coupled deep reservoir,0.6335221639645535,-0.35434535269637096
0.007812419783926502,strongly coupled deep reservoir,0.6294608314268526,-0.3528517162469978
0.007976339067929281,strongly coupled deep reservoir,0.6254730983311731,-0.3512613563371033
0.008143697687299471,strongly coupled deep reservoir,0.6215600604222412,-0.34957799018164054
0.008314567805772064,strongly coupled deep reservoir,0.6177226595801141,-0.34780546288024705
0.008489023101213154,strongly coupled deep reservoir,0.6139616867787262,-0.34594773458594963
0.008667138797389234,strongly coupled deep reservoir,0.6102777855030708,-0.3440088675503407
0.008848991696403146,strongly coupled deep reservoir,0.6066714555842592,-0.3419930131203676
0.009034660211810534,strongly coupled deep reservoir,0.6031430574111948,-0.33990439876001044
0.009224224402431123,strongly coupled deep reservoir,0.599692816477435,-0.33774731516766066
0.009417766006869518,strongly coupled deep reservoir,0.5963208282220172,-0.33552610355701956
0.009615368478760229,strongly coupled deep reservoir,0.5930270631235479,-0.3332451431658355
0.009817117022752193,strongly coupled deep reservoir,0.5898113720076578,-0.3309088390528713
0.01002309863124843,strongly coupled deep reservoir,0.5866734915289942,-0.32852161023916676
0.010233402121916422,strongly coupled deep reservoir,0.5836130497902439,-0.32608787824503366
0.010448118175985639,strongly coupled deep reservoir,0.5806295720621665,-0.3236120560693125
0.010667339377348576,strongly coupled deep reservoir,0.5777224865703174,-0.32109853765233237
0.01089116025248219,strongly coupled deep reservoir,0.5748911303159607,-0.31855168785879184
0.011119677311206989,strongly coupled deep reservoir,0.5721347549006165,-0.31597583301147997
0.01135298908830134,strongly coupled deep reservoir,0.5694525323257226,-0.3133752520014588
0.011591196185988858,strongly coupled deep reservoir,0.5668435607409934,-0.3107541679950784
0.011834401317317328,strongly coupled deep reservoir,0.5643068701171925,-0.3081167407530356
0.012082709350447765,strongly coupled deep reservoir,0.5618414278211995,-0.30546705957170506
0.012336227353872768,strongly coupled deep reservoir,0.5594461440734038,-0.302809136852163
0.012595064642583583,strongly coupled deep reservoir,0.5571198772695962,-0.30014690229776375
0.012859332825205903,strongly coupled deep reservoir,0.5548614391516196,-0.2974841977368431
0.013129145852124654,strongly coupled deep reservoir,0.5526695998130885,-0.29482477256312456
0.013404620064618471,strongly coupled deep reservoir,0.5505430925284626,-0.29217227978274163
0.013685874245025192,strongly coupled deep reservoir,0.5484806183956503,-0.2895302726534508
0.013973029667959849,strongly coupled deep reservoir,0.546480850784143,-0.28690220189863047
0.014266210152607376,strongly coupled deep reservoir,0.5445424395823784,-0.284291413476033
0.01456554211611244,strongly coupled deep reservoir,0.5426640152396635,-0.2817011468789804
0.014871154628089538,strongly coupled deep reservoir,0.5408441925994797,-0.2791345339457768
0.015183179466276845,strongly coupled deep reservoir,0.5390815745224041,-0.276594598151528
0.015501751173357704,strongly coupled deep reservoir,0.5373747552981601,-0.27408425435531364
0.015827007114974406,strongly coupled deep reservoir,0.5357223238474947,-0.27160630897472754
0.016159087538959182,strongly coupled deep reservoir,0.5341228667156424,-0.2691634605591677
0.016498135635808004,strongly coupled deep reservoir,0.5325749708600952,-0.2667583007329096
0.01684429760042316,strongly coupled deep reservoir,0.5310772262362536,-0.2643933154789032
0.017197722695151393,strongly coupled deep reservoir,0.5296282281852747,-0.26207088673437096
0.01755856331414469,strongly coupled deep reservoir,0.5282265796290957,-0.25979329426965087
0.017926975049071384,strongly coupled deep reservoir,0.5268708930781564,-0.25756271782226736
0.01830311675620613,strongly coupled deep reservoir,0.525559792457822,-0.25538123945892544
0.01868715062492747,strongly coupled deep reservoir,0.5242919147598817,-0.2532508461389839
0.019079242247652662,strongly coupled deep reservoir,0.5230659115258091,-0.2511734324539372
0.019479560691239784,strongly coupled deep reservoir,0.5218804501687028,-0.2491508035185162
0.019888278569888097,strongly coupled deep reservoir,0.5207342151409876,-0.2471846779901725
0.02030557211956795,strongly coupled deep reservoir,0.5196259089550601,-0.24527669119493337
0.02073162127401231,strongly coupled deep reservoir,0.5185542530641152,-0.24342839833887386
0.021166609742302837,strongly coupled deep reservoir,0.5175179886103823,-0.2416412777857438
0.021610725088083777,strongly coupled deep reservoir,0.5165158770479553,-0.23991673438258848
0.02206415881043799,strongly coupled deep reservoir,0.5155467006473107,-0.23825610281650456
0.022527106426459817,strongly coupled deep reservoir,0.5146092628884931,-0.23666065098696298
0.022999767555560536,strongly coupled deep reservoir,0.5137023887497864,-0.23513158337939527
0.023482346005542765,strongly coupled deep reservoir,0.5128249248985167,-0.233670044426979
0.023975049860480702,strongly coupled deep reservoir,0.5119757397904332,-0.23227712184875524
0.024478091570444414,strongly coupled deep reservoir,0.511153723683896,-0.23095384995336132
0.024991688043106686,strongly coupled deep reservoir,0.5103577885748648,-0.22970121289876852
0.02551606073727185,strongly coupled deep reservoir,0.5095868680584481,-0.22852014789946193
0.02605143575836714,strongly coupled deep reservoir,0.5088399171225136,-0.22741154837349156
0.026598043955937584,strongly coupled deep reservoir,0.5081159118786103,-0.22637626702276015
0.027156121023186566,strongly coupled deep reservoir,0.5074138492351922,-0.22541511884078436
0.02772590759860484,strongly coupled deep reservoir,0.5067327465178768,-0.22452888404298085
0.028307649369732003,strongly coupled deep reservoir,0.5060716410412088,-0.2237183109152817
0.0289015971790951,strongly coupled deep reservoir,0.5054295896361491,-0.22298411857757508
0.02950800713236989,strongly coupled deep reservoir,0.5048056681372575,-0.22232699965910474
0.03012714070881166,strongly coupled deep reservoir,0.5041989708332894,-0.22174762288353472
0.030759264874003035,strongly coupled deep reservoir,0.5036086098846951,-0.22124663556191113
0.03140465219496752,strongly coupled deep reservoir,0.5030337147112728,-0.2208246659922189
0.032063580957698186,strongly coupled deep reservoir,0.5024734313530084,-0.2204823257646493
0.03273633528715246,strongly coupled deep reservoir,0.5019269218069257,-0.2202202119720618
0.03342320526976466,strongly coupled deep reservoir,0.5013933633425606,-0.22003890932544637
0.034124487078528914,strongly coupled deep reservoir,0.5008719477984858,-0.21993899217446983
0.0348404831007067,strongly coupled deep reservoir,0.5003618808621302,-0.2199210264334268
0.03557150206821386,strongly coupled deep reservoir,0.4998623813349626,-0.21998557141311526
0.03631785919074348,strongly coupled deep reservoir,0.4993726803849511,-0.22013318155931616
0.037079876291681725,strongly coupled deep reservoir,0.4988920207880631,-0.22036440809868896
0.03785788194687566,strongly coupled deep reservoir,0.4984196561604248,-0.2206798005929881
0.03865221162631264,strongly coupled deep reservoir,0.4979548501826421,-0.22107990840257777
0.039463207838772246,strongly coupled deep reservoir,0.4974968758176598,-0.22156528206026083
0.0402912202795135,strongly coupled deep reservoir,0.4970450145234377,-0.2221364745564579
0.04113660598106068,strongly coupled deep reservoir,0.49659855546162346,-0.222794042536767
0.04199972946715306,strongly coupled deep reservoir,0.49615679470332474,-0.2235385474129074
0.042880962909924596,strongly coupled deep reservoir,0.4957190344330045,-0.224370556388011
0.04378068629038169,strongly coupled deep reservoir,0.4952845821514686,-0.22529064339716012
0.044699287562248134,strongly coupled deep reservoir,0.4948527498788596,-0.22629938996399931
0.04563716281924761,strongly coupled deep reservoir,0.4944228533585331,-0.22739738597415657
0.046594716465896295,strongly coupled deep reservoir,0.49399421126266396,-0.22858523036611025
0.0475723613918789,strongly coupled deep reservoir,0.49356614440040897,-0.2298635317400273
0.048570519150083584,strongly coupled deep reservoir,0.4931379749294451,-0.2312329088849762
0.04958962013837217,strongly coupled deep reservoir,0.492709025571706,-0.23269399122479104
0.05063010378516437,strongly coupled deep reservoir,0.49227861883414775,-0.23424741918272884
0.05169241873891601,strongly coupled deep reservoir,0.49184607623540105,-0.23589384446491984
0.05277702306157263,strongly coupled deep reservoir,0.491410717539198,-0.23763393026246848
0.05388438442608224,strongly coupled deep reservoir,0.49097185999550325,-0.23946835137191347
0.055014980318052395,strongly coupled deep reservoir,0.4905288175903361,-0.24139779423360694
0.0561692982416381,strongly coupled deep reservoir,0.4900809003053279,-0.2434229568874205
0.0573478359297499,strongly coupled deep reservoir,0.4896274133881381,-0.24554454884503812
0.05855110155867241,strongly coupled deep reservoir,0.48916765663493,-0.24776329087794413
0.05977961396718608,strongly coupled deep reservoir,0.488700923686206,-0.2500799147200718
0.06103390288028624,strongly coupled deep reservoir,0.4882265013373998,-0.25249516268393024
0.062314509137596556,strongly coupled deep reservoir,0.48774366886574194,-0.25500978718889566
0.06362198492657489,strongly coupled deep reservoir,0.48725169737503154,-0.2576245502002157
0.06495689402061207,strongly coupled deep reservoir,0.48674984916008507,-0.2603402225771553
0.06631981202212675,strongly coupled deep reservoir,0.4862373770927699,-0.2631575833285966
0.0677113266107606,strongly coupled deep reservoir,0.4857135240316839,-0.26607741877429975
0.06913203779678131,strongly coupled deep reservoir,0.4851775222576989,-0.26910052160993914
0.07058255817980222,strongly coupled deep reservoir,0.48462859293775395,-0.27222768987395246
0.07206351321293053,strongly coupled deep reservoir,0.48406594561945987,-0.27545972581417333
0.07357554147245796,strongly coupled deep reservoir,0.483488777759255,-0.2787974346521752
0.07511929493320968,strongly coupled deep reservoir,0.4828962742870417,-0.2822416232432241
0.07669543924967091,strongly coupled deep reservoir,0.482287607210427,-0.2857930986297351
0.07830465404301187,strongly coupled deep reservoir,0.4816619352618817,-0.2894526664861432
0.07994763319413531,strongly coupled deep reservoir,0.48101840359233855,-0.2932211294531441
0.08162508514287233,strongly coupled deep reservoir,0.48035614351494427,-0.2970992853593304
0.08333773319345623,strongly coupled deep reservoir,0.4796742723028856,-0.3010879253283535
0.08508631582640581,strongly coupled deep reservoir,0.47897189304540094,-0.30518783176987563
0.08687158701695218,strongly coupled deep reservoir,0.47824809456628986,-0.3093997762527464
0.08869431656014713,strongly coupled deep reservoir,0.4775019514094116,-0.3137245172590506
0.09055529040279275,strongly coupled deep reservoir,0.47673252389584525,-0.31816279781792206
0.09245531098233575,strongly coupled deep reservoir,0.47593885825754995,-0.32271534301831434
0.0943951975728719,strongly coupled deep reservoir,0.4751199868525054,-0.327382857400258
0.09637578663841088,strongly coupled deep reservoir,0.4742749284664525,-0.33216602222452596
0.09839793219355317,strongly coupled deep reservoir,0.4734026887064519,-0.33706549262106617
0.10046250617173413,strongly coupled deep reservoir,0.4725022604915674,-0.3420818946170581
0.10257039880119521,strongly coupled deep reservoir,0.47157262464602123,-0.34721582204599866
0.10472251898884355,strongly coupled deep reservoir,0.47061275060019003,-0.35246783333982973
0.10691979471216498,strongly coupled deep reservoir,0.469621597204777,-0.35783844820678523
0.10916317341936148,strongly coupled deep reservoir,0.4685981136634287,-0.363328144198369
0.11145362243788304,strongly coupled deep reservoir,0.46754124058893604,-0.3689373531696497
0.11379212939153151,strongly coupled deep reservoir,0.46644991118798584,-0.37466645763791695
0.11617970262631687,strongly coupled deep reservoir,0.4653230525791823,-0.38051578704565
0.11861737164524792,strongly coupled deep reservoir,0.46415958724875955,-0.386485613934707
0.12110618755224559,strongly coupled deep reservoir,0.4629584346480176,-0.3925761500396779
0.12364722350537151,strongly coupled deep reservoir,0.4617185129360667,-0.39878754230941443
0.126241575179565,strongly coupled deep reservoir,0.46043874087092296,-0.40511986886687495
0.12889036123908928,strongly coupled deep reservoir,0.45911803985137706,-0.411573134918593
0.13159472381989168,strongly coupled deep reservoir,0.4577553361113453,-0.41814726862629314
0.13435582902208262,strongly coupled deep reservoir,0.4563495630676046,-0.424842116954399
0.13717486741275006,strongly coupled deep reservoir,0.45489966382091684,-0.4316574415084599
0.14005305453932212,strongly coupled deep reservoir,0.4534045938095474,-0.4385929143807737
0.14299163145370145,strongly coupled deep reservoir,0.4518633236130933,-0.4456481140207646
0.14599186524739785,strongly coupled deep reservoir,0.45027484190334743,-0.4528225211489359
0.14905504959788807,strongly coupled deep reservoir,0.4486381585376474,-0.4601155147344354
0.1521825053264387,strongly coupled deep reservoir,0.44695230778878964,-0.46752636805746633
0.15537558096763526,strongly coupled deep reservoir,0.4452163517041425,-0.47505424487891185
0.15863565335085913,strongly coupled deep reservoir,0.4434293835850713,-0.48269819574057043
0.16196412819396533,strongly coupled deep reservoir,0.4415905315762024,-0.4904571544203711
0.16536244070941805,strongly coupled deep reservoir,0.43969896235242445,-0.49832993456776814
0.16883205622314257,strongly coupled deep reservoir,0.43775388488984884,-0.5063152265452061
0.17237447080636198,strongly coupled deep reservoir,0.43575455430527127,-0.5144115945020976
0.1759912119206926,strongly coupled deep reservoir,0.4337002757469793,-0.5226174737081194
0.1796838390767721,strongly coupled deep reservoir,0.4315904083180938,-0.5309311681727807
0.18345394450670977,strongly coupled deep reservoir,0.4294243690120015,-0.5393508485781909
0.18730315385064386,strongly coupled deep reservoir,0.4272016366378877,-0.5478745505516331
0.19123312685770458,strongly coupled deep reservoir,0.4249217557129203,-0.5565001733040237
0.1952455581016861,strongly coupled deep reservoir,0.4225843402962968,-0.5652254786595229
0.19934217771173296,strongly coupled deep reservoir,0.4201890777391864,-0.5740480905004526
0.20352475211835777,strongly coupled deep reservoir,0.4177357323235902,-0.5829654946503039
0.2077950848151135,strongly coupled deep reservoir,0.41522414876234215,-0.5919750392159345
0.21215501713624524,strongly coupled deep reservoir,0.41265425553191043,-0.6010739354080599
0.21660642905065858,strongly coupled deep reservoir,0.410026068009351,-0.6102592588568757
0.22115123997254887,strongly coupled deep reservoir,0.40733969138473786,-0.61952795143708
0.22579140958903707,strongly coupled deep reservoir,0.4045953233206794,-0.6288768236137002
0.23052893870517083,strongly coupled deep reservoir,0.4017932563311217,-0.6383025573170334
0.23536587010665758,strongly coupled deep reservoir,0.3989338798525764,-0.6478017093516519
0.24030428944069696,strongly coupled deep reservoir,0.3960176819821814,-0.6573707153408521
0.2453463261152951,strongly coupled deep reservoir,0.3930452508586206,-0.6670058942041811
0.2504941542174505,strongly coupled deep reservoir,0.39001727566388156,-0.6767034531617825
0.2557499934506013,strongly coupled deep reservoir,0.3869345472261332,-0.6864594932552841
0.26111611009174596,strongly coupled deep reservoir,0.3837979582065982,-0.6962700153709094
0.2665948179686437,strongly coupled deep reservoir,0.3806085028562139,-0.7061309267463923
0.27218847945751795,strongly coupled deep reservoir,0.3773672763310444,-0.716038047939246
0.2778995065016964,strongly coupled deep reservoir,0.37407547355881354,-0.7259871202299847
0.2837303616516214,strongly coupled deep reservoir,0.37073438765254657,-0.7359738134300651
0.2896835591266816,strongly coupled deep reservoir,0.3673454078710582,-0.7459937340607082
0.29576166589932534,strongly coupled deep reservoir,0.3639100171298978,-0.7560424338653778
0.30196730280191897,strongly coupled deep reservoir,0.36042978907027917,-0.766115418615597
0.3083031456568277,strongly coupled deep reservoir,0.35690638469744645,-0.776208157167036
0.3147719264302118,strongly coupled deep reservoir,0.35334154860377925,-0.7863160907204435
0.3213764344100279,strongly coupled deep reservoir,0.34973710479570824,-0.7964346422400087
0.32811951740874745,strongly coupled deep reservoir,0.3460949521470867,-0.8065592259802496
0.3350040829913136,strongly coupled deep reservoir,0.34241705950503076,-0.8166852570714676
0.3420330997288578,strongly coupled deep reservoir,0.33870546047735073,-0.8268081611132311
0.3492095984787271,strongly coupled deep reservoir,0.3349622479334653,-0.8369233837253076
0.35653667369136516,strongly coupled deep reservoir,0.33118956825313983,-0.847026400005853
0.36401748474461415,strongly coupled deep reservoir,0.3273896153594244,-0.8571127238475978
0.371655257306016,strongly coupled deep reservoir,0.32356462457380475,-0.867177917064151
0.3794532847236942,strongly coupled deep reservoir,0.3197168663327805,-0.8772175982803593
0.3874149294464188,strongly coupled deep reservoir,0.3158486398058366,-0.8872274515429329
0.39554362447347013,strongly coupled deep reservoir,0.3119622664550832,-0.8972032346101897
0.4038428748349207,strongly coupled deep reservoir,0.30806008357669834,-0.907140786882759
0.41231625910297526,strongly coupled deep reservoir,0.3041444378637384,-0.9170360369403867
0.420967430935026,strongly coupled deep reservoir,0.3002176790288856,-0.9268850096535539
0.42980012064907985,strongly coupled deep reservoir,0.29628215352433224,-0.9366838328423619
0.4388181368322415,strongly coupled deep reservoir,0.29234019839425535,-0.9464287434590709
0.4480253679829494,strongly coupled deep reservoir,0.28839413529326935,-0.9561160932747051
0.4574257841876624,strongly coupled deep reservoir,0.2844462647019027,-0.9657423540541851
0.4670234388327335,strongly coupled deep reservoir,0.2804988603675403,-0.9753041222085527
0.4768224703521972,strongly coupled deep reservoir,0.2765541639964943,-0.9847981229168467
0.4868271040122284,strongly coupled deep reservoir,0.27261438021991363,-0.9942212137141375
0.4970416537330474,strongly coupled deep reservoir,0.2686816718531961,-1.0035703875460171
0.5074705239490471,strongly coupled deep reservoir,0.2647581554654576,-1.0128427752934557
0.5181182115079497,strongly coupled deep reservoir,0.26084589727248053,-1.022035647775357
0.5289893076098151,strongly coupled deep reservoir,0.2569469093634555,-1.0311464172393332
0.5400884997867293,strongly coupled deep reservoir,0.25306314626879295,-1.0401726383541205
0.5514205739240302,strongly coupled deep reservoir,0.24919650187332434,-1.0491120087197314
0.5629904163239473,strongly coupled deep reservoir,0.24534880667639197,-1.0579623689137865
0.5748030158125357,strongly coupled deep reservoir,0.2415218253976636,-1.066721702094533
0.5868634658908172,strongly coupled deep reservoir,0.23771725492500845,-1.0753881331828254
0.5991769669310619,strongly coupled deep reservoir,0.2339367225984743,-1.0839599276468201
0.6117488284191466,strongly coupled deep reservoir,0.23018178482231835,-1.0924354899142903
0.6245844712439618,strongly coupled deep reservoir,0.22645392599516645,-1.1008133614383744
0.6376894300348612,strongly coupled deep reservoir,0.22275455774672354,-1.109092218443187
0.6510693555481462,strongly coupled deep reservoir,0.21908501846803943,-1.1172708693760607
0.6647300171036314,strongly coupled deep reservoir,0.2154465731211197,-1.1253482520933311
0.6786773050723303,strongly coupled deep reservoir,0.21184041331269635,-1.1333234308064444
0.6929172334163334,strongly coupled deep reservoir,0.20826765761619537,-1.1411955928148587
0.7074559422819878,strongly coupled deep reservoir,0.2047293521253642,-1.1489640450517296
0.7222997006474774,strongly coupled deep reservoir,0.20122647122264717,-1.1566282104676744
0.7374549090259553,strongly coupled deep reservoir,0.19775991854518893,-1.164187624277134
0.7529281022254006,strongly coupled deep reservoir,0.19433052813130294,-1.171641930090909
0.7687259521663736,strongly coupled deep reservoir,0.1909390657303609,-1.1789908759574084
0.784855270758894,strongly coupled deep reservoir,0.18758623025929042,-1.1862343103340491
0.8013230128396887,strongly coupled deep reservoir,0.18427265538923468,-1.1933721780090512
0.8181362791710601,strongly coupled deep reservoir,0.18099891124639333,-1.200404515992647
0.8353023195026779,strongly coupled deep reservoir,0.17776550621161255,-1.2073314493954614
0.8528285356976201,strongly coupled deep reservoir,0.17457288880391789,-1.214153187310543
0.8707224849239922,strongly coupled deep reservoir,0.17142144963387737,-1.220870018714235
0.8889918829135252,strongly coupled deep reservoir,0.16831152341340402,-1.2274823083998072
0.9076446072885366,strongly coupled deep reservoir,0.16524339100938665,-1.2339904929565009
0.9266887009586973,strongly coupled deep reservoir,0.16221728152932546,-1.2403950768054155
0.9461323755890769,strongly coupled deep reservoir,0.15923337442795435,-1.2466966283024692
0.9659840151409473,strongly coupled deep reservoir,0.1562918016246482,-1.2528957759174997
0.9862521794868784,strongly coupled deep reservoir,0.1533926496222203,-1.2589932044974796
1.0069456081016948,strongly coupled deep reservoir,0.15053596161850819,-1.264989651620752
1.0280732238308659,strongly coupled deep reservoir,0.14772173960293866,-1.2708859040481928
1.0496441367379648,strongly coupled deep reservoir,0.14494994643101258,-1.2766827942762662
1.0716676480328633,strongly coupled deep reservoir,0.14222050787038945,-1.2823811971960493
1.0941532540823375,strongly coupled deep reservoir,0.13953331461295695,-1.287982026861471
1.1171106505048243,strongly coupled deep reservoir,0.13688822424794062,-1.2934862333692536
1.1405497363511041,strongly coupled deep reservoir,0.1342850631917464,-1.2988947998523288
1.1644806183726866,strongly coupled deep reservoir,0.13172362857083594,-1.3042087395878468
1.18891361537977,strongly coupled deep reservoir,0.12920369005449076,-1.3094290932203165
1.213859262690629,strongly coupled deep reservoir,0.12672499163485854,-1.3145569260998577
1.2393283166743583,strongly coupled deep reservoir,0.12428725335215896,-1.3195933257350734
1.2653317593889428,strongly coupled deep reservoir,0.12189017296338052,-1.3245393993596115
1.291880803316632,strongly coupled deep reservoir,0.11953342755322072,-1.3293962716110923
1.3189868961986706,strongly coupled deep reservoir,0.11721667508639992,-1.3341650823207374
1.3466617259714837,strongly coupled deep reservoir,0.11493955590082623,-1.3388469844117454
1.3749172258064204,strongly coupled deep reservoir,0.11270169414140763,-1.3434431419041832
1.4037655792552404,strongly coupled deep reservoir,0.11050269913458594,-1.3479547280239526
1.4332192255035738,strongly coupled deep reservoir,0.108342166703922,-1.352382923413204
1.4632908647345995,strongly coupled deep reservoir,0.10621968042728777,-1.3567289144394048
1.4939934636052576,strongly coupled deep reservoir,0.10413481283641789,-1.3609938916001487
1.5253402608373838,strongly coupled deep reservoir,0.10208712655974495,-1.3651790480207033
1.5573447729261352,strongly coupled deep reservoir,0.1000761754095979,-1.3692855780411985
1.5900207999681955,strongly coupled deep reservoir,0.09810150541496668,-1.373314675890324
1.6233824316122798,strongly coupled deep reservoir,0.09616265580114587,-1.377267534442368
1.6574440531344683,strongly coupled deep reservoir,0.09425915991766494,-1.3811453440544057
1.6922203516410372,strongly coupled deep reservoir,0.09239054611597866,-1.3849492914804675
1.72772632240142,strongly coupled deep reservoir,0.09055633857845767,-1.3886805588595132
1.7639772753140452,strongly coupled deep reservoir,0.088756058100258,-1.392340322774081
1.8009888415078565,strongly coupled deep reservoir,0.08698922282568176,-1.3959297533765191
1.8387769800823288,strongly coupled deep reservoir,0.0852553489406647,-1.3994500135797527
1.8773579849889013,strongly coupled deep reservoir,0.08355395132303253,-1.4029022583095982
1.916748492056815,strongly coupled deep reservoir,0.08188454415217221,-1.4062876338157098
1.9569654861663466,strongly coupled deep reservoir,0.08024664147975802,-1.4096072770383
1.9980263085725507,strongly coupled deep reservoir,0.07863975776315835,-1.4128623150278674
2.0399486643826865,strongly coupled deep reservoir,0.07706340836312865,-1.4160538644152323
2.0827506301905165,strongly coupled deep reservoir,0.07551711000737392,-1.419183030929269
2.1264506618707855,strongly coupled deep reservoir,0.07400038122153305,-1.4222509089598065
2.171067602537267,strongly coupled deep reservoir,0.0725127427291036,-1.4252585811632632
2.2166206906677486,strongly coupled deep reservoir,0.07105371782179233,-1.4282071181086518
2.26312956839953,strongly coupled deep reservoir,0.06962283270173412,-1.4310975779616995
2.310614289998952,strongly coupled deep reservoir,0.06821961679698436,-1.4339310062048987
2.3590953305086364,strongly coupled deep reservoir,0.06684360305164512,-1.4367084353914026
2.4085935945761747,strongly coupled deep reservoir,0.06549432819194145,-1.4394308849307598
2.4591304254680466,strongly coupled deep reservoir,0.0641713329695212,-1.4420993609045711
2.5107276142726596,strongly coupled deep reservoir,0.06287416238320499,-1.4447148559102312
2.563407409296515,strongly coupled deep reservoir,0.06160236588036644,-1.447278348931009
2.617192525657494,strongly coupled deep reservoir,0.060355497539080365,-1.4497908052307882
2.6721061550794354,strongly coupled deep reservoir,0.05913311623212806,-1.4522531762718789
2.728171975892238,strongly coupled deep reservoir,0.05793478577390544,-1.4546663996543836
2.785414163241769,strongly coupled deep reservoir,0.056760075051235696,-1.457031399075672
2.843857399513987,strongly coupled deep reservoir,0.055608558139043904,-1.4593490843085941
2.903526884977814,strongly coupled deep reservoir,0.05447981440180836,-1.4616203511971322
2.9644483486512847,strongly coupled deep reservoir,0.05337342858166203,-1.4638460816682533
3.026648059395692,strongly coupled deep reservoir,0.05228899087397721,-1.4660271437587917
3.0901528372425364,strongly coupled deep reservoir,0.05122609699122486,-1.4681643916562581
3.1549900649580884,strongly coupled deep reservoir,0.05018434821586528,-1.4702586657525165
3.2211876998506495,strongly coupled deep reservoir,0.04916335144298512,-1.4723107927093495
3.2887742858255136,strongly coupled deep reservoir,0.048162719213364076,-1.4743215855349643
3.357778965692869,strongly coupled deep reservoir,0.04718206973761692,-1.476291843670561
3.428231493733971,strongly coupled deep reservoir,0.04622102691202384,-1.4782223530861283
3.500162248530945,strongly coupled deep reservoir,0.04527922032663084,-1.4801138863846783
3.5736022460657884,strongly coupled deep reservoir,0.04435628526617003,-1.4819672029141813
3.648583153094236,strongly coupled deep reservoir,0.04345186270431948,-1.4837830488865056
3.7251373008002133,strongly coupled deep reservoir,0.042565599291795896,-1.485562157502703
3.803297698736778,strongly coupled deep reservoir,0.041697147338743926,-1.4873052490840262
3.883098049059605,strongly coupled deep reservoir,0.040846164791860866,-1.4890130312081036
3.9645727610590833,strongly coupled deep reservoir,0.04001231520667107,-1.4906861988497209
4.047756965997322,strongly coupled deep reservoir,0.03919526771534006,-1.4923254345257098
4.132686532256506,strongly coupled deep reservoir,0.03839469699039509,-1.4939314084434623
4.219398080805028,strongly coupled deep reservoir,0.037610283204699696,-1.4955047786526254
4.307929000988199,strongly coupled deep reservoir,0.036841711988005565,-1.4970461911995623
4.398317466650228,strongly coupled deep reservoir,0.036088674380389735,-1.4985562802841867
4.490602452594472,strongly coupled deep reservoir,0.03535086678286308,-1.5000356684188105
4.584823751389096,strongly coupled deep reservoir,0.03462799090542027,-1.501484966588662
4.681021990525308,strongly coupled deep reservoir,0.033919753712784516,-1.5029047744137638
4.7792386499356,strongly coupled deep reservoir,0.03322586736808435,-1.5042956803118712
4.8795160798796005,strongly coupled deep reservoir,0.03254604917468387,-1.505658261662201
4.981897519205165,strongly coupled deep reservoir,0.03188002151637573,-1.5069930849696962
5.086427113992615,strongly coupled deep reservoir,0.0312275117961304,-1.5083007060295917
5.1931499365902125,strongly coupled deep reservoir,0.030588252373583917,-1.5095816700920608
5.302112005048994,strongly coupled deep reservoir,0.02996198050143384,-1.5108365120267437
5.413360302965381,strongly coupled deep reservoir,0.02934843826090207,-1.5120657564869688
5.526942799740173,strongly coupled deep reservoir,0.028747372496411572,-1.513269918073497
5.642908471262542,strongly coupled deep reservoir,0.02815853474961551,-1.5144495014976285
5.7613073210280925,strongly coupled deep reservoir,0.0275816811929056,-1.5156050017435285
5.882190401699962,strongly coupled deep reservoir,0.027016572562519697,-1.5167369042296375
6.005609837122315,strongly coupled deep reservoir,0.02646297409135858,-1.5178456849690407
6.131618844795775,strongly coupled deep reservoir,0.025920655441614166,-1.5189318107286915
6.260271758824381,strongly coupled deep reservoir,0.025389390637304686,-1.51999573918738
6.391624053344006,strongly coupled deep reservoir,0.024868957996804265,-1.5210379190923573
6.5257323664424165,strongly coupled deep reservoir,0.024359140065447947,-1.5220587904145335
6.662654524581156,strongly coupled deep reservoir,0.023859723548287425,-1.523058784502168
6.802449567529842,strongly coupled deep reservoir,0.02337049924306639,-1.5240383242329891
6.945177773823696,strongly coupled deep reservoir,0.022891261973478606,-1.524997824164682
7.090900686755163,strongly coupled deep reservoir,0.02242181052276749,-1.5259376906836837
7.239681140910877,strongly coupled deep reservoir,0.02196194756772035,-1.526858322152247
7.391583289265484,strongly coupled deep reservoir,0.021511479613106052,-1.5277601090537225
7.5466726308438945,strongly coupled deep reservoir,0.02107021692660079,-1.5286434341360275
7.705016038963921,strongly coupled deep reservoir,0.020637973474242566,-1.5295086725532647
7.86668179007159,strongly coupled deep reservoir,0.020214566856450854,-1.5303561920054698
8.031739593181355,strongly coupled deep reservoir,0.019799818244645127,-1.531186352876458
8.20026061993413,strongly coupled deep reservoir,0.019393552318491786,-1.5319995083697568
8.372317535285934,strongly coupled deep reservoir,0.018995597203806787,-1.532796004642607
8.547984528840415,strongly coupled deep reservoir,0.01860578441113782,-1.533576180938019
8.727337346838892,strongly coupled deep reservoir,0.018223948775047173,-1.5343403697148814
8.910453324821521,strongly coupled deep reservoir,0.017849928394114593,-1.5350888967761096
9.097411420973744,strongly coupled deep reservoir,0.017483564571676356,-1.535822081394838
9.2882922501725,strongly coupled deep reservoir,0.017124701757314762,-1.5365402364386527
9.483178118746707,strongly coupled deep reservoir,0.016773187489110785,-1.5372436684918682
9.682153059967085,strongly coupled deep reservoir,0.016428872336669988,-1.5379326779758506
9.885302870280706,strongly coupled deep reservoir,0.01609160984493041,-1.538607559267399
10.092715146305718,strongly coupled deep reservoir,0.015761256478759658,-1.5392686008151868
10.304479322602315,strongly coupled deep reservoir,0.015437671568346705,-1.5399160852542795
10.520686710236228,strongly coupled deep reservoir,0.015120717255392345,-1.5405502895187355
10.741430536151421,strongly coupled deep reservoir,0.014810258440101384,-1.5411714849523073
10.966805983368697,strongly coupled deep reservoir,0.014506162728978336,-1.541779937417254
11.196910232027939,strongly coupled deep reservoir,0.014208300383426794,-1.5423759074012833
11.431842501291502,strongly coupled deep reservoir,0.01391654426915224,-1.542959650122637
11.671704092126607,strongly coupled deep reservoir,0.013630769806367127,-1.5435314156333422
11.916598430985587,strongly coupled deep reservoir,0.013350854920795442,-1.5440914489206399
12.166631114402664,strongly coupled deep reservoir,0.013076679995473977,-1.5446399900066172
12.421909954526187,strongly coupled deep reservoir,0.012808127823346692,-1.5451772740460572
12.682545025606474,strongly coupled deep reservoir,0.012545083560647262,-1.5457035314225323
12.948648711459048,strongly coupled deep reservoir,0.012287434681064944,-1.5462189878427564
13.220335753923516,strongly coupled deep reservoir,0.012035070930688379,-1.546723864429223
13.497723302339418,strongly coupled deep reservoir,0.011787884283720683,-1.547218377811148
13.780930964060213,strongly coupled deep reservoir,0.011545768898959481,-1.5477027402137389
14.070080856026864,strongly coupled deep reservoir,0.01130862107703512,-1.5481771595458154
14.365297657423797,strongly coupled deep reservoir,0.011076339218399104,-1.5486418394858028
14.666708663439685,strongly coupled deep reservoir,0.0108488237820554,-1.549096979566122
14.974443840155967,strongly coupled deep reservoir,0.01062597724502668,-1.5495427752559958
15.288635880587295,strongly coupled deep reservoir,0.010407704062546791,-1.5499794180427025
15.609420261897833,strongly coupled deep reservoir,0.010193910628971193,-1.5504070955112896
15.93693530381776,strongly coupled deep reservoir,0.009984505239396754,-1.5508259914227829
16.271322228285797,strongly coupled deep reservoir,0.00977939805198159,-1.5512362857909012
16.61272522034293,strongly coupled deep reservoir,0.009578501050956239,-1.5516381549573137
16.961291490304024,strongly coupled deep reservoir,0.009381728010316651,-1.5520317716654517
17.317171337233564,strongly coupled deep reservoir,0.009188994458190077,-1.5524173051329044
17.68051821375353,strongly coupled deep reservoir,0.009000217641864015,-1.5527949211224217
18.0514887922111,strongly coupled deep reservoir,0.008815316493468927,-1.5531647820115437
18.43024303223432,strongly coupled deep reservoir,0.008634211596305372,-1.5535270468608822
18.816944249705557,strongly coupled deep reservoir,0.008456825151805639,-1.5538818714810778
19.211759187182164,strongly coupled deep reservoir,0.008283080947120451,-1.5542294084984516
19.614858085794335,strongly coupled deep reservoir,0.008112904323321313,-1.554569807419379
20.026414758651875,strongly coupled deep reservoir,0.007946222144208556,-1.5549032146934016
20.446606665791176,strongly coupled deep reservoir,0.007782962765715668,-1.5552297737751066
20.87561499069438,strongly coupled deep reservoir,0.007623056005900511,-1.5555496251847871
21.313624718414378,strongly coupled deep reservoir,0.007466433115513561,-1.555862906567913
21.76082471533908,strongly coupled deep reservoir,0.007313026749133868,-1.5561697527534273
22.21740781062887,strongly coupled deep reservoir,0.007162770936863457,-1.5564702958108925
22.683570879363163,strongly coupled deep reservoir,0.007015601056570453,-1.5567646651065075
23.159514927431545,strongly coupled deep reservoir,0.0068714538066718565,-1.5570529873580143
23.645445178205684,strongly coupled deep reservoir,0.006730267179446794,-1.5573353866885158
24.14157116103018,strongly coupled deep reservoir,0.006591980434870857,-1.557611984679223
24.64810680157013,strongly coupled deep reservoir,0.006456534074962584,-1.5578829004211554
25.16527051405394,strongly coupled deep reservoir,0.006323869818633236,-1.5581482505658102
25.693285295451968,strongly coupled deep reservoir,0.006193930577030703,-1.5584081493748188
26.232378821631237,strongly coupled deep reservoir,0.006066660429368894,-1.5586627087686156
26.782783545527202,strongly coupled deep reservoir,0.005942004599234009,-1.558912038374129
27.3447367973758,strongly coupled deep reservoir,0.005819909431358874,-1.559156245571522
27.91848088704855,strongly coupled deep reservoir,0.00570032236885697,-1.5593954355399922
28.504263208534375,strongly coupled deep reservoir,0.005583191930907882,-1.5596297113026565
29.102336346614127,strongly coupled deep reservoir,0.005468467690885624,-1.5598591737705307
29.712958185773342,strongly coupled deep reservoir,0.00535610025492188,-1.5600839217856288
30.336392021399693,strongly coupled deep reservoir,0.005246041240896106,-1.5603040521631926
30.97290667331413,strongly coupled deep reservoir,0.005138243257844412,-1.5605196597330708
31.622776601683793,strongly coupled deep reservoir,0.005032659885779503,-1.5607308373802669
