deep_temperature,upper_temperature,connectivity,conductance,transported_flux,flux_slope
2.1,2.0,0.9998840806568136,1.0498840806568135,0.10498840806568144,1.0498478600612222
2.105905905905906,2.0,0.9998819216451097,1.0498819216451096,0.11118869600605898,1.049842847524642
2.111811811811812,2.0,0.9998797224263902,1.0498797224263903,0.11738895394897685,1.0498377010642705
2.117717717717718,2.0,0.9998774822520667,1.0498774822520667,0.12358918109393727,1.0498324174312754
2.1236236236236237,2.0,0.9998752003596201,1.0498752003596201,0.12978937662103415,1.049826993302311
2.12952952952953,2.0,0.9998728759723414,1.0498728759723415,0.13598953969051178,1.0498214252778721
2.1354354354354355,2.0,0.9998705082990685,1.0498705082990685,0.1421896694423063,1.0498157098806125
2.1413413413413416,2.0,0.999868096533917,1.0498680965339169,0.1483897649955849,1.0498098435536263
2.1472472472472472,2.0,0.9998656398560067,1.0498656398560067,0.15458982544826685,1.0498038226586943
2.1531531531531534,2.0,0.9998631374291831,1.0498631374291831,0.1607898498765418,1.0497976434744898
2.159059059059059,2.0,0.9998605884017329,1.049860588401733,0.1669898373343697,1.0497913021947485
2.164964964964965,2.0,0.9998579919060958,1.0498579919060957,0.17318978685297776,1.0497847949263992
2.170870870870871,2.0,0.999855347058569,1.049855347058569,0.17938969744033803,1.0497781176876524
2.176776776776777,2.0,0.9998526529590072,1.049852652959007,0.18558956808064148,1.0497712664060475
2.1826826826826826,2.0,0.9998499086905183,1.0498499086905182,0.19178939773375325,1.049764236916464
2.1885885885885887,2.0,0.9998471133191507,1.0498471133191507,0.1979891853346628,1.0497570249590815
2.1944944944944944,2.0,0.9998442658935766,1.0498442658935765,0.20418892979291473,1.0497496261773027
2.2004004004004005,2.0,0.99984136544477,1.04984136544477,0.21038862999203511,1.0497420361156296
2.206306306306306,2.0,0.9998384109856773,1.0498384109856773,0.2165882847889369,1.049734250217494
2.2122122122122123,2.0,0.9998354015108815,1.0498354015108815,0.2227878930133203,1.0497262638230416
2.2181181181181184,2.0,0.9998323359962628,1.0498323359962627,0.22898745346705301,1.049718072166871
2.224024024024024,2.0,0.9998292133986493,1.0498292133986493,0.23518696492354135,1.049709670375721
2.22992992992993,2.0,0.9998260326554648,1.0498260326554647,0.24138642612708763,1.0497010534661109
2.235835835835836,2.0,0.9998227926843664,1.0498227926843664,0.247585835792229,1.0496922163419298
2.241741741741742,2.0,0.9998194923828795,1.0498194923828794,0.25378519260306875,1.0496831537919755
2.2476476476476477,2.0,0.9998161306280217,1.0498161306280216,0.25998449521258515,1.0496738604874385
2.253553553553554,2.0,0.999812706275924,1.049812706275924,0.26618374224193375,1.049664330979336
2.2594594594594595,2.0,0.9998092181614409,1.049809218161441,0.2723829322797252,1.0496545596958875
2.2653653653653656,2.0,0.9998056650977566,1.0498056650977565,0.2785820638812968,1.049644540939837
2.2712712712712713,2.0,0.9998020458759824,1.0498020458759825,0.2847811355679592,1.049634268885719
2.2771771771771774,2.0,0.9997983592647464,1.0497983592647464,0.2909801458262347,1.0496237375770634
2.283083083083083,2.0,0.9997946040097762,1.049794604009776,0.29717909310707175,1.049612940923544
2.288988988988989,2.0,0.9997907788334734,1.0497907788334735,0.30337797582504905,1.0496018726980638
2.294894894894895,2.0,0.9997868824344812,1.0497868824344812,0.30957679235755564,1.0495905265337806
2.300800800800801,2.0,0.9997829134872435,1.0497829134872434,0.3157755410439608,1.0495788959210715
2.3067067067067066,2.0,0.9997788706415542,1.0497788706415543,0.3219742201847569,1.0495669742044254
2.3126126126126128,2.0,0.9997747525221011,1.049774752522101,0.328172828040693,1.0495547545792774
2.3185185185185184,2.0,0.9997705577279992,1.0497705577279992,0.3343713628318811,1.0495422300887742
2.3244244244244245,2.0,0.9997662848323166,1.0497662848323166,0.34056982273689085,1.0495293936204693
2.33033033033033,2.0,0.9997619323815901,1.04976193238159,0.34676820589181645,1.0495162379029481
2.3362362362362363,2.0,0.9997574988953343,1.0497574988953342,0.3529665103893322,1.0495027555023855
2.3421421421421424,2.0,0.9997529828655387,1.0497529828655388,0.35916473427771917,1.0494889388190252
2.348048048048048,2.0,0.9997483827561583,1.0497483827561582,0.3653628755598762,1.0494747800835902
2.3539539539539542,2.0,0.9997436970025919,1.049743697002592,0.3715609321923091,1.0494602713536123
2.35985985985986,2.0,0.9997389240111543,1.0497389240111543,0.37775890208409413,1.0494454045096888
2.365765765765766,2.0,0.9997340621585347,1.0497340621585347,0.3839567830958247,1.0494301712516565
2.3716716716716717,2.0,0.9997291097912486,1.0497291097912487,0.3901545730385292,1.049414563094688
2.377577577577578,2.0,0.9997240652250781,1.049724065225078,0.3963522696725723,1.049398571365304
2.3834834834834835,2.0,0.9997189267445006,1.0497189267445006,0.4025498707065247,1.0493821871973015
2.3893893893893896,2.0,0.99971369260211,1.04971369260211,0.40874737379601706,1.0493654015275982
2.3952952952952953,2.0,0.999708361018024,1.049708361018024,0.41494477654256023,1.049348205091986
2.4012012012012014,2.0,0.9997029301792829,1.0497029301792828,0.42114207649234914,1.0493305884208004
2.407107107107107,2.0,0.9996973982392364,1.0496973982392364,0.4273392711350324,1.0493125418344946
2.413013013013013,2.0,0.9996917633169174,1.0496917633169174,0.43353635790246275,1.049294055439119
2.418918918918919,2.0,0.9996860234964088,1.0496860234964087,0.4397333341674144,1.0492751191217153
2.424824824824825,2.0,0.9996801768261921,1.049680176826192,0.44593019724227834,1.0492557225456003
2.4307307307307306,2.0,0.9996742213184912,1.049674221318491,0.4521269443777243,1.0492358551455634
2.4366366366366368,2.0,0.9996681549485973,1.0496681549485973,0.4583235727613396,1.0492155061229549
2.442542542542543,2.0,0.9996619756541871,1.0496619756541872,0.46452007951623275,1.049194664440676
2.4484484484484486,2.0,0.9996556813346245,1.0496556813346245,0.4707164616996115,1.0491733188180628
2.4543543543543542,2.0,0.9996492698502506,1.0496492698502506,0.47691271630133,1.049151457725661
2.4602602602602603,2.0,0.9996427390216617,1.0496427390216616,0.4831088402424025,1.049129069379895
2.4661661661661665,2.0,0.9996360866289723,1.0496360866289722,0.48930483037348615,1.0491061417376224
2.472072072072072,2.0,0.9996293104110666,1.0496293104110666,0.49550068347333237,1.0490826624905798
2.4779779779779783,2.0,0.9996224080648333,1.0496224080648333,0.5016963962472054,1.0490586190597033
2.483883883883884,2.0,0.9996153772443891,1.049615377244389,0.5078919653252629,1.0490339985893413
2.48978978978979,2.0,0.9996082155602867,1.0496082155602866,0.5140873872609094,1.049008787941339
2.4956956956956957,2.0,0.9996009205787082,1.0496009205787082,0.5202826585291055,1.0489829736890044
2.501601601601602,2.0,0.9995934898206433,1.0495934898206434,0.5264777755246492,1.0489565421109428
2.5075075075075075,2.0,0.9995859207610537,1.0495859207610536,0.5326727345604146,1.0489294791847699
2.5134134134134136,2.0,0.999578210828021,1.049578210828021,0.5388675318655577,1.048901770580691
2.5193193193193193,2.0,0.999570357401879,1.049570357401879,0.5450621635836785,1.0488734016549441
2.5252252252252254,2.0,0.9995623578143303,1.0495623578143303,0.5512566257709502,1.04884435744311
2.531131131131131,2.0,0.9995542093475476,1.0495542093475476,0.5574509143942029,1.048814622653286
2.537037037037037,2.0,0.9995459092332558,1.0495459092332557,0.5636450253289709,1.0487841816591081
2.542942942942943,2.0,0.9995374546518011,1.049537454651801,0.5698389543574943,1.0487530184926424
2.548848848848849,2.0,0.9995288427311991,1.049528842731199,0.5760326971666833,1.0487211168371158
2.5547547547547547,2.0,0.9995200705461686,1.0495200705461687,0.5822262493460326,1.0486884600195063
2.560660660660661,2.0,0.9995111351171453,1.0495111351171453,0.5884196063854987,1.0486550310029725
2.566566566566567,2.0,0.9995020334092796,1.0495020334092795,0.5946127636733258,1.0486208123791332
2.5724724724724726,2.0,0.9994927623314134,1.0494927623314134,0.6008057164938293,1.0485857863601806
2.5783783783783782,2.0,0.9994833187350407,1.0494833187350407,0.6069984600251316,1.048549934770835
2.5842842842842844,2.0,0.9994736994132482,1.049473699413248,0.6131909893368498,1.048513239040134
2.5901901901901905,2.0,0.9994639010996351,1.0494639010996352,0.619383299387733,1.0484756801930484
2.596096096096096,2.0,0.999453920467216,1.049453920467216,0.6255753850232504,1.048437238841928
2.6020020020020023,2.0,0.999443754127301,1.049443754127301,0.6317672409731322,1.0483978951777722
2.607907907907908,2.0,0.9994333986283566,1.0494333986283566,0.6379588618488499,1.0483576289613161
2.613813813813814,2.0,0.9994228504548451,1.049422850454845,0.6441502421410523,1.0483164195139374
2.6197197197197197,2.0,0.9994121060260448,1.0494121060260448,0.6503413762169413,1.0482742457083778
2.625625625625626,2.0,0.999401161694845,1.049401161694845,0.656532258317596,1.0482310859592672
2.6315315315315315,2.0,0.9993900137465231,1.049390013746523,0.6627228825552366,1.0481869182134615
2.6374374374374376,2.0,0.9993786583974954,1.0493786583974953,0.6689132429104356,1.048141719940174
2.6433433433433433,2.0,0.9993670917940476,1.0493670917940476,0.6751033332292636,1.0480954681209091
2.6492492492492494,2.0,0.9993553100110427,1.0493553100110427,0.6812931472203828,1.0480481392391936
2.655155155155155,2.0,0.9993433090506022,1.0493433090506021,0.6874826784520711,1.0479997092700861
2.661061061061061,2.0,0.9993310848407664,1.0493310848407664,0.6936719203491915,1.0479501536694849
2.6669669669669673,2.0,0.9993186332341288,1.0493186332341289,0.6998608661900906,1.0478994473632086
2.672872872872873,2.0,0.9993059500064455,1.0493059500064454,0.7060495091034362,1.0478475647358567
2.6787787787787787,2.0,0.9992930308552203,1.0492930308552202,0.7122378420649897,1.047794479619445
2.684684684684685,2.0,0.9992798713982624,1.0492798713982623,0.7184258578943058,1.047740165281803
2.690590590590591,2.0,0.9992664671722195,1.0492664671722194,0.7246135492513659,1.0476845944147422
2.6964964964964966,2.0,0.999252813631083,1.049252813631083,0.7308009086331408,1.0476277391219773
2.7024024024024023,2.0,0.9992389061446674,1.0492389061446674,0.7369879283700831,1.0475695709068087
2.7083083083083084,2.0,0.9992247399970593,1.0492247399970593,0.7431746006225418,1.0475100606595438
2.7142142142142145,2.0,0.9992103103850425,1.0492103103850425,0.7493609173771052,1.0474491786446778
2.72012012012012,2.0,0.9991956124164904,1.0491956124164903,0.7555468704428661,1.0473868944878002
2.7260260260260263,2.0,0.999180641108731,1.049180641108731,0.7617324514476105,1.0473231771622438
2.731931931931932,2.0,0.9991653913868824,1.0491653913868824,0.7679176518339224,1.0472579949754595
2.737837837837838,2.0,0.9991498580821586,1.0491498580821585,0.7741024628552146,1.047191315555122
2.7437437437437437,2.0,0.9991340359301423,1.0491340359301422,0.7802868755716673,1.047123105834944
2.74964964964965,2.0,0.9991179195690287,1.0491179195690288,0.786470880846092,1.047053332040213
2.7555555555555555,2.0,0.9991015035378369,1.0491015035378368,0.792654469339699,1.0469819596730312
2.7614614614614617,2.0,0.999084782274589,1.049084782274589,0.7988376315077879,1.0469089534972642
2.7673673673673673,2.0,0.9990677501144545,1.0490677501144545,0.8050203575953361,1.046834277523173
2.7732732732732734,2.0,0.9990504012878646,1.0490504012878645,0.811202637632508,1.0467578949917544
2.779179179179179,2.0,0.9990327299185888,1.0490327299185889,0.8173844614300596,1.046679768358752
2.7850850850850852,2.0,0.9990147300217803,1.0490147300217803,0.823565818574657,1.0465998592783572
2.7909909909909913,2.0,0.9989963955019826,1.0489963955019825,0.8297466984240911,1.0465181285865732
2.796896896896897,2.0,0.9989777201511022,1.0489777201511021,0.835927090102395,1.0464345362842518
2.8028028028028027,2.0,0.9989586976463454,1.0489586976463454,0.8421069824948638,1.0463490415197925
2.808708708708709,2.0,0.9989393215481157,1.0489393215481158,0.8482863642429658,1.0462616025714881
2.814614614614615,2.0,0.9989195852978755,1.0489195852978754,0.8544652237391505,1.0461721768295251
2.8205205205205206,2.0,0.9988994822159678,1.0488994822159678,0.8606435491215505,1.0460807207776208
2.8264264264264263,2.0,0.9988790054993998,1.0488790054993997,0.8668213282685728,1.0459871899742956
2.8323323323323324,2.0,0.9988581482195857,1.0488581482195858,0.872998548793379,1.0458915390337724
2.8382382382382385,2.0,0.9988369033200503,1.0488369033200502,0.8791751980382486,1.045793721606496
2.844144144144144,2.0,0.9988152636140899,1.04881526361409,0.8853512630688309,1.0456936903592677
2.8500500500500503,2.0,0.9987932217823925,1.0487932217823925,0.8915267306682763,1.0455913969549817
2.855955955955956,2.0,0.9987707703706147,1.0487707703706146,0.8977015873312438,1.0454867920319637
2.861861861861862,2.0,0.9987479017869147,1.0487479017869148,0.9038758192577917,1.0453798251828976
2.8677677677677678,2.0,0.9987246082994439,1.048724608299444,0.9100494123471351,1.0452704449333425
2.873673673673674,2.0,0.9987008820337887,1.0487008820337886,0.9162223521912822,1.0451585987198126
2.8795795795795796,2.0,0.9986767149703725,1.0486767149703724,0.9223946240685348,1.0450442328674423
2.8854854854854857,2.0,0.9986520989418061,1.048652098941806,0.9285662129368586,1.0449272925671946
2.891391391391392,2.0,0.9986270256301948,1.0486270256301948,0.934737103427116,1.044807721852635
2.8972972972972975,2.0,0.9986014865643947,1.0486014865643947,0.9409072798361597,1.04468546357624
2.903203203203203,2.0,0.9985754731172226,1.0485754731172225,0.9470767261197897,1.0445604593852482
2.9091091091091092,2.0,0.9985489765026138,1.0485489765026137,0.9532454258855595,1.0444326496970335
2.9150150150150154,2.0,0.9985219877727314,1.0485219877727314,0.9594133623854396,1.0443019736739994
2.920920920920921,2.0,0.9984944978150238,1.0484944978150237,0.9655805185083303,1.0441683691979833
2.9268268268268267,2.0,0.9984664973492288,1.0484664973492288,0.9717468767724232,1.0440317728441602
2.932732732732733,2.0,0.9984379769243272,1.0484379769243273,0.9779124193174057,1.0438921198544442
2.938638638638639,2.0,0.9984089269154394,1.0484089269154393,0.9840771278965043,1.0437493441103627
2.9445445445445446,2.0,0.9983793375206693,1.0483793375206694,0.990240983868372,1.0436033781054164
2.9504504504504507,2.0,0.998349198757892,1.048349198757892,0.9964039681888075,1.0434541529168946
2.9563563563563564,2.0,0.9983185004614843,1.0483185004614843,1.0025660614023044,1.0433015981771532
2.9622622622622625,2.0,0.9982872322789983,1.0482872322789982,1.0087272436334347,1.0431456420443317
2.968168168168168,2.0,0.9982553836677754,1.0482553836677755,1.0148874945780506,1.04298621117251
2.9740740740740743,2.0,0.9982229438915026,1.0482229438915025,1.0210467934943157,1.042823230681291
2.97997997997998,2.0,0.9981899020167055,1.0481899020167056,1.0272051191935483,1.0426566241247979
2.985885885885886,2.0,0.998156246909183,1.048156246909183,1.0333624500308853,1.042486313460077
2.9917917917917918,2.0,0.998121967230377,1.048121967230377,1.0395187638957533,1.0423122190148997
2.997697697697698,2.0,0.9980870514336802,1.0480870514336802,1.0456740382021514,1.0421342594549454
3.0036036036036036,2.0,0.9980514877606773,1.0480514877606772,1.0518282498787337,1.0419523517503597
3.0095095095095097,2.0,0.9980152642373237,1.0480152642373237,1.0579813753587,1.0417664111416811
3.015415415415416,2.0,0.9979783686700544,1.0479783686700543,1.064133390569473,1.0415763511051144
3.0213213213213215,2.0,0.9979407886418281,1.0479407886418282,1.0702842709221796,1.0413820833171554
3.027227227227227,2.0,0.9979025115080986,1.0479025115080987,1.0764339913009118,1.041183517618532
3.0331331331331333,2.0,0.9978635243927213,1.0478635243927212,1.0825825260517794,1.0409805619774861
3.0390390390390394,2.0,0.9978238141837836,1.0478238141837837,1.0887298489717396,1.0407731224523427
3.044944944944945,2.0,0.9977833675293677,1.0477833675293677,1.0948759332972042,1.0405611031533957
3.0508508508508507,2.0,0.997742170833236,1.047742170833236,1.1010207516924233,1.0403444062040639
3.056756756756757,2.0,0.9977002102504458,1.0477002102504458,1.1071642762376332,1.0401229317013336
3.062662662662663,2.0,0.997657471682884,1.047657471682884,1.1133064784169668,1.0398965776754496
3.0685685685685686,2.0,0.9976139407747309,1.047613940774731,1.1194473291061315,1.0396652400488768
3.0744744744744747,2.0,0.99756960290784,1.04756960290784,1.1255867985598356,1.0394288125944797
3.0803803803803804,2.0,0.9975244431970418,1.0475244431970419,1.1317248563989664,1.0391871868929365
3.0862862862862865,2.0,0.9974784464853675,1.0474784464853675,1.1378614715975186,1.0389402522893754
3.092192192192192,2.0,0.997431597339189,1.047431597339189,1.1439966124692584,1.0386878958491963
3.0980980980980983,2.0,0.9973838800432769,1.0473838800432769,1.150130246654129,1.0384300023130926
3.104004004004004,2.0,0.997335278595776,1.047335278595776,1.1562623411043855,1.0381664540512505
3.10990990990991,2.0,0.9972857767030917,1.0472857767030916,1.1623928620704587,1.0378971310167036
3.1158158158158162,2.0,0.9972353577746934,1.0472353577746933,1.1685217750865375,1.0376219106978466
3.121721721721722,2.0,0.9971840049178265,1.0471840049178265,1.1746490449558724,1.0373406680700805
3.1276276276276276,2.0,0.9971317009321383,1.0471317009321384,1.1807746357357896,1.0370532755465924
3.1335335335335337,2.0,0.9970784283042102,1.0470784283042103,1.1868985107224104,1.0367596029282364
3.13943943943944,2.0,0.9970241692019991,1.047024169201999,1.193020632435071,1.0364595173525186
3.1453453453453455,2.0,0.9969689054691864,1.0469689054691864,1.1991409626004437,1.0361528832416729
3.151251251251251,2.0,0.99691261861943,1.04691261861943,1.2052594621363426,1.035839562249799
3.1571571571571573,2.0,0.9968552898305219,1.046855289830522,1.2113760911352187,1.0355194132090664
3.1630630630630634,2.0,0.9967968999384472,1.0467968999384472,1.2174908088473295,1.0351922920749645
3.168968968968969,2.0,0.9967374294313457,1.0467374294313456,1.223603573663589,1.0348580518705843
3.1748748748748747,2.0,0.9966768584433698,1.0466768584433699,1.2297143430980813,1.034516542629912
3.180780780780781,2.0,0.9966151667484447,1.0466151667484447,1.2358230737702356,1.03416761134014
3.186686686686687,2.0,0.9965523337539225,1.0465523337539224,1.241929721386662,1.033811101882962
3.1925925925925926,2.0,0.9964883384941322,1.0464883384941321,1.2480342407226317,1.0334468549748475
3.1984984984984983,2.0,0.9964231596238243,1.0464231596238243,1.2541365856032078,1.0330747081062808
3.2044044044044044,2.0,0.9963567754115077,1.0463567754115077,1.26023670888401,1.0326944954799573
3.2103103103103106,2.0,0.9962891637326753,1.0462891637326752,1.2663345624316096,1.032306047947903
3.2162162162162167,2.0,0.9962203020629231,1.046220302062923,1.2724300971035556,1.031909192947538
3.2221221221221223,2.0,0.9961501674709534,1.0461501674709535,1.2785232627280154,1.0315037544366334
3.228028028028028,2.0,0.9960787366114664,1.0460787366114663,1.28461400808303,1.0310895528271744
3.233933933933934,2.0,0.996005985717936,1.046005985717936,1.2907022808753754,1.0306664049181045
3.2398398398398403,2.0,0.9959318905952701,1.0459318905952701,1.2967880277190211,1.0302341238269441
3.245745745745746,2.0,0.9958564266123511,1.0458564266123511,1.3028711941131843,1.0297925189202595
3.2516516516516516,2.0,0.995779568694458,1.045779568694458,1.3089517244199702,1.0293413957429831
3.2575575575575577,2.0,0.9957012913155674,1.0457012913155674,1.315029561841589,1.0288805559465621
3.263463463463464,2.0,0.9956215684905303,1.0456215684905303,1.321104648397145,1.028409797215923
3.2693693693693695,2.0,0.9955403737671277,1.0455403737671276,1.3271769248989937,1.027928913195252
3.275275275275275,2.0,0.9954576802179965,1.0454576802179965,1.333246330928656,1.0274376934125538
3.2811811811811813,2.0,0.995373460432432,1.045373460432432,1.3393128048122822,1.0269359232030053
3.2870870870870874,2.0,0.995287686508059,1.045287686508059,1.3453762835956582,1.0264233836310712
3.292992992992993,2.0,0.9952003300423727,1.0452003300423727,1.3514367030187515,1.0258998514113746
3.2988988988988988,2.0,0.9951113621241504,1.0451113621241503,1.357493997489787,1.0253650988283247
3.304804804804805,2.0,0.9950207533247256,1.0450207533247255,1.3635481000588388,1.024818893654462
3.310710710710711,2.0,0.9949284736891308,1.0449284736891309,1.3695989423909392,1.0242609990675406
3.3166166166166167,2.0,0.9948344927271022,1.0448344927271023,1.3756464547386964,1.0236911735663172
3.322522522522523,2.0,0.9947387794039467,1.0447387794039467,1.381690565914409,1.0231091708850424
3.3284284284284285,2.0,0.9946413021312691,1.044641302131269,1.3877312032616689,1.022514739906642
3.3343343343343346,2.0,0.9945420287575596,1.0445420287575595,1.3937682926264536,1.021907624574589
3.3402402402402407,2.0,0.9944409265586373,1.0444409265586372,1.3998017583276874,1.0212875638034369
3.3461461461461464,2.0,0.9943379622279511,1.0443379622279512,1.4058315231272762,1.02065429138803
3.352052052052052,2.0,0.9942331018667349,1.0442331018667348,1.4118575081995983,1.0200075359113603
3.357957957957958,2.0,0.9941263109740152,1.044126310974015,1.4178796331004495,1.0193470206510802
3.3638638638638643,2.0,0.994017554436472,1.044017554436472,1.423897815735429,1.0186724634846527
3.36976976976977,2.0,0.9939067965181492,1.0439067965181492,1.4299119723277633,1.01798357679314
3.3756756756756756,2.0,0.9937940008500139,1.043794000850014,1.4359220173855596,1.0172800673636198
3.3815815815815817,2.0,0.9936791304193638,1.0436791304193638,1.4419278636684745,1.016561636290225
3.387487487487488,2.0,0.9935621475590821,1.0435621475590822,1.447929422153798,1.015827978873812
3.3933933933933935,2.0,0.9934430139367341,1.043443013936734,1.453926602001936,1.015078784520228
3.399299299299299,2.0,0.9933216905435114,1.0433216905435114,1.4599193105212958,1.0143137366372106
3.4052052052052053,2.0,0.9931981376830167,1.0431981376830166,1.4659074531325513,1.0135325125298866
3.4111111111111114,2.0,0.99307231495989,1.04307231495989,1.4718909333322894,1.0127347832948876
3.417017017017017,2.0,0.9929441812682755,1.0429441812682756,1.477869652656027,1.011920213713071
3.4229229229229228,2.0,0.9928136947801278,1.0428136947801279,1.4838435106405923,1.0110884621408587
3.428828828828829,2.0,0.992680812933355,1.042680812933355,1.4898124047858567,1.010239180400182
3.434734734734735,2.0,0.9925454924197994,1.0425454924197994,1.4957762305158147,1.0093720136670457
3.440640640640641,2.0,0.9924076891730554,1.0424076891730554,1.5017348811390008,1.008486600358717
3.446546546546547,2.0,0.9922673583561199,1.04226735835612,1.5076882478082374,1.0075825720195302
3.4524524524524525,2.0,0.992124454348879,1.042124454348879,1.513636219479703,1.006659553205335
3.4583583583583586,2.0,0.9919789307354271,1.041978930735427,1.5195786828713151,1.0057171613665794
3.4642642642642647,2.0,0.9918307402912185,1.0418307402912186,1.5255155224204153,1.0047550067300415
3.4701701701701704,2.0,0.9916798349700524,1.0416798349700525,1.531446620240757,1.0037726921792323
3.476076076076076,2.0,0.9915261658908858,1.0415261658908859,1.537371856078779,1.0027698131334561
3.481981981981982,2.0,0.991369683324481,1.041369683324481,1.5432911072691635,1.001745957425577
3.4878878878878883,2.0,0.991210336679881,1.041210336679881,1.5492042486896653,1.0007007051784773
3.493793793793794,2.0,0.9910480744907156,1.0410480744907156,1.5551111527152102,0.9996336286802461
3.4996996996996996,2.0,0.9908828444013361,1.040882844401336,1.5610116891712529,0.9985442922580989
3.5056056056056057,2.0,0.9907145931527814,1.0407145931527815,1.5669057252863852,0.9974322521510779
3.511511511511512,2.0,0.9905432665685708,1.0405432665685708,1.5727931256441865,0.9962970563815198
3.5174174174174175,2.0,0.9903688095403277,1.0403688095403276,1.578673752134317,0.9951382446253508
3.523323323323323,2.0,0.9901911660132318,1.0401911660132317,1.5845474639028387,0.9939553480812159
3.5292292292292293,2.0,0.9900102789713012,1.0400102789713013,1.5904141173017587,0.992747889338482
3.5351351351351354,2.0,0.9898260904225051,1.0398260904225052,1.596273565837792,0.991515382244149
3.541041041041041,2.0,0.9896385413837041,1.0396385413837042,1.6021256601203329,0.9902573317686899
3.546946946946947,2.0,0.9894475718654243,1.0394475718654244,1.6079702478086353,0.9889732338708821
3.552852852852853,2.0,0.9892531208564613,1.0392531208564613,1.6138071735581867,0.9876625753616484
3.558758758758759,2.0,0.9890551263083166,1.0390551263083165,1.619636278966277,0.9863248337669633
3.564664664664665,2.0,0.9888535251194677,1.0388535251194677,1.6254574025167572,0.9849594771898699
3.570570570570571,2.0,0.9886482531194728,1.0386482531194727,1.631270379523977,0.9835659641716552
3.5764764764764765,2.0,0.9884392450529101,1.03843924505291,1.637075042075904,0.9821437435522334
3.5823823823823826,2.0,0.9882264345631564,1.0382264345631564,1.6428712189764143,0.9806922543298081
3.5882882882882887,2.0,0.9880097541760015,1.0380097541760014,1.6486587356867486,0.9792109255198481
3.5941941941941944,2.0,0.9877891352831063,1.0377891352831063,1.6544374142661415,0.9776991760134716
3.6001001001001,2.0,0.9875645081253018,1.0375645081253018,1.6602070733116066,0.9761564144352768
3.606006006006006,2.0,0.9873358017757328,1.0373358017757328,1.6659675278968828,0.9745820390007097
3.6119119119119123,2.0,0.9871029441228495,1.0371029441228494,1.6717185895105353,0.9729754373730369
3.617817817817818,2.0,0.9868658618532494,1.0368658618532494,1.677460065993215,0.9713359865200071
3.6237237237237236,2.0,0.9866244804343695,1.0366244804343694,1.6831917614740646,0.9696630525702686
3.6296296296296298,2.0,0.9863787240970374,1.0363787240970375,1.6889134763062834,0.9679559906696682
3.635535535535536,2.0,0.9861285158178792,1.0361285158178792,1.6946250070018352,0.9662141448374779
3.6414414414414416,2.0,0.9858737773015905,1.0358737773015905,1.7003261461653134,0.9644368478226857
3.6473473473473472,2.0,0.9856144289630743,1.0356144289630742,1.706016682426958,0.9626234209604319
3.6532532532532533,2.0,0.9853503899094485,1.0353503899094485,1.71169640037482,0.9607731740287081
3.6591591591591595,2.0,0.9850815779219284,1.0350815779219285,1.7173650804860827,0.9588854051054252
3.665065065065065,2.0,0.9848079094375901,1.0348079094375902,1.7230224990575451,0.9569594004259859
3.6709709709709712,2.0,0.9845292995310156,1.0345292995310156,1.7286684281352598,0.9549944342414605
3.676876876876877,2.0,0.9842456618958302,1.0342456618958302,1.7343026354433382,0.952989768677524
3.682782782782783,2.0,0.9839569088261324,1.0339569088261324,1.7399248843119235,0.9509446535942659
3.688688688688689,2.0,0.9836629511978286,1.0336629511978286,1.7455349336043415,0.9488583264470474
3.694594594594595,2.0,0.983363698449871,1.033363698449871,1.7511325376434304,0.9467300121485149
3.7005005005005005,2.0,0.9830590585654132,1.0330590585654131,1.756717446137061,0.9445589229319706
3.7064064064064066,2.0,0.9827489380528839,1.0327489380528838,1.762289404102854,0.9423442582162243
3.7123123123123127,2.0,0.9824332419269907,1.0324332419269906,1.7678481517921028,0.9400852044721242
3.7182182182182184,2.0,0.9821118736896604,1.0321118736896604,1.7733934246129153,0.9377809350909388
3.724124124124124,2.0,0.9817847353109206,1.0317847353109206,1.7789249530525821,0.9354306102547533
3.73003003003003,2.0,0.981451727209739,1.031451727209739,1.7844424625991913,0.9330333768091209
3.7359359359359363,2.0,0.9811127482348198,1.0311127482348197,1.7899456736624872,0.9305883681381126
3.741841841841842,2.0,0.9807676956453751,1.030767695645375,1.7954343014940113,0.9280947040420313
3.7477477477477477,2.0,0.9804164650918755,1.0304164650918755,1.800908056106521,0.9255514906179568
3.7536536536536538,2.0,0.9800589505967939,1.0300589505967939,1.806366642192716,0.9229578201433958
3.75955955955956,2.0,0.9796950445353508,1.0296950445353508,1.8118097590432831,0.9203127709632324
3.7654654654654656,2.0,0.9793246376162753,1.0293246376162752,1.817237100464289,0.917615407380257
3.7713713713713712,2.0,0.9789476188625906,1.0289476188625906,1.822648354693934,0.9148647795495014
3.7772772772772774,2.0,0.9785638755924397,1.0285638755924398,1.8280432043186956,0.9120599233766636
3.7831831831831835,2.0,0.9781732933999616,1.0281732933999617,1.833421326188881,0.909199860420884
3.7890890890890896,2.0,0.9777757561362342,1.0277757561362342,1.8387823913336254,0.9062835978021688
3.7949949949949953,2.0,0.9773711458902955,1.0273711458902954,1.8441260648753535,0.9033101281137383
3.800900900900901,2.0,0.9769593429702599,1.02695934297026,1.8494520059437385,0.9002784293396219
3.806806806806807,2.0,0.9765402258845451,1.026540225884545,1.8547598675891932,0.8971874647778084
3.812712712712713,2.0,0.9761136713232237,1.0261136713232237,1.8600492966959223,0.8940361829692735
3.818618618618619,2.0,0.9756795541395197,1.0256795541395196,1.865319933894574,0.8908235176332417
3.8245245245245245,2.0,0.9752377473314626,1.0252377473314627,1.8705714134745315,0.8875483876089987
3.8304304304304306,2.0,0.9747881220237228,1.0247881220237227,1.8758033632958755,0.8842096968046533
3.8363363363363367,2.0,0.9743305474496429,1.024330547449643,1.8810154047010714,0.8808063341532028
3.8422422422422424,2.0,0.9738648909334855,1.0238648909334855,1.8862071524264135,0.8773371735762762
3.848148148148148,2.0,0.9733910178729199,1.02339101787292,1.8913782145132854,0.8738010739559853
3.854054054054054,2.0,0.9729087917217661,1.022908791721766,1.8965281922192745,0.8701968791152642
3.8599599599599603,2.0,0.9724180739730196,1.0224180739730195,1.9016566799291972,0.8665234178071377
3.865865865865866,2.0,0.9719187241421792,1.0219187241421792,1.9067632650660882,0.8627795037133467
3.8717717717717717,2.0,0.9714105997509013,1.0214105997509013,1.9118475280022125,0.858963935452783
3.877677677677678,2.0,0.9708935563110058,1.0208935563110058,1.9169090419701549,0.8550754966002003
3.883583583583584,2.0,0.970367447308858,1.020367447308858,1.9219473729740524,0.8511129557156707
3.8894894894894896,2.0,0.969832124190152,1.019832124190152,1.926962079701032,0.8470750663852751
3.8953953953953953,2.0,0.9692874363451255,1.0192874363451254,1.9319527134329277,0.842960567273549
3.9013013013013014,2.0,0.9687332310942296,1.0187332310942296,1.936918817958338,0.8387681821881674
3.9072072072072075,2.0,0.9681693536742871,1.018169353674287,1.9418599294851044,0.8344966201574404
3.9131131131131136,2.0,0.9675956472251653,1.0175956472251653,1.9467755765532897,0.830144575521131
3.9190190190190193,2.0,0.9670119527769961,1.017011952776996,1.9516652799487282,0.8257107280351723
3.924924924924925,2.0,0.966418109237975,1.016418109237975,1.9565285526172431,0.8211937429908538
3.930830830830831,2.0,0.9658139533827705,1.0158139533827706,1.961364899579606,0.8165922713490592
3.936736736736737,2.0,0.9651993198415805,1.0151993198415805,1.9661738178473378,0.811904949890168
3.942642642642643,2.0,0.9645740410898662,1.0145740410898663,1.9709547963394431,0.8071304013802237
3.9485485485485485,2.0,0.9639379474388036,1.0139379474388035,1.975707315800175,0.8022672347540029
3.9544544544544546,2.0,0.963290867026487,1.013290867026487,1.980430848717934,0.7973140453156383
3.9603603603603608,2.0,0.9626326258099236,1.0126326258099236,1.9851248592454003,0.792269414957434
3.9662662662662664,2.0,0.9619630475578563,1.0119630475578563,1.9897888031210182,0.7871319123975561
3.972172172172172,2.0,0.9612819538444591,1.011281953844459,1.9944221275919451,0.7819000934372866
3.9780780780780782,2.0,0.9605891640439406,1.0105891640439406,1.9990242713385697,0.7765725012385187
3.9839839839839843,2.0,0.9598844953261024,1.0098844953261024,2.003594664400736,0.7711476666222223
3.98988988988989,2.0,0.9591677626528957,1.0091677626528957,2.0081327281057972,0.7656241083886001
3.9957957957957957,2.0,0.9584387787760164,1.0084387787760163,2.0126378749986196,0.7600003336596484
4.001701701701702,2.0,0.9576973542355899,1.0076973542355898,2.017109508773683,0.7542748382448985
4.007607607607608,2.0,0.9569432973599898,1.0069432973599899,2.0215470242094056,0.7484461070310755
4.013513513513514,2.0,0.9561764142668365,1.0061764142668366,2.025949807104847,0.7425126143964362
4.019419419419419,2.0,0.9553965088652315,1.0053965088652315,2.030317234218937,0.7364728246506086
4.025325325325325,2.0,0.954603382859267,1.004603382859267,2.0346486732123674,0.7303251925006393
4.0312312312312315,2.0,0.9537968357528759,1.003796835752876,2.0389434825923285,0.7240681635441467
4.037137137137138,2.0,0.9529766648560604,1.0029766648560603,2.043201011660229,0.7177001747902878
4.043043043043044,2.0,0.9521426652925643,1.0021426652925642,2.047420600462587,0.7112196552094188
4.048948948948949,2.0,0.9512946300090381,1.0012946300090382,2.0516015797452454,0.7046250263122367
4.054854854854855,2.0,0.9504323497857524,1.0004323497857524,2.055743270911104,0.6979147027592207
4.060760760760761,2.0,0.9495556132489203,0.9995556132489204,2.059844985981534,0.6910870930012282
4.066666666666666,2.0,0.9486642068846839,0.9986642068846839,2.06390602756168,0.6841405999520456
4.0725725725725725,2.0,0.9477579150548227,0.9977579150548227,2.06792568880982,0.6770736216937353
4.078478478478479,2.0,0.9468365200142504,0.9968365200142505,2.071903253411001,0.6698845522156411
4.084384384384385,2.0,0.9458998019303521,0.9958998019303521,2.0758379955551276,0.6625717821878223
4.090290290290291,2.0,0.9449475389042309,0.9949475389042309,2.0797291799197355,0.6551336997698136
4.096196196196196,2.0,0.9439795069939251,0.9939795069939251,2.083576061657636,0.6475686914554931
4.102102102102102,2.0,0.9429954802396578,0.9929954802396579,2.0873778863896715,0.639875142954894
4.108008008008008,2.0,0.9419952306911873,0.9919952306911873,2.0911338902027747,0.6320514401137802
4.113913913913914,2.0,0.94097852843732,0.99097852843732,2.0948432996535855,0.6240959698717773
4.119819819819821,2.0,0.9399451416376539,0.9899451416376539,2.0985053317778384,0.6160071212598489
4.125725725725726,2.0,0.9388948365566223,0.9888948365566224,2.102119194105749,0.6077832864379349
4.131631631631632,2.0,0.9378273775999003,0.9878273775999004,2.1056840846836717,0.5994228617734617
4.137537537537538,2.0,0.9367425273532459,0.986742527353246,2.109199192102224,0.5909242489615187
4.143443443443443,2.0,0.935640046623844,0.9856400466238441,2.112663695531168,0.5822858561874035
4.149349349349349,2.0,0.9345196944842217,0.9845196944842217,2.1160767647612824,0.5735060993322474
4.1552552552552555,2.0,0.9333812283188052,0.9833812283188053,2.1194375602534734,0.5645834032224071
4.161161161161161,2.0,0.9322244038731887,0.9822244038731888,2.1227452331954098,0.5555162029232655
4.167067067067068,2.0,0.9310489753061837,0.9810489753061837,2.125998925565924,0.5463029450780648
4.172972972972973,2.0,0.9298546952447221,0.9798546952447221,2.1291977702074503,0.5369420892923746
4.178878878878879,2.0,0.9286413148416784,0.9786413148416785,2.1323408909067885,0.5274321095647077
4.184784784784785,2.0,0.927408583836688,0.977408583836688,2.1354274024844404,0.5177714957638471
4.1906906906906904,2.0,0.9261562506200257,0.9761562506200258,2.138456410892819,0.5079587551533122
4.1965965965965975,2.0,0.9248840622996153,0.9748840622996153,2.1414270133236,0.49799241396338056
4.202502502502503,2.0,0.9235917647712446,0.9735917647712446,2.1443382983244943,0.4878710190110873
4.208408408408409,2.0,0.9222791027920457,0.9722791027920458,2.1471893459257374,0.4775931393684388
4.214314314314315,2.0,0.9209458200573174,0.9709458200573174,2.1499792277765692,0.4671573680791751
4.22022022022022,2.0,0.9195916592807504,0.9695916592807504,2.1527070072919963,0.45656232392422147
4.226126126126126,2.0,0.9182163622781245,0.9682163622781246,2.1553717398101315,0.44580665323598345
4.232032032032032,2.0,0.9168196700545441,0.9668196700545442,2.1579724727603833,0.43488903176155214
4.237937937937938,2.0,0.9154013228952714,0.9654013228952715,2.160508245842801,0.42380816657478093
4.243843843843845,2.0,0.9139610604602223,0.9639610604602223,2.162978091218854,0.4125627980371487
4.24974974974975,2.0,0.912498621882189,0.962498621882189,2.165381033713934,0.40115170180726967
4.255655655655656,2.0,0.9110137458688379,0.9610137458688379,2.1677160910318714,0.3895736908987033
4.261561561561562,2.0,0.9095061708085519,0.9595061708085519,2.1699822739817436,0.3778276177858044
4.267467467467467,2.0,0.9079756348801632,0.9579756348801632,2.172178586717263,0.36591237655709574
4.273373373373373,2.0,0.906421876166629,0.956421876166629,2.17430402698902,0.3538269051156141
4.2792792792792795,2.0,0.904844632772706,0.954844632772706,2.176357586409862,0.34157018742561684
4.285185185185185,2.0,0.9032436429466615,0.9532436429466615,2.178338250733667,0.32914125580480946
4.291091091091092,2.0,0.9016186452060705,0.9516186452060705,2.180245000147803,0.316539193261259
4.296996996996997,2.0,0.8999693784677384,0.9499693784677384,2.182076809579499,0.30376313587397497
4.302902902902903,2.0,0.8982955821817799,0.9482955821817799,2.1838326490164195,0.29081227521598296
4.308808808808809,2.0,0.8965969964698968,0.9465969964698968,2.185511483841659,0.2776858608187073
4.3147147147147145,2.0,0.8948733622678752,0.9448733622678752,2.1871122751834178,0.2643832026761914
4.3206206206206215,2.0,0.8931244214723272,0.9431244214723272,2.1886339802795765,0.25090367378764233
4.326526526526527,2.0,0.891349917091704,0.941349917091704,2.190075552857396,0.23724671273665565
4.332432432432433,2.0,0.8895495934015836,0.9395495934015836,2.191435943528559,0.22341182630521217
4.338338338338339,2.0,0.8877231961042547,0.9377231961042547,2.1927141001997392,0.20939859212054845
4.344244244244244,2.0,0.8858704724925927,0.9358704724925927,2.1939089684989015,0.19520666133270104
4.35015015015015,2.0,0.8839911716182303,0.9339911716182303,2.1950194922174986,0.18083576132044532
4.356056056056056,2.0,0.8820850444640155,0.9320850444640155,2.196044613768722,0.16628569842317076
4.361961961961962,2.0,0.8801518441207424,0.9301518441207425,2.1969832746619655,0.15155636069604161
4.367867867867869,2.0,0.8781913259681338,0.9281913259681338,2.197834415993615,0.1366477206856308
4.373773773773774,2.0,0.876203247860054,0.926203247860054,2.1985969789542863,0.12155983822308813
4.37967967967968,2.0,0.8741873703139089,0.924187370313909,2.1992699053526086,0.10629286323159792
4.385585585585586,2.0,0.8721434567042021,0.9221434567042022,2.199852138155611,0.09084703854487841
4.391491491491491,2.0,0.8700712734601921,0.9200712734601921,2.2003426220457905,0.07522270273313691
4.397397397397397,2.0,0.8679705902675913,0.9179705902675913,2.200740303994876,0.059420292932761076
4.4033033033033036,2.0,0.865841180274253,0.9158411802742531,2.201044133854309,0.04344034767592486
4.409209209209209,2.0,0.8636828202997582,0.9136828202997582,2.2012530649624202,0.027283509715921306
4.415115115115116,2.0,0.861495291048828,0.9114952910488281,2.2013660547682763,0.010950528844015595
4.421021021021021,2.0,0.859278377328476,0.909278377328476,2.2013820654721243,-0.005557735306620737
4.426926926926927,2.0,0.8570318682687801,0.9070318682687801,2.2013000646823397,-0.022240310474660463
4.432832832832833,2.0,0.8547555575471899,0.90475555754719,2.2011190260887794,-0.03909610900672367
4.4387387387387385,2.0,0.8524492436162262,0.9024492436162262,2.200837930152364,-0.05612392512100761
4.4446446446446455,2.0,0.8501127299344559,0.9001127299344559,2.20045576481074,-0.07332243220355628
4.450550550550551,2.0,0.8477458252006006,0.8977458252006006,2.1999715261997905,-0.09069018014255537
4.456456456456457,2.0,0.8453483435906196,0.8953483435906197,2.1993842193907716,-0.10822559270628507
4.462362362362363,2.0,0.842920104997619,0.8929201049976191,2.1986928591427866,-0.1259269649703464
4.468268268268268,2.0,0.8404609352744026,0.8904609352744026,2.197896470670292,-0.14379246080016128
4.474174174174174,2.0,0.8379706664784876,0.8879706664784877,2.1969940904253034,-0.1618201103947441
4.48008008008008,2.0,0.8354491371193917,0.8854491371193918,2.195984766893899,-0.18000780789796234
4.485985985985986,2.0,0.8328961924079816,0.8828961924079817,2.1948675614066286,-0.1983533090836529
4.491891891891893,2.0,0.8303116845076659,0.880311684507666,2.1936415489623466,-0.2168542291211093
4.497797797797798,2.0,0.8276954727872147,0.8776954727872147,2.1923058190650018,-0.23550804042746953
4.503703703703704,2.0,0.8250474240749456,0.8750474240749456,2.190859476572827,-0.25431207061389627
4.50960960960961,2.0,0.8223674129140481,0.8723674129140482,2.18930164255937,-0.2732635005322288
4.515515515515515,2.0,0.8196553218187664,0.8696553218187665,2.1876314551857456,-0.29235936242917016
4.5214214214214214,2.0,0.8169110415311721,0.8669110415311722,2.185848070583453,-0.311596538214982
4.527327327327328,2.0,0.8141344712782476,0.8641344712782476,2.183950663747067,-0.33097175785375044
4.533233233233233,2.0,0.8113255190289704,0.8613255190289705,2.1819384294360513,-0.35048159788242994
4.53913913913914,2.0,0.808484101751101,0.858484101751101,2.179810583084928,-0.37012248006579884
4.545045045045045,2.0,0.8056101456673552,0.8556101456673553,2.177566361720972,-0.3898906701944904
4.550950950950951,2.0,0.8027035865106201,0.8527035865106202,2.175205024888553,-0.40978227703341574
4.556856856856857,2.0,0.799764369777889,0.849764369777889,2.1727258555792415,-0.4297932514276165
4.5627627627627625,2.0,0.7967924509825549,0.846792450982555,2.1701281611667036,-0.44991938557279176
4.5686686686686695,2.0,0.7937877959047004,0.8437877959047004,2.167411274345398,-0.47015631245758494
4.574574574574575,2.0,0.7907503808390285,0.8407503808390285,2.1645745540720536,-0.4904995054845479
4.580480480480481,2.0,0.7876801928400325,0.8376801928400326,2.161617386508829,-0.5109442782768536
4.586386386386387,2.0,0.7845772299640406,0.8345772299640406,2.1585391859670557,-0.531485784677383
4.592292292292292,2.0,0.7814415015077222,0.8314415015077222,2.1553393958503984,-0.5521190189469366
4.598198198198198,2.0,0.7782730282426595,0.8282730282426596,2.1520174895962434,-0.5728388161680147
4.604104104104104,2.0,0.7750718426455749,0.825071842645575,2.148572971614078,-0.593639852860407
4.61001001001001,2.0,0.7718379891237915,0.8218379891237916,2.1450053782195933,-0.6145166478147043
4.615915915915917,2.0,0.7685715242355051,0.8185715242355052,2.1413142785632093,-0.635463563149518
4.621821821821822,2.0,0.7652725169044481,0.8152725169044481,2.1374992755516824,-0.6564748055978968
4.627727727727728,2.0,0.7619410486284917,0.8119410486284917,2.133560006761415,-0.6775444280283074
4.633633633633634,2.0,0.7585772136817762,0.8085772136817763,2.1294961453420957,-0.6986663312049267
4.639539539539539,2.0,0.7551811193099098,0.8051811193099099,2.1253074009092106,-0.719834265791941
4.6454454454454455,2.0,0.7517528859178014,0.8017528859178015,2.1209935204239896,-0.7410418346059849
4.651351351351352,2.0,0.748292647249691,0.7982926472496911,2.1165542890593163,-0.7622824951204731
4.657257257257257,2.0,0.7448005505609254,0.7948005505609255,2.1119895310500825,-0.7835495622252262
4.663163163163164,2.0,0.7412767567810425,0.7912767567810426,2.107299110526491,-0.8048362112442586
4.669069069069069,2.0,0.7377214406677326,0.7877214406677326,2.1024829323287713,-0.8261354812140906
4.674974974974975,2.0,0.7341347909512194,0.7841347909512194,2.0975409428017455,-0.8474402784246041
4.680880880880881,2.0,0.7305170104686552,0.7805170104686553,2.0924731305677207,-0.8687433802236603
4.6867867867867865,2.0,0.7268683162880826,0.7768683162880826,2.0872795272761184,-0.8900374390864202
4.6926926926926935,2.0,0.7231889398215471,0.7731889398215471,2.0819602083282907,-0.9113149869495619
4.698598598598599,2.0,0.7194791269269601,0.7694791269269602,2.076515293575968,-0.9325684398099839
4.704504504504505,2.0,0.7157391379982804,0.7657391379982804,2.070944947991746,-0.9537901025871601
4.710410410410411,2.0,0.7119692480436525,0.7619692480436525,2.0652493823101086,-0.9749721742473526
4.716316316316316,2.0,0.7081697467510909,0.758169746751091,2.0594288536373977,-0.9961067531875828
4.722222222222222,2.0,0.7043409385413524,0.7543409385413524,2.053483666029237,-1.0171858428763427
4.728128128128128,2.0,0.7004831426076383,0.7504831426076384,2.047414171033892,-1.038201357747444
4.734034034034034,2.0,0.6965966929417788,0.7465966929417789,2.0412207682000805,-1.0591451293427347
4.739939939939941,2.0,0.6926819383465709,0.7426819383465709,2.0349039055477824,-1.0800089126986765
4.745845845845846,2.0,0.6887392424339737,0.7387392424339737,2.028464080000634,-1.1007843929710095
4.751751751751752,2.0,0.6847689836088444,0.7347689836088445,2.021901837778492,-1.1214631922912086
4.757657657657658,2.0,0.6807715550379716,0.7307715550379716,2.0152177747488573,-1.142036876847443
4.763563563563563,2.0,0.6767473646041309,0.7267473646041309,2.00841253673582,-1.1624969641823084
4.7694694694694695,2.0,0.6726968348449442,0.7226968348449443,2.001486819785293,-1.1828349306987134
4.775375375375376,2.0,0.6686204028763385,0.7186204028763385,1.9944413703853217,-1.2030422193646306
4.781281281281282,2.0,0.6645185203004105,0.7145185203004105,1.9872769856403312,-1.2231102476068005
4.787187187187188,2.0,0.6603916530975503,0.7103916530975504,1.979994513398218,-1.2430304153826763
4.793093093093093,2.0,0.6562402815026845,0.7062402815026846,1.97259485232927,-1.262794113419314
4.798998998998999,2.0,0.6520648998655358,0.7020648998655359,1.9650789519559675,-1.2823927316072088
4.804904904904905,2.0,0.6478660164948272,0.6978660164948273,1.9574478126327886,-1.3018176675364312
4.8108108108108105,2.0,0.6436441534863702,0.6936441534863702,1.9497024854752025,-1.3210603351618686
4.8167167167167175,2.0,0.6393998465350254,0.6893998465350254,1.9418440722371457,-1.340112173583711
4.822622622622623,2.0,0.6351336447305511,0.6851336447305512,1.9338737251363447,-1.35896465592876
4.828528528528529,2.0,0.6308461103373585,0.6808461103373585,1.925792646626901,-1.3776092983177373
4.834434434434435,2.0,0.6265378185582751,0.6765378185582751,1.9176020891187309,-1.396037668903034
4.84034034034034,2.0,0.6222093572823946,0.6722093572823946,1.9093033546434381,-1.4142413969611323
4.846246246246246,2.0,0.6178613268171562,0.6678613268171563,1.9008977944663685,-1.4322121820233518
4.8521521521521525,2.0,0.6134943396048281,0.6634943396048282,1.8923868086446818,-1.4499418030282047
4.858058058058058,2.0,0.609109019923578,0.6591090199235781,1.8837718455313313,-1.467422127478393
4.863963963963965,2.0,0.6047060035733702,0.6547060035733703,1.8750544012249952,-1.4846451205851021
4.86986986986987,2.0,0.6002859375469604,0.6502859375469604,1.8662360189661016,-1.5016028543819937
4.875775775775776,2.0,0.5958494796862566,0.6458494796862566,1.857318288479126,-1.5182875167912377
4.881681681681682,2.0,0.5913972983244077,0.6413972983244077,1.8483028452615669,-1.5346914206235622
4.887587587587587,2.0,0.5869300719139474,0.6369300719139475,1.839191369819984,-1.5508070124944282
4.893493493493494,2.0,0.5824484886413962,0.6324484886413962,1.8299855868536743,-1.5666268816382547
4.8993993993994,2.0,0.5779532460287472,0.6279532460287472,1.8206872643866532,-1.5821437686026627
4.905305305305306,2.0,0.5734450505222601,0.6234450505222602,1.8112982128486568,-1.5973505738048759
4.911211211211212,2.0,0.5689246170690736,0.6189246170690736,1.8018202841060933,-1.6122403659323663
4.917117117117117,2.0,0.5643926686821158,0.6143926686821158,1.7922553704438657,-1.6268063901702057
4.923023023023023,2.0,0.5598499359938564,0.6098499359938564,1.7826054034991594,-1.6410420762377114
4.928928928928929,2.0,0.5552971567994645,0.6052971567994645,1.7728723531483817,-1.654941046217284
4.9348348348348345,2.0,0.5507350755899469,0.600735075589947,1.763058226348514,-1.6684971221587532
4.9407407407407415,2.0,0.546164443075877,0.596164443075877,1.7531650659342461,-1.6817043334429005
4.946646646646647,2.0,0.5415860157023573,0.5915860157023574,1.743194949372402,-1.6945569238882718
4.952552552552553,2.0,0.537000555155842,0.587000555155842,1.733149987475147,-1.7070493585860351
4.958458458458459,2.0,0.5324088278635212,0.5824088278635212,1.723032323073711,-1.7191763304480192
4.964364364364364,2.0,0.527811604485932,0.577811604485932,1.7128441296542933,-1.7309327664538694
4.97027027027027,2.0,0.5232096594035122,0.5732096594035122,1.7025876099579997,-1.7423138335838178
4.9761761761761765,2.0,0.518603770197823,0.568603770197823,1.6922649945467143,-1.7533149444242901
4.982082082082082,2.0,0.5139947171281619,0.563994717128162,1.681878540336844,-1.7639317624343844
4.987987987987989,2.0,0.509383282604318,0.559383282604318,1.6714305291029927,-1.774160206861989
4.993893893893894,2.0,0.5047702506562328,0.5547702506562329,1.6609232659536806,-1.7839964572991638
4.9997997997998,2.0,0.5001564064013047,0.5501564064013047,1.6503590777812112,-1.7934369578673215
5.005705705705706,2.0,0.49554253551013644,0.5455425355101364,1.639740311687975,-1.8024784210235625
5.011611611611611,2.0,0.4909294236714733,0.5409294236714733,1.629069333391386,-1.811117830980531
5.017517517517518,2.0,0.48631785605711486,0.5363178560571149,1.6183485256097832,-1.8193524467330722
5.023423423423424,2.0,0.48170861678758364,0.5317086167875836,1.6075802864316493,-1.8271798046859309
5.02932932932933,2.0,0.4771024883992985,0.5271024883992985,1.5967670276704677,-1.834597720877794
5.035235235235236,2.0,0.4725002513140533,0.5225002513140533,1.5859111732076805,-1.841604292797886
5.041141141141141,2.0,0.4679026833115372,0.5179026833115372,1.5750151573261073,-1.8481979007924447
5.047047047047047,2.0,0.4633105590056624,0.5133105590056625,1.564081423036273,-1.8543772090593658
5.052952952952953,2.0,0.45872464932545187,0.5087246493254519,1.5531124203980942,-1.8601411662303264
5.0588588588588586,2.0,0.4541457210012076,0.5041457210012076,1.5421106048403304,-1.8654890055407818
5.064764764764766,2.0,0.4495745360566889,0.4995745360566889,1.531078435480245,-1.87042024458917
5.070670670670671,2.0,0.4450118513080165,0.4950118513080165,1.5200183734459174,-1.8749346846877186
5.076576576576577,2.0,0.4404584178699674,0.4904584178699674,1.5089328802035487,-1.8790324098082438
5.082482482482483,2.0,0.4359149806703662,0.4859149806703662,1.4978244158922183,-1.8827137851272584
5.088388388388388,2.0,0.4313822779731995,0.4813822779731995,1.4866954376683807,-1.8859794551757392
5.094294294294294,2.0,0.4268610409110956,0.4768610409110956,1.475548398062441,-1.888830341599778
5.1002002002002005,2.0,0.42235199302778553,0.4723519930277855,1.4643857433497043,-1.8912676405392657
5.106106106106106,2.0,0.4178558498311187,0.46785584983111866,1.453209911937899,-1.8932928196326546
5.112012012012013,2.0,0.4133733183571987,0.4633733183571987,1.4420233327734688,-1.8949076146566632
5.117917917917918,2.0,0.4089050967461882,0.4589050967461882,1.4308284237687958,-1.8961140258105913
5.123823823823824,2.0,0.4044518738302586,0.4544518738302586,1.4196275902523405,-1.8969143136557198
5.12972972972973,2.0,0.400014328734204,0.450014328734204,1.4084232234438063,-1.8973109947209454
5.135635635635635,2.0,0.3955931304891381,0.44559313048913807,1.397217698956181,-1.8973068367865291
5.141541541541542,2.0,0.39118893765970847,0.44118893765970846,1.386013375326556,-1.8969048538584499
5.147447447447448,2.0,0.38680239798522825,0.43680239798522824,1.3748125925775307,-1.8961083008464554
5.153353353353354,2.0,0.38243414803505754,0.43243414803505753,1.3636176708108492,-1.894920667959455
5.15925925925926,2.0,0.378084812878598,0.428084812878598,1.3524309088349784,-1.893345674832374
5.165165165165165,2.0,0.37375500577016946,0.42375500577016945,1.341254582828104,-1.8913872643990608
5.171071071071071,2.0,0.36944532784904527,0.41944532784904526,1.3300909450380285,-1.8890495965261982
5.176976976976977,2.0,0.3651563678548835,0.41515636785488347,1.3189422225203498,-1.886337041423546
5.182882882882883,2.0,0.3608887018587437,0.4108887018587437,1.3078106159161633,-1.8832541728461065
5.18878878878879,2.0,0.3566428930098626,0.4066428930098626,1.296698298270489,-1.8798057611040409
5.194694694694695,2.0,0.35241949129833544,0.40241949129833543,1.2856074138925302,-1.875996765896387
5.200600600600601,2.0,0.3482190333337836,0.3982190333337836,1.2745400772586986,-1.8718323289846917
5.206506506506507,2.0,0.34404204214011197,0.39404204214011196,1.2634983719593802,-1.8673177667228433
5.212412412412412,2.0,0.33988902696637496,0.38988902696637495,1.2524843496901805,-1.8624585624593424
5.218318318318318,2.0,0.33576048311377216,0.38576048311377215,1.2415000292883773,-1.85726035882828
5.2242242242242245,2.0,0.331656891778762,0.381656891778762,1.2305473958152078,-1.8517289499452212
5.23013013013013,2.0,0.327578719912234,0.37757871991223396,1.2196283996844721,-1.8458702735240724
5.236036036036037,2.0,0.32352642009466964,0.37352642009466963,1.2087449558378862,-1.839690402930854
5.241941941941942,2.0,0.31950043042719883,0.3695004304271988,1.1978989429675364,-1.8331955391901351
5.247847847847848,2.0,0.31550117443839537,0.36550117443839536,1.1870922027856032,-1.826392002959579
5.253753753753754,2.0,0.3115290610066883,0.3615290610066883,1.176326539341582,-1.8192862264878704
5.259659659659659,2.0,0.3075844842981817,0.3575844842981817,1.1656037183869856,-1.8118847455708775
5.265565565565566,2.0,0.3036678237196871,0.3536678237196871,1.154925466787523,-1.8041941915206132
5.271471471471472,2.0,0.29977944388675026,0.34977944388675025,1.1442934719826598,-1.7962212831611875
5.277377377377378,2.0,0.2959196946063971,0.3459196946063971,1.1337093814922972,-1.7879728188654522
5.283283283283284,2.0,0.29208891087435856,0.34208891087435855,1.1231748024703667,-1.7794556686457055
5.289189189189189,2.0,0.2882874128864597,0.3382874128864597,1.1126913013049229,-1.7706767663112657
5.295095095095095,2.0,0.2845155060638742,0.3345155060638742,1.1022604032643255,-1.7616431017052807
5.301001001001001,2.0,0.2807734810919224,0.3307734810919224,1.0918835921890215,-1.752361713032626
5.306906906906907,2.0,0.27706161397206036,0.32706161397206035,1.0815623102283267,-1.74283967929019
5.312812812812814,2.0,0.27338016608670834,0.32338016608670833,1.071297957621583,-1.733084112810322
5.318718718718719,2.0,0.2697293842765558,0.3197293842765558,1.0610918925230162,-1.7231021519276812
5.324624624624625,2.0,0.26610950092993935,0.31610950092993934,1.050945430869477,-1.7129009537790654
5.330530530530531,2.0,0.2625207340839261,0.3125207340839261,1.0408598462903293,-1.7024876872453651
5.336436436436436,2.0,0.25896328753667736,0.30896328753667734,1.0308363700585577,-1.6918695260440528
5.342342342342342,2.0,0.2554373509706873,0.3054373509706873,1.020876191082207,-1.681053641980126
5.3482482482482485,2.0,0.2519431000864827,0.3019431000864827,1.0109804559352111,-1.670047198362817
5.354154154154154,2.0,0.24848069674634532,0.2984806967463453,1.0011502689265803,-1.6588573435947438
5.360060060060061,2.0,0.24505028912763066,0.29505028912763065,0.9913866922069249,-1.6474912049396373
5.365965965965966,2.0,0.24165201188525484,0.29165201188525486,0.9816907459112693,-1.6359558824741975
5.371871871871872,2.0,0.23828598632288883,0.2882859863228888,0.972063408336988,-1.6242584432289735
5.377777777777778,2.0,0.23495232057244667,0.2849523205724467,0.96250561615582,-1.6124059155227255
5.383683683683683,2.0,0.23165110978140244,0.28165110978140245,0.9530182646587334,-1.6004052834940188
5.3895895895895904,2.0,0.2283824363075034,0.2783824363075034,0.9436022080325008,-1.5882634818333405
5.395495495495496,2.0,0.22514636992044457,0.27514636992044456,0.9342582596668069,-1.575987390718493
5.401401401401402,2.0,0.22194296801004526,0.27194296801004525,0.9249871924906244,-1.563583830955373
5.407307307307308,2.0,0.2187722758005169,0.2687722758005169,0.9157897393367163,-1.5510595593259295
5.413213213213213,2.0,0.21563432657036774,0.26563432657036773,0.9066665933329728,-1.5384212641443908
5.419119119119119,2.0,0.21252914187752467,0.2625291418775247,0.8976184083193804,-1.5256755610225008
5.425025025025025,2.0,0.20945673178925156,0.25945673178925155,0.8886457992893926,-1.5128289888440143
5.430930930930931,2.0,0.20641709511643905,0.25641709511643906,0.8797493428544493,-1.4998880059482051
5.436836836836838,2.0,0.2034102196518561,0.2534102196518561,0.8709295777304134,-1.4868589865217636
5.442742742742743,2.0,0.20043608241196886,0.25043608241196885,0.8621870052447292,-1.473748217198064
5.448648648648649,2.0,0.19749464988191012,0.2474946498819101,0.8535220898630198,-1.4605618938622882
5.454554554554555,2.0,0.19458587826323454,0.24458587826323452,0.8449352597339828,-1.4473061186606921
5.46046046046046,2.0,0.19170971372406187,0.24170971372406186,0.8364269072513332,-1.4339868972117824
5.466366366366366,2.0,0.18886609265124457,0.2388660926512446,0.8279973896316265,-1.4206101360169368
5.4722722722722725,2.0,0.18605494190420263,0.23605494190420262,0.8196470295068049,-1.4071816400677037
5.478178178178179,2.0,0.1832761790700659,0.23327617907006593,0.8113761155302884,-1.3937071106466368
5.484084084084085,2.0,0.18052971271978968,0.23052971271978967,0.8031849029954956,-1.3801921433183573
5.48998998998999,2.0,0.1778154426649112,0.22781544266491122,0.7950736144656786,-1.3666422261072213
5.495895895895896,2.0,0.17513326021462505,0.22513326021462504,0.7870424404139705,-1.3530627378577536
5.501801801801802,2.0,0.17248304843287496,0.22248304843287497,0.7790915398725993,-1.3394589467738307
5.5077077077077075,2.0,0.1698646823951574,0.21986468239515738,0.7712210410902006,-1.3258360091323629
5.5136136136136145,2.0,0.16727802944475276,0.21727802944475277,0.7634310421962232,-1.3121989681670638
5.51951951951952,2.0,0.16472294944811655,0.21472294944811654,0.7557216118714493,-1.2985527531178116
5.525425425425426,2.0,0.16219929504915084,0.21219929504915086,0.7480927900236282,-1.284902178440817
5.531331331331332,2.0,0.1597069119221237,0.2097069119221237,0.7405445884673355,-1.2712519431749048
5.537237237237237,2.0,0.15724563902298022,0.2072456390229802,0.7330769916071123,-1.257606630458922
5.543143143143143,2.0,0.15481530883882264,0.20481530883882265,0.7256899571230198,-1.2439707071953126
5.549049049049049,2.0,0.15241574763534438,0.20241574763534437,0.7183834166577713,-1.2303485238548353
5.554954954954955,2.0,0.15004677570200528,0.2000467757020053,0.7111572765046061,-1.2167443144172625
5.560860860860862,2.0,0.1477082075947558,0.19770820759475582,0.7040114182951202,-1.203162196442953
5.566766766766767,2.0,0.1453998523761316,0.1953998523761316,0.6969456996863185,-1.1896061712701453
5.572672672672673,2.0,0.1431215138525317,0.19312151385253168,0.689959955046117,-1.1760801243327261
5.578578578578579,2.0,0.1408729908085354,0.19087299080853543,0.6830539961366509,-1.1625878255933901
5.584484484484484,2.0,0.13865407723809256,0.18865407723809258,0.6762276127946804,-1.1491329300869522
5.590390390390391,2.0,0.13646456257245104,0.18646456257245103,0.669480573608476,-1.1357189785687052
5.5962962962962965,2.0,0.13430423190469623,0.18430423190469625,0.6628126265905928,-1.1223493982627506
5.602202202202203,2.0,0.1321728662107678,0.18217286621076778,0.6562234998459149,-1.1090275037051671
5.608108108108109,2.0,0.13007024256685973,0.18007024256685972,0.6497129022344804,-1.0957564976771137
5.614014014014014,2.0,0.127996134363089,0.17799613436308898,0.643280524028525,-1.0825394722228552
5.61991991991992,2.0,0.125950311513346,0.175950311513346,0.6369260375632765,-1.0693794097478686
5.625825825825826,2.0,0.12393254066124643,0.17393254066124642,0.6306490978810478,-1.0562791841922634
5.6317317317317315,2.0,0.12194258538210444,0.17194258538210444,0.6244493433681813,-1.0432415622747735
5.6376376376376385,2.0,0.11998020638086433,0.16998020638086433,0.6183263963844455,-1.030269204802729
5.643543543543544,2.0,0.11804516168593787,0.16804516168593786,0.6122798638845298,-1.017364668043521
5.64944944944945,2.0,0.11613720683888586,0.16613720683888586,0.6063093380312413,-1.0045304051530675
5.655355355355356,2.0,0.11425609507991723,0.16425609507991723,0.600414396800134,-0.9917687676570743
5.661261261261261,2.0,0.11240157752915912,0.16240157752915912,0.5945946045752276,-0.9790820069808115
5.667167167167167,2.0,0.11057340336367595,0.16057340336367595,0.5888495127355624,-0.9664722760233581
5.673073073073073,2.0,0.10877131999021868,0.15877131999021868,0.5831786602323408,-0.9539416307723517
5.678978978978979,2.0,0.10699507321368561,0.1569950732136856,0.5775815741564151,-0.9414920319553708
5.684884884884886,2.0,0.10524440740128951,0.15524440740128953,0.5720577702959231,-0.9291253467242269
5.690790790790791,2.0,0.10351906564243328,0.15351906564243328,0.5666067536838997,-0.9168433503685931
5.696696696696697,2.0,0.10181878990428786,0.15181878990428788,0.5612280191356709,-0.9046477280554098
5.702602602602603,2.0,0.10014332118309496,0.15014332118309498,0.555921051775926,-0.8925400765907958
5.708508508508508,2.0,0.0984923996511981,0.1484923996511981,0.550685327555314,-0.8805219062011586
5.714414414414415,2.0,0.09686576479982646,0.14686576479982646,0.5455203137564727,-0.8685946423304157
5.720320320320321,2.0,0.09526315557765819,0.14526315557765818,0.5404254694894138,-0.856759627450369
5.726226226226227,2.0,0.09368431052518211,0.1436843105251821,0.5354002461761667,-0.8450181228812901
5.732132132132133,2.0,0.09212896790490271,0.1421289679049027,0.530444088024664,-0.833371310620068
5.738038038038038,2.0,0.0905968658274142,0.1405968658274142,0.5255564324918047,-0.8218202951732214
5.743943943943944,2.0,0.08908774237338828,0.13908774237338828,0.5207367107356825,-0.8103661053923102
5.74984984984985,2.0,0.08760133571151996,0.13760133571151995,0.5159843480569819,-0.7990096963093691
5.7557557557557555,2.0,0.08613738421247381,0.13613738421247382,0.5112987643295313,-0.7877519509700721
5.7616616616616625,2.0,0.08469562655888188,0.1346956265588819,0.5066793744200424,-0.7765936822624913
5.767567567567568,2.0,0.08327580185144808,0.13327580185144808,0.5021255885970773,-0.7655356347394331
5.773473473473474,2.0,0.08187764971120515,0.13187764971120514,0.4976368129292593,-0.7545784864323652
5.77937937937938,2.0,0.08050091037799136,0.13050091037799136,0.4932124496728171,-0.7437228506551944
5.785285285285285,2.0,0.07914532480519684,0.12914532480519686,0.4888518976485004,-0.7329692777961172
5.791191191191191,2.0,0.07781063475084357,0.1278106347508436,0.484554552607953,-0.7223182570959601
5.797097097097097,2.0,0.07649658286506293,0.12649658286506293,0.4803198075896329,-0.7117702184115168
5.803003003003003,2.0,0.07520291277403006,0.12520291277403006,0.4761470532643593,-0.7013255339624344
5.80890890890891,2.0,0.07392936916042267,0.12392936916042267,0.472035678270595,-0.6909845200603576
5.814814814814815,2.0,0.07267569784047254,0.12267569784047254,0.4679850695395804,-0.680747438819123
5.820720720720721,2.0,0.07144164583766968,0.12144164583766968,0.46399461261041186,-0.670614499844814
5.826626626626627,2.0,0.07022696145319654,0.12022696145319654,0.460063691935215,-0.6605858619047041
5.832532532532532,2.0,0.06903139433315297,0.11903139433315298,0.4561916911745173,-0.6506616345740631
5.838438438438439,2.0,0.0678546955326448,0.1178546955326448,0.4523779934829628,-0.6408418798599729
5.844344344344345,2.0,0.06669661757680746,0.11669661757680747,0.4486219817855146,-0.6311266138013621
5.850250250250251,2.0,0.06555691451882856,0.11555691451882856,0.4449230390442665,-0.6215158080444816
5.856156156156157,2.0,0.06443534199504738,0.11443534199504739,0.44128054851603715,-0.6120093913932271
5.862062062062062,2.0,0.06333165727719539,0.1133316572771954,0.43769389400087616,-0.6026072513336705
5.867967967967968,2.0,0.06224561932185053,0.11224561932185054,0.43416246008164433,-0.5933092355322995
5.873873873873874,2.0,0.0611769888171768,0.1111769888171768,0.4306856323548291,-0.5841151533075171
5.8797797797797795,2.0,0.06012552822701618,0.11012552822701618,0.4272627976527447,-0.5750247770739823
5.8856856856856865,2.0,0.05909100183240381,0.1090910018324038,0.4238933442572825,-0.5660378437594624
5.891591591591592,2.0,0.05807317577057843,0.10807317577057843,0.42057666210538314,-0.5571540561939361
5.897497497497498,2.0,0.05707181807155042,0.10707181807155042,0.41731214298637515,-0.5483730844706621
5.903403403403404,2.0,0.05608669869230374,0.10608669869230375,0.4140991807313699,-0.5396945672791007
5.909309309309309,2.0,0.055117589548693224,0.10511758954869323,0.41093717139486136,-0.5311181132095028
5.915215215215215,2.0,0.054164264545106984,0.104164264545107,0.4078255134287057,-0.5226433020290981
5.921121121121121,2.0,0.05322649960196118,0.10322649960196117,0.404763607848651,-0.5142696859298517
5.927027027027027,2.0,0.05230407268109024,0.10230407268109024,0.40175085839357866,-0.5059967907477553
5.932932932932934,2.0,0.051396763809098724,0.10139676380909873,0.3987866716776266,-0.4978241171537054
5.938838838838839,2.0,0.050504355098740676,0.10050435509874067,0.39587045733537,-0.4897511418160503
5.944744744744745,2.0,0.04962663076838431,0.09962663076838432,0.39300162816020917,-0.4817773185348654
5.950650650650651,2.0,0.04876337715963078,0.09876337715963078,0.390179600236151,-0.47390207934815043
5.956556556556556,2.0,0.0479143827531427,0.09791438275314271,0.387403793063135,-0.466124835610064
5.962462462462463,2.0,0.047079438182745015,0.09707943818274502,0.3846736296760723,-0.45844497904141057
5.968368368368369,2.0,0.0462583362478588,0.0962583362478588,0.3819885367577692,-0.4508618827526096
5.974274274274275,2.0,0.04545087192432125,0.09545087192432125,0.3793479447458786,-0.4433749022393464
5.980180180180181,2.0,0.044656842373655276,0.09465684237365528,0.37675128793406226,-0.4359833763512286
5.986086086086086,2.0,0.043876046950839256,0.09387604695083926,0.3741980045675045,-0.4286866282336794
5.991991991991992,2.0,0.043108287210634325,0.09310828721063433,0.37168753693294265,-0.4214839662434021
5.997897897897898,2.0,0.042353366912523414,0.09235336691252341,0.36921933144337066,-0.41437468483773243
6.0038038038038035,2.0,0.04161109202431284,0.09161109202431283,0.366792838717564,-0.40735806543820924
6.0097097097097105,2.0,0.040881270724448734,0.09088127072444874,0.36440751365457896,-0.4004333772687138
6.015615615615616,2.0,0.040163713403100494,0.0901637134031005,0.3620628155033814,-0.39359987816856545
6.021521521521522,2.0,0.039458232662055975,0.08945823266205598,0.35975820792773766,-0.3868568153809055
6.027427427427428,2.0,0.038764643313482186,0.08876464331348219,0.35749315906653084,-0.3802034263168096
6.033333333333333,2.0,0.03808276237759382,0.08808276237759383,0.3552671415896284,-0.3736389392954844
6.039239239239239,2.0,0.03741240907927742,0.08741240907927741,0.3530796327494497,-0.36716257426096843
6.0451451451451454,2.0,0.0367534048437165,0.0867534048437165,0.3509301144283712,-0.3607735434757582
6.051051051051051,2.0,0.036105573291059366,0.08610557329105936,0.3488180731820993,-0.35447105219175856
6.056956956956958,2.0,0.03546874023017296,0.08546874023017297,0.34674300027914723,-0.3482542992989909
6.062862862862863,2.0,0.03484273365152554,0.08484273365152555,0.34470439173654843,-0.34212247795249906
6.068768768768769,2.0,0.03422738371923461,0.0842273837192346,0.34270174835192485,-0.3360747761778492
6.074674674674675,2.0,0.0336225227623239,0.0836225227623239,0.34073457573204774,-0.33011037745570154
6.08058058058058,2.0,0.03302798526522372,0.08302798526522373,0.3388023843180025,-0.3242284612858528
6.086486486486487,2.0,0.03244360785755319,0.0824436078575532,0.33690468940708235,-0.31842820373120206
6.092392392392393,2.0,0.03186922930322129,0.0818692293032213,0.3350410111715312,-0.3127087779420863
6.098298298298299,2.0,0.03130469048887848,0.08130469048887848,0.33321087467424054,-0.3070693546613913
6.104204204204205,2.0,0.03074983441175674,0.08074983441175675,0.3314138098815254,-0.3015091027109138
6.11011011011011,2.0,0.030204506166927464,0.08020450616692747,0.32964935167307724,-0.29602718945937634
6.116016016016017,2.0,0.029668552934010682,0.07966855293401068,0.3279170398492078,-0.2906227812725424
6.121921921921922,2.0,0.0291418239633671,0.07914182396336711,0.3262164191354886,-0.2852950439458694
6.1278278278278275,2.0,0.02862417056180019,0.0786241705618002,0.3245470391848803,-0.2800431431201001
6.1337337337337345,2.0,0.028115446077800418,0.07811544607780042,0.32290845457746215,-0.27486624468024856
6.13963963963964,2.0,0.027615505886358176,0.07761550588635818,0.32130022481785214,-0.26976351513838565
6.145545545545545,2.0,0.0271242073733711,0.0771242073733711,0.3197219143304094,-0.26473412200062757
6.151451451451452,2.0,0.02664140991967477,0.07664140991967477,0.31817309245231956,-0.2597772341187673
6.157357357357357,2.0,0.026166974884720678,0.07616697488472068,0.3166533334246466,-0.2548920220269413
6.163263263263264,2.0,0.025700765589924398,0.0757007655899244,0.3151622163814361,-0.2500776582637199
6.1691691691691695,2.0,0.025242647301711336,0.07524264730171135,0.31369932533696476,-0.24533331768005653
6.175075075075075,2.0,0.02479248721427834,0.07479248721427834,0.3122642491712047,-0.24065817773344106
6.180980980980982,2.0,0.02435015443209689,0.07435015443209689,0.3108565816135959,-0.2360514187686825
6.186886886886887,2.0,0.023915519952177413,0.07391551995217742,0.3094759212251977,-0.23151222428568596
6.192792792792794,2.0,0.023488456646114028,0.07348845664611403,0.3081218713792926,-0.22703978119458446
6.198698698698699,2.0,0.02306883924193249,0.0730688392419325,0.3067940402405264,-0.2226332800586279
6.204604604604604,2.0,0.02265654430575644,0.07265654430575644,0.30549204074264197,-0.21829191532515205
6.210510510510511,2.0,0.022251450223313467,0.07225145022331347,0.3042154905648884,-0.21401488554501608
6.216416416416417,2.0,0.021853437181296953,0.07185343718129696,0.3029640121071662,-0.2098013935808437
6.222322322322322,2.0,0.02146238714859975,0.07146238714859976,0.3017372324639726,-0.20565064680440165
6.228228228228229,2.0,0.021078183857437805,0.0710781838574378,0.30053478339721457,-0.2015618572834732
6.234134134134134,2.0,0.0207007127843783,0.07070071278437831,0.29935630130794977,-0.1975342419585451
6.240040040040041,2.0,0.020329861131285938,0.07032986113128595,0.2982014272071082,-0.19356702280961915
6.245945945945946,2.0,0.019965517806204616,0.06996551780620462,0.29706980668526345,-0.18965942701349536
6.2518518518518515,2.0,0.019607573404184783,0.06960757340418479,0.2959610898814968,-0.18581068709180093
6.2577577577577586,2.0,0.019255920188072307,0.0692559201880723,0.294874931451417,-0.18202004105009573
6.263663663663664,2.0,0.018910452069270375,0.06891045206927038,0.29381099053438464,-0.1782867325083427
6.269569569569569,2.0,0.01857106458848539,0.06857106458848539,0.29276893071998666,-0.17461001082301766
6.275475475475476,2.0,0.018237654896470376,0.06823765489647038,0.2917484200138181,-0.17098913120116724
6.281381381381381,2.0,0.017910121734775766,0.06791012173477577,0.29074913080261205,-0.16742335480667764
6.287287287287288,2.0,0.017588365416517163,0.06758836541651717,0.28977073981876184,-0.16391194885901528
6.2931931931931935,2.0,0.017272287807172444,0.06727228780717245,0.28881292810428627,-0.16045418672472886
6.299099099099099,2.0,0.016961792305414898,0.06696179230541491,0.2878753809742702,-0.15704934800193887
6.305005005005006,2.0,0.016656783823993757,0.06665678382399376,0.28695778797982985,-0.15369671859809078
6.310910910910911,2.0,0.016357168770669943,0.06635716877066994,0.2860598428706378,-0.15039559080120674
6.316816816816818,2.0,0.016062855029214076,0.06606285502921408,0.28518124355704283,-0.14714526334486167
6.322722722722723,2.0,0.015773751940477112,0.06577375194047712,0.2843216920718282,-0.14394504146714449
6.328628628628628,2.0,0.015489770283538097,0.0654897702835381,0.28348089453163544,-0.14079423696379711
6.334534534534535,2.0,0.015210822256938362,0.06521082225693836,0.2826585610980926,-0.13769216823577765
6.340440440440441,2.0,0.014936821460007809,0.06493682146000782,0.28185440593867855,-0.13463816033145073
6.346346346346346,2.0,0.014667682874289014,0.06466768287428902,0.28106814718735024,-0.1316315449836064
6.352252252252253,2.0,0.014403322845066364,0.06440332284506636,0.2802995069049691,-0.1286716606415244
6.358158158158158,2.0,0.01414365906300521,0.06414365906300522,0.2795482110395517,-0.12575785249827437
6.364064064064065,2.0,0.013888610545905506,0.06388861054590551,0.2788139893863707,-0.12288947251343275
6.36996996996997,2.0,0.013638097620576849,0.06363809762057684,0.2780965755479382,-0.12006587943142569
6.375875875875876,2.0,0.013392041904837197,0.0633920419048372,0.2773957068938897,-0.11728643879564964
6.381781781781783,2.0,0.013150366289641705,0.06315036628964171,0.2767111245207985,-0.11455052295856963
6.387687687687688,2.0,0.01291299492134485,0.06291299492134485,0.2760425732119428,-0.11185751108795385
6.393593593593593,2.0,0.012679853184099114,0.06267985318409912,0.2753898013970449,-0.10920678916940309
6.3994994994995,2.0,0.012450867682395086,0.06245086768239509,0.2747525611120067,-0.10659775000535023
6.405405405405405,2.0,0.012225966223745582,0.062225966223745585,0.27413060795866295,-0.10402979321067592
6.411311311311312,2.0,0.012005077801516294,0.062005077801516296,0.2735237010645668,-0.10150232520508504
6.4172172172172175,2.0,0.011788132577907383,0.061788132577907384,0.27293160304283254,-0.09901475920240688
6.423123123123123,2.0,0.011575061867086752,0.06157506186708676,0.2723540799520483,-0.09656651519693912
6.42902902902903,2.0,0.011365798118478971,0.061365798118478976,0.2717909012562784,-0.09415701994698955
6.434934934934935,2.0,0.011160274900211483,0.06116027490021149,0.2712418397851722,-0.09178570695574174
6.440840840840842,2.0,0.010958426882719351,0.06095842688271935,0.2707066716941904,-0.08945201644956383
6.446746746746747,2.0,0.010760189822512096,0.0607601898225121,0.2701851764249705,-0.08715539535390407
6.452652652652652,2.0,0.01056550054610229,0.0605655005461023,0.26967713666583804,-0.08489529726687106
6.458558558558559,2.0,0.010374296934098928,0.06037429693409893,0.26918233831248256,-0.08267118243063093
6.464464464464465,2.0,0.01018651790546629,0.060186517905466294,0.2687005704288085,-0.08048251770072883
6.47037037037037,2.0,0.010002103401948912,0.06000210340194891,0.2682316252079716,-0.07832877651343484
6.476276276276277,2.0,0.009820994372664664,0.059820994372664665,0.2677752979336155,-0.07620943885123249
6.482182182182182,2.0,0.009643132758866286,0.05964313275886629,0.2673313869413169,-0.07412399120654367
6.488088088088089,2.0,0.009468461478871542,0.05946846147887155,0.2668996935802488,-0.07207192654378256
6.493993993993994,2.0,0.009296924413163937,0.05929692441316394,0.2664800221750746,-0.07005274425984759
6.4998998998999,2.0,0.009128466389662724,0.05912846638966272,0.26607217998807786,-0.06806595014312346
6.505805805805807,2.0,0.00896303316916403,0.058963033169164035,0.2656759771815397,-0.0661110563310971
6.511711711711712,2.0,0.008800571430952616,0.05880057143095262,0.26529122678037004,-0.06418758126666595
6.517617617617617,2.0,0.008641028758583982,0.058641028758583985,0.26491774463500034,-0.06229504965321357
6.523523523523524,2.0,0.00848435362583773,0.05848435362583773,0.2645553493845453,-0.060432992408543496
6.529429429429429,2.0,0.008330495382841549,0.05833049538284155,0.26420386242023997,-0.058600946617740325
6.535335335335336,2.0,0.008179404242365223,0.05817940424236523,0.2638631078491576,-0.05679845548502606
6.5412412412412415,2.0,0.00803103126628548,0.058031031266285484,0.2635329124582156,-0.05502506828469567
6.547147147147147,2.0,0.007885328352219953,0.057885328352219954,0.26321310567847284,-0.0532803403111829
6.553053053053054,2.0,0.007742248220330871,0.057742248220330875,0.26290351954972474,-0.051563832828334946
6.558958958958959,2.0,0.007601744400297579,0.05760174440029758,0.2626039886854007,-0.04987511301795344
6.564864864864866,2.0,0.007463771218456681,0.05746377121845668,0.26231435023776584,-0.04821375392765537
6.570770770770771,2.0,0.007328283785110376,0.05732828378511038,0.2620344438634345,-0.04657933441812671
6.576676676676676,2.0,0.007195237982000817,0.05719523798200082,0.2617641116891951,-0.04497143910980717
6.582582582582583,2.0,0.007064590449950812,0.05706459044995081,0.261503198278153,-0.04338965832907295
6.588488488488489,2.0,0.006936298576669508,0.056936298576669514,0.2612515505961916,-0.04183358805396303
6.594394394394394,2.0,0.006810320484721825,0.05681032048472183,0.261009017978755,-0.04030282985949436
6.600300300300301,2.0,0.006686615019661357,0.05668661501966136,0.2607754520979557,-0.03879699086262146
6.606206206206206,2.0,0.006565141738325308,0.05656514173832531,0.26055070693000776,-0.03731568366688078
6.612112112112113,2.0,0.0064458608972900915,0.0564458608972901,0.2603346387229872,-0.035858526306759626
6.618018018018018,2.0,0.006328733441487342,0.056328733441487346,0.26012710596492267,-0.03442514219184168
6.623923923923924,2.0,0.006213720992978076,0.056213720992978077,0.25992796935221585,-0.03301516005075506
6.629829829829831,2.0,0.006100785839884758,0.05610078583988476,0.25973709175839343,-0.03162821387497315
6.635735735735736,2.0,0.005989890925479625,0.055989890925479624,0.2595543382031919,-0.030263942862499074
6.641641641641643,2.0,0.005880999837427695,0.0558809998374277,0.2593795758219743,-0.028921991361464894
6.647547547547548,2.0,0.005774076797183984,0.055774076797183984,0.259212673835481,-0.027602008813688954
6.653453453453453,2.0,0.005669086649542635,0.055669086649542635,0.2590535035199137,-0.026303649698210807
6.65935935935936,2.0,0.0055659948523374084,0.05556599485233741,0.25890193817735235,-0.025026573474844528
6.6652652652652655,2.0,0.005464767466291826,0.05546476746629183,0.25875785310650623,-0.023770444527774166
6.671171171171171,2.0,0.005365371145017323,0.05536537114501733,0.25862112557379713,-0.022534932109216893
6.677077077077078,2.0,0.005267773125158521,0.05526777312515852,0.2584916347847755,-0.021319710283185682
6.682982982982983,2.0,0.005171941216683929,0.05517194121668393,0.2583692618558683,-0.02012445786937398
6.68888888888889,2.0,0.0050778437933202995,0.0550778437933203,0.25825388978645747,-0.01894885838718166
6.694794794794795,2.0,0.004985449783129945,0.05498544978312995,0.2581454034312891,-0.01779259999991461
6.7007007007007005,2.0,0.004894728659228645,0.05489472865922865,0.25804368947321094,-0.01665537545916841
6.7066066066066075,2.0,0.004805650430643379,0.05480565043064338,0.2579486363962384,-0.015536882049425257
6.712512512512513,2.0,0.004718185633308081,0.05471818563330808,0.25786013445894673,-0.014436821532879639
6.718418418418418,2.0,0.004632305321195697,0.0546323053211957,0.25777807566818833,-0.013354900094508862
6.724324324324325,2.0,0.004547981057585497,0.0545479810575855,0.2577023537531337,-0.012290828287410918
6.73023023023023,2.0,0.004465184906463862,0.05446518490646386,0.2576328641396346,-0.011244320978423344
6.736136136136137,2.0,0.004383889424056814,0.054383889424056815,0.25756950392490735,-0.010215097294035629
6.742042042042042,2.0,0.004304067650493352,0.05430406765049335,0.2575121718525347,-0.009202880566617402
6.747947947947948,2.0,0.0042256931015973035,0.054225693101597305,0.2574607682877841,-0.008207398280966512
6.753853853853855,2.0,0.0041487397608068405,0.05414873976080684,0.2574151951932411,-0.0072283820211984096
6.75975975975976,2.0,0.004073182071219792,0.05407318207121979,0.25737535610475487,-0.006265567417984973
6.765665665665667,2.0,0.003998994927763077,0.05399899492776308,0.25734115610769503,-0.005318694096152134
6.771571571571572,2.0,0.00392615366948522,0.05392615366948522,0.25731250181351567,-0.004387505622653463
6.777477477477477,2.0,0.003854634071969815,0.05385463407196982,0.257289301336627,-0.003471749454921659
6.783383383383384,2.0,0.0037844123398689212,0.05378441233986892,0.2572714642715693,-0.0025711768896140713
6.7892892892892895,2.0,0.003715465099554656,0.05371546509955466,0.25725890167048976,-0.0016855430117580714
6.795195195195195,2.0,0.003647769391887302,0.053647769391887305,0.25725152602091783,-0.0008146066443020378
6.801101101101102,2.0,0.0035813026650987623,0.053581302665098765,0.25724925122383707,4.186970191599748e-05
6.807007007007007,2.0,0.0035160427677897108,0.053516042767789714,0.25725199257205184,0.0008841198777769996
6.812912912912914,2.0,0.003451967942038679,0.05345196794203868,0.2572596667288451,0.001712374145064248
6.818818818818819,2.0,0.003389056816622149,0.05338905681662215,0.257272191706926,0.002526859225207824
6.8247247247247245,2.0,0.003327288400343551,0.05332728840034355,0.2572894868476635,0.0033277983475932457
6.8306306306306315,2.0,0.003266642075470165,0.05326664207547017,0.25731147280060457,0.004115411297423301
6.836536536536537,2.0,0.003207097591276282,0.05320709759127629,0.2573380715032729,0.004889914463130876
6.842442442442442,2.0,0.0031486350576910046,0.053148635057691004,0.2573692061612472,0.005651520883341081
6.848348348348349,2.0,0.0030912349390495586,0.05309123493904956,0.2574048012285151,0.006400440293375109
6.854254254254254,2.0,0.0030348780479465213,0.05303487804794652,0.2574447823881,0.007136879171294665
6.860160160160161,2.0,0.002979545539189361,0.05297954553918936,0.2574890765329591,0.00786104078348672
6.866066066066066,2.0,0.002925218903851318,0.05292521890385132,0.25753761174714923,0.008573125229780432
6.871971971971972,2.0,0.0028718799634216783,0.05287187996342168,0.2575903172872569,0.009273329488101313
6.877877877877879,2.0,0.002819510864052512,0.05281951086405252,0.25764712356409203,0.009961847458655151
6.883783783783784,2.0,0.0027680940709002865,0.05276809407090029,0.25770796212464003,0.010638870007642819
6.889689689689691,2.0,0.002717612362560857,0.05271761236256086,0.25777276563427165,0.011304585010507046
6.895595595595596,2.0,0.002668048825596843,0.05266804882559684,0.2578414678592057,0.011959177394705332
6.901501501501501,2.0,0.0026193868491556126,0.05261938684915562,0.2579140036492246,0.012602829182014545
6.907407407407408,2.0,0.0025716101196768945,0.0525716101196769,0.2579903089206367,0.013235719530362282
6.913313313313314,2.0,0.002524702615688558,0.05252470261568856,0.25807032063948526,0.013858024775187244
6.919219219219219,2.0,0.0024786486026891364,0.05247864860268914,0.2581539768050002,0.014469918470330176
6.925125125125126,2.0,0.0024334326281160376,0.05243343262811604,0.25824121643328984,0.015071571428453237
6.931031031031031,2.0,0.002389039516398053,0.052389039516398055,0.25833197954126974,0.01566315176098978
6.936936936936938,2.0,0.0023454543640907396,0.05234545436409074,0.2584262071308264,0.01624482491762802
6.942842842842843,2.0,0.0023026625350937844,0.05230266253509379,0.25852384117321286,0.016816753725324693
6.9487487487487485,2.0,0.0022606496559487007,0.052260649655948704,0.25862482459367286,0.01737909842685586
6.9546546546546555,2.0,0.002219401611215954,0.05221940161121596,0.25872910125629195,0.01793201671890203
6.960560560560561,2.0,0.002178904538930176,0.052178904538930176,0.2588366159490715,0.018475663789671318
6.966466466466466,2.0,0.0021391448261321704,0.052139144826132175,0.25894731436922397,0.019010192356063584
6.972372372372373,2.0,0.0021001091044767313,0.05210010910447673,0.25906114310868644,0.01953575270037526
6.978278278278278,2.0,0.002061784245914996,0.052061784245915,0.2591780496398489,0.02005249270654838
6.984184184184185,2.0,0.0020241573584500673,0.05202415735845007,0.25929798230149614,0.02056055789596764
6.99009009009009,2.0,0.00198721578196505,0.05198721578196505,0.25942089028495896,0.02106009146280426
6.995995995995996,2.0,0.001950947084122011,0.05195094708412201,0.25954672362047343,0.021551234308914112
7.001901901901903,2.0,0.0019153390563310618,0.05191533905633106,0.2596754331637445,0.02203412507828858
7.007807807807808,2.0,0.0018803797097883227,0.05188037970978832,0.25980697058271174,0.022508900191062987
7.013713713713715,2.0,0.0018460572715815848,0.051846057271581585,0.25994128834451524,0.022975693877086856
7.01961961961962,2.0,0.0018123601808628653,0.05181236018086287,0.26007833970265765,0.02343463820905534
7.025525525525525,2.0,0.0017792770850864708,0.05177927708508647,0.260218078684361,0.02388586313520949
7.031431431431432,2.0,0.0017467968363117923,0.051746796836311795,0.26036046007811575,0.02432949651160489
7.037337337337338,2.0,0.0017149084875696862,0.05171490848756969,0.2605054394214184,0.024765664133953452
7.043243243243243,2.0,0.0016836012892913425,0.051683601289291344,0.26065297298869633,0.02519448976904293
7.04914914914915,2.0,0.0016528646857988027,0.051652864685798806,0.2608030177794172,0.025616095185735276
7.055055055055055,2.0,0.0016226883118560583,0.05162268831185606,0.2609555315063795,0.02603060018554834
7.060960960960962,2.0,0.0015930619892796382,0.05159306198927964,0.2611104725841832,0.026438122632826182
7.066866866866867,2.0,0.0015639757236079765,0.05156397572360798,0.26126780011787676,0.02683877848449786
7.0727727727727725,2.0,0.0015354197008283174,0.05153541970082832,0.26142747389177945,0.02723268181943261
7.0786786786786795,2.0,0.0015073842841604474,0.05150738428416045,0.26158945435847497,0.027619944867391805
7.084584584584585,2.0,0.0014798600108962363,0.05147986001089624,0.2617537026279754,0.028000678037582733
7.09049049049049,2.0,0.001452837589294009,0.05145283758929401,0.2619201804570528,0.028374989946818956
7.096396396396397,2.0,0.0014263078955269837,0.05142630789552698,0.2620888502387353,0.0287429874472891
7.102302302302302,2.0,0.001400261970684825,0.05140026197068483,0.2622596749919667,0.029104775653938875
7.108208208208209,2.0,0.0013746910178273535,0.05137469101782736,0.2624326183514263,0.029460457971471253
7.114114114114114,2.0,0.001349586399089752,0.05134958639908976,0.26260764455750707,0.029810136120965995
7.12002002002002,2.0,0.0013249396328381697,0.05132493963283817,0.2627847184464504,0.030153910166125824
7.125925925925927,2.0,0.0013007423908751041,0.051300742390875106,0.2629638054406339,0.030491878539150155
7.131831831831832,2.0,0.001276986495693633,0.051276986495693636,0.26314487153901156,0.030824138066241718
7.137737737737739,2.0,0.001253663917779632,0.051253663917779635,0.2633278833077035,0.03115078399275079
7.143643643643644,2.0,0.00123076677296134,0.051230766772961345,0.2635128078707326,0.03147191000795861
7.149549549549549,2.0,0.0012082873198052846,0.051208287319805285,0.2636996129009072,0.03178760826950686
7.155455455455456,2.0,0.0011862179570579546,0.05118621795705796,0.2638882666108465,0.03209796942747466
7.161361361361362,2.0,0.001164551221132387,0.05116455122113239,0.26407873774414703,0.03240308264810804
7.167267267267267,2.0,0.0011432797836388598,0.05114327978363886,0.2642709955666888,0.032703035637206834
7.173173173173174,2.0,0.0011223964489590588,0.051122396448959065,0.2644650098580786,0.032997914663170945
7.179079079079079,2.0,0.001101894151862934,0.051101894151862934,0.2646607509032269,0.03328780457971095
7.184984984984986,2.0,0.0010817659551674544,0.05108176595516746,0.26485818948406054,0.03357278884822806
7.190890890890891,2.0,0.001062005047436718,0.05106200504743672,0.265057296871364,0.03385294955986467
7.1967967967967965,2.0,0.001042604740722528,0.05104260474072253,0.2652580448167518,0.03412836745723236
7.2027027027027035,2.0,0.0010235584683448973,0.0510235584683449,0.2654604055447674,0.03439912195581918
7.208608608608609,2.0,0.001004859782711749,0.05100485978271175,0.26566435174510744,0.03466529116508051
7.214514514514514,2.0,0.0009865023531770896,0.050986502353177095,0.26586985656497036,0.034926951909218684
7.220420420420421,2.0,0.0009684799639371062,0.05096847996393711,0.26607689360152637,0.03518417974765316
7.226326326326326,2.0,0.0009507865119634868,0.05095078651196349,0.26628543689450707,0.03543704899518634
7.232232232232233,2.0,0.0009334160049732766,0.05093341600497328,0.2664954609189143,0.0356856327418692
7.2381381381381384,2.0,0.0009163625594347776,0.05091636255943478,0.2667069405778441,0.035930002872568804
7.244044044044044,2.0,0.0008996203986087138,0.050899620398608715,0.26691985119542677,0.0361702300862438
7.249949949949951,2.0,0.0008831838506241942,0.050883183850624195,0.26713416850987864,0.03640638391492951
7.255855855855856,2.0,0.0008670473465888163,0.05086704734658882,0.26734986866666594,0.03663853274243736
7.261761761761763,2.0,0.0008512054187322811,0.05085120541873228,0.2675669282117781,0.036866743822772885
7.267667667667668,2.0,0.0008356526985830577,0.05083565269858306,0.26778532408510863,0.037091083298274284
7.273573573573573,2.0,0.0008203839151773918,0.050820383915177396,0.268005033613943,0.03731161621747715
7.27947947947948,2.0,0.0008053938933002117,0.050805393893300216,0.2682260345065506,0.037528406552707484
7.285385385385386,2.0,0.0007906775517573369,0.05079067755175734,0.26844830484587984,0.03774151721740702
7.291291291291291,2.0,0.0007762299016784081,0.05077622990167841,0.2686718230833554,0.03795101008319514
7.297197197197198,2.0,0.0007620460448500857,0.05076204604485009,0.268896568032775,0.03815694599666977
7.303103103103103,2.0,0.0007481211720789551,0.050748121172078955,0.2691225188643042,0.03835938479595119
7.30900900900901,2.0,0.000734450561583574,0.05073445056158358,0.26934965509856945,0.03855838532697301
7.314914914914915,2.0,0.0007210295774152711,0.050721029577415276,0.269577956600845,0.03875400545952214
7.3208208208208205,2.0,0.0007078536679070652,0.05070785366790707,0.26980740357533534,0.038946302103032904
7.3267267267267275,2.0,0.0006949183641503189,0.05069491836415032,0.2700379765595491,0.03913533122213741
7.332632632632633,2.0,0.0006822192784986032,0.05068221927849861,0.2702696564187644,0.03932114785197578
7.33853853853854,2.0,0.0006697521030982622,0.050669752103098264,0.2705024243405843,0.03950380611327048
7.344444444444445,2.0,0.0006575126084453044,0.05065751260844531,0.27073626182957994,0.03968335922716634
7.35035035035035,2.0,0.0006454966419680508,0.05064549664196805,0.27097115070202127,0.039859859529841335
7.356256256256257,2.0,0.0006337001266351808,0.050633700126635185,0.271207073080693,0.04003335848688993
7.3621621621621625,2.0,0.0006221190595886955,0.050622119059588695,0.2714440113897945,0.04020390670748267
7.368068068068068,2.0,0.0006107495108013276,0.05061074951080133,0.2716819483499242,0.040371553958305786
7.373973973973975,2.0,0.0005995876217580389,0.05059958762175804,0.2719208669731434,0.04053634917728281
7.37987987987988,2.0,0.0005886296041611439,0.05058862960416115,0.2721607505581222,0.04069834048708184
7.385785785785787,2.0,0.000577871738658618,0.050577871738658624,0.2724015826853643,0.040857575208412066
7.391691691691692,2.0,0.000567310373595261,0.05056731037359526,0.2726433472125087,0.04101409987311123
7.397597597597597,2.0,0.0005569419237862195,0.05055694192378622,0.27288602826970976,0.041167960237028525
7.403503503503504,2.0,0.0005467628693125543,0.050546762869312555,0.27312961025509125,0.041319201292704666
7.40940940940941,2.0,0.0005367697543384297,0.050536769754338434,0.2733740778302752,0.041467867281852616
7.415315315315315,2.0,0.0005269591859495226,0.05052695918594952,0.27361941591598427,0.04161400170764203
7.421221221221222,2.0,0.0005173278330123264,0.05051732783301233,0.2738656096877159,0.0417576473467898
7.427127127127127,2.0,0.0005078724250539566,0.05050787242505396,0.27411264457148654,0.04189884626145958
7.433033033033034,2.0,0.0004985897511620648,0.05049858975116207,0.2743605062396469,0.04203763981097377
7.438938938938939,2.0,0.0004894766589045808,0.05048947665890458,0.2746091806067648,0.042174068663339496
7.4448448448448445,2.0,0.00048053005326884616,0.05048053005326885,0.27485865382557617,0.04230817280659265
7.4507507507507515,2.0,0.0004717468956198643,0.05047174689561987,0.2751089122830019,0.042439991559961546
7.456656656656657,2.0,0.00046312420267730287,0.050463124202677304,0.27535994259623076,0.042569563584853365
7.462562562562564,2.0,0.0004546590455108896,0.05045465904551089,0.27561173160886643,0.04269692689566641
7.468468468468469,2.0,0.0004463485485539397,0.05044634854855394,0.27586426638713735,0.04282211887042961
7.474374374374374,2.0,0.00043818988863461903,0.05043818988863462,0.27611753421617,0.042945176261273255
7.480280280280281,2.0,0.0004301802940246875,0.05043018029402469,0.27637152259632275,0.0430661352047323
7.4861861861861865,2.0,0.0004223170435053925,0.050422317043505395,0.2766262192395796,0.043185031231885225
7.492092092092092,2.0,0.0004145974654501786,0.050414597465450184,0.276881612066005,0.0433018992783313
7.497997997997999,2.0,0.00040701893692396727,0.05040701893692397,0.27713768920025517,0.04341677369400786
7.503903903903904,2.0,0.0003995788827986813,0.05039957888279868,0.2773944389681484,0.04352968825285048
7.509809809809811,2.0,0.000392274774884709,0.05039227477488471,0.2776518498932913,0.04364067616229869
7.515715715715716,2.0,0.0003851041310780765,0.05038510413107808,0.2779099106937602,0.043749770072648686
7.521621621621621,2.0,0.0003780645145229843,0.05037806451452299,0.2781686102788391,0.04385700208625646
7.527527527527528,2.0,0.0003711535327894873,0.05037115353278949,0.27842793774580943,0.04396240376659267
7.533433433433434,2.0,0.00036436883706602815,0.050364368837066034,0.27868788237679415,0.04406600614715193
7.539339339339339,2.0,0.00035770812136653844,0.05035770812136654,0.2789484336356538,0.04416783974021895
7.545245245245246,2.0,0.00035116912175188724,0.05035116912175189,0.2792095811649339,0.0442679345454932
7.551151151151151,2.0,0.00034474961556540056,0.050344749615565405,0.27947131478286236,0.04436632005857453
7.557057057057058,2.0,0.00033844742068218036,0.050338447420682185,0.2797336244803976,0.04446302527931208
7.562962962962963,2.0,0.000332260394772028,0.05033226039477203,0.2799965004183244,0.04455807872001804
7.568868868868869,2.0,0.0003261864345756675,0.05032618643457567,0.2802599329243992,0.044651508413549014
7.574774774774776,2.0,0.00032022347519408256,0.05032022347519408,0.2805239124905415,0.0447433419212564
7.580680680680681,2.0,0.00031436948939071046,0.05031436948939071,0.28078842977007223,0.044833606340808026
7.586586586586588,2.0,0.0003086224869062431,0.05030862248690625,0.2810534755749988,0.044922328313883486
7.592492492492493,2.0,0.0003029805137858606,0.050302980513785865,0.28131904087334364,0.04500953403374418
7.598398398398398,2.0,0.00029744165171861583,0.05029744165171862,0.28158511678651843,0.04509524925268101
7.604304304304305,2.0,0.00029200401738879885,0.0502920040173888,0.2818516945867415,0.04517949928934088
7.6102102102102105,2.0,0.00028666576183904657,0.05028666576183905,0.2821187656944977,0.04526230903593418
7.616116116116116,2.0,0.00028142506984497515,0.050281425069844975,0.2823863216760413,0.0453437029653253
7.622022022022023,2.0,0.000276280159301156,0.05027628015930116,0.28265435424094004,0.04542370513800759
7.627927927927928,2.0,0.000271229280618217,0.05027122928061822,0.2829228552396595,0.04550233920896474
7.633833833833835,2.0,0.0002662707161308554,0.05026627071613086,0.2831918166611889,0.045579628434420656
7.63973973973974,2.0,0.00026140277951660273,0.05026140277951661,0.2834612306307053,0.04565559567847893
7.645645645645645,2.0,0.00025662381522510475,0.05025662381522511,0.28373108940727687,0.045730263419654346
7.651551551551552,2.0,0.00025193219791776433,0.050251932197917765,0.2840013853816056,0.0458036537572976
7.657457457457458,2.0,0.00024732633191754545,0.05024732633191755,0.28427211107380546,0.04587578841791505
7.663363363363363,2.0,0.00024280465066874396,0.05024280465066875,0.2845432591312198,0.045946688761385364
7.66926926926927,2.0,0.00023836561620657027,0.05023836561620657,0.28481482232627386,0.04601637578707441
7.675175175175175,2.0,0.00023400771863635534,0.050234007718636356,0.28508679355436317,0.04608487013985001
7.681081081081082,2.0,0.00022972947562219332,0.050229729475622195,0.28535916583177806,0.04615219211599846
7.686986986986987,2.0,0.00022552943188488344,0.05022552943188489,0.2856319322936613,0.046218361669043875
7.692892892892893,2.0,0.00022140615870896587,0.050221406158708966,0.2859050861920016,0.04628339841547237
7.6987987987988,2.0,0.0002173582534587181,0.05021735825345872,0.28617862089365953,0.0463473216403623
7.704704704704705,2.0,0.0002133843391029404,0.05021338433910294,0.28645252987842607,0.04641015030292195
7.710610610610612,2.0,0.00020948306374835452,0.05020948306374836,0.2867268067371152,0.04647190304193671
7.716516516516517,2.0,0.00020565310018149727,0.0502056531001815,0.28700144516968623,0.04653259818112632
7.722422422422422,2.0,0.00020189314541891516,0.05020189314541892,0.2872764389833997,0.04659225373441449
7.728328328328329,2.0,0.0001982019202655418,0.05019820192026554,0.28755178209100263,0.04665088741111158
7.7342342342342345,2.0,0.0001945781688810974,0.0501945781688811,0.28782746850894436,0.04670851662101211
7.74014014014014,2.0,0.00019102065835435755,0.05019102065835436,0.2881034923556228,0.0467651584794085
7.746046046046047,2.0,0.000187528178285167,0.050187528178285166,0.28837984784966003,0.04682082981202208
7.751951951951952,2.0,0.00018409954037405002,0.050184099540374054,0.2886565293082056,0.04687554715985292
7.757857857857859,2.0,0.00018073357801926972,0.05018073357801927,0.28893353114527,0.04692932678394976
7.763763763763764,2.0,0.00017742914592122638,0.05017742914592123,0.28921084787008455,0.046982184670101255
7.769669669669669,2.0,0.0001741851196940334,0.050174185119694036,0.28948847408548994,0.04703413653344984
7.775575575575576,2.0,0.00017100039548416488,0.05017100039548417,0.28976640448635094,0.04708519782302941
7.781481481481482,2.0,0.0001678738895960374,0.05016787388959604,0.29004463385799784,0.04713538372622809
7.787387387387387,2.0,0.00016480453812439243,0.05016480453812439,0.29032315707469464,0.047184709173177304
7.793293293293294,2.0,0.00016179129659337296,0.05016179129659338,0.29060196909813235,0.047233188841068315
7.799199199199199,2.0,0.00015883313960216497,0.05015883313960217,0.2908810649759472,0.04728083715839724
7.805105105105106,2.0,0.00015592906047707597,0.05015592906047708,0.291160439840265,0.04732766830914015
7.811011011011011,2.0,0.00015307807092995637,0.05015307807092996,0.2914400889062689,0.04737369623685874
7.816916916916917,2.0,0.0001502792007228227,0.050150279200722826,0.2917200074707912,0.04741893464873832
7.822822822822824,2.0,0.00014753149733859176,0.050147531497338596,0.2920001909109296,0.04746339701955875
7.828728728728729,2.0,0.00014483402565780733,0.05014483402565781,0.29228063468268556,0.04750709659559957
7.834634634634636,2.0,0.00014218586764124023,0.05014218586764124,0.29256133431962694,0.04755004639848062
7.840540540540541,2.0,0.00013958612201827933,0.050139586122018284,0.2928422854315717,0.047592259228938706
7.846446446446446,2.0,0.00013703390398098192,0.050137033903980985,0.2931234837032946,0.04763374767054179
7.852352352352353,2.0,0.0001345283448837016,0.0501345283448837,0.29340492489325587,0.04767452409334154
7.8582582582582585,2.0,0.00013206859194818402,0.05013206859194819,0.29368660483234993,0.0477146006574651
7.864164164164164,2.0,0.0001296538079740261,0.05012965380797403,0.29396851942267693,0.047753989316647455
7.870070070070071,2.0,0.00012728317105441326,0.050127283171054415,0.29425066463633365,0.0477927018217049
7.875975975975976,2.0,0.00012495587429703342,0.050124955874297036,0.29453303651422524,0.047830749723950884
7.881881881881883,2.0,0.00012267112555006623,0.05012267112555007,0.2948156311648972,0.0478681443785551
7.887787787787788,2.0,0.0001204281471331733,0.050120428147133175,0.29509844476338604,0.0479048969478466
7.8936936936936934,2.0,0.000118226175573378,0.050118226175573384,0.29538147355009103,0.04794101840456213
7.8995995995996005,2.0,0.00011606446134576306,0.05011606446134577,0.29566471382966325,0.04797651953504021
7.905505505505506,2.0,0.00011394226861889151,0.05011394226861889,0.2959481619699139,0.048011410942362207
7.911411411411411,2.0,0.00011185887500485999,0.05011185887500486,0.2962318144007419,0.04804570304944104
7.917317317317318,2.0,0.00010981357131391165,0.050109813571313916,0.2965156676130782,0.04807940610205841
7.923223223223223,2.0,0.00010780566131351984,0.05010780566131352,0.29679971815784834,0.04811253017185145
7.92912912912913,2.0,0.00010583446149185592,0.05010583446149186,0.29708396264495357,0.048145085159249625
7.935035035035035,2.0,0.00010389930082557599,0.05010389930082558,0.29736839774226725,0.048177080796362556
7.940940940940941,2.0,0.00010199952055183102,0.05010199952055183,0.29765302017464973,0.04820852664981984
7.946846846846848,2.0,0.00010013447394443761,0.050100134473944444,0.2979378267229796,0.04823943212356335
7.952752752752753,2.0,9.830352609412905e-05,0.05009830352609413,0.2982228142231998,0.04826980646159294
7.95865865865866,2.0,9.650605369280476e-05,0.050096506053692806,0.2985079795653826,0.04829965875066649
7.964564564564565,2.0,9.474144482172238e-05,0.050094741444821726,0.2987933196928076,0.048328997922954586
7.97047047047047,2.0,9.300909874354202e-05,0.05009300909874354,0.2990788316010569,0.048357832758651124
7.976376376376377,2.0,9.130842569816735e-05,0.05009130842569817,0.2993645123371255,0.04838617188854013
7.9822822822822825,2.0,8.963884670230856e-05,0.05008963884670231,0.2996503589985456,0.04841402379651966
7.988188188188188,2.0,8.79997933526955e-05,0.0500879997933527,0.299936368732527,0.04844139682208372
7.994094094094095,2.0,8.639070763288328e-05,0.050086390707632884,0.3002225387351116,0.04846829916276241
8.0,2.0,8.481104172358075e-05,0.05008481104172358,0.3005088662503415,0.048494738876521414
