time,release_time,capture,inventory
0.0,0.25,1.75,0.4264705882352941
0.005240354718248195,0.25,1.7499897020294766,0.4266993562451904
0.01048070943649639,0.25,1.749958808400701,0.4269232718690542
0.015721064154744585,0.25,1.7499073199620514,0.42714232895788173
0.02096141887299278,0.25,1.7498352381274649,0.4273565214960903
0.026201773591240977,0.25,1.7497425648763991,0.42756584360168415
0.03144212830948917,0.25,1.7496293027537777,0.42777028952641566
0.03668248302773737,0.25,1.7494954548699206,0.4279698536559431
0.04192283774598556,0.25,1.7493410249004588,0.42816453050998515
0.047163192464233755,0.25,1.749166017086233,0.4283543147424711
0.052403547182481955,0.25,1.7489704362331773,0.42853920114168786
0.05764390190073015,0.25,1.7487542877121873,0.4287191846304228
0.06288425661897834,0.25,1.748517577458973,0.4288942602661036
0.06812461133722654,0.25,1.7482603119738942,0.42906442324093363
0.07336496605547474,0.25,1.7479824983217847,0.42922966888202396
0.07860532077372293,0.25,1.7476841441317554,0.4293899926515221
0.08384567549197113,0.25,1.7473652575969867,0.42954539014673615
0.08908603021021932,0.25,1.7470258474745035,0.4296958571002558
0.09432638492846751,0.25,1.7466659230849333,0.4298413893800699
0.09956673964671571,0.25,1.7462854943122514,0.42998198298967927
0.10480709436496391,0.25,1.7458845716035092,0.430117634068207
0.1100474490832121,0.25,1.7454631659685476,0.4302483388905044
0.1152878038014603,0.25,1.7450212889796939,0.43037409386725295
0.1205281585197085,0.25,1.7445589527714445,0.4304948955450632
0.12576851323795668,0.25,1.744076170040132,0.43061074060656956
0.1310088679562049,0.25,1.7435729540435758,0.4307216258705212
0.13624922267445308,0.25,1.7430493186007188,0.43082754829186964
0.14148957739270127,0.25,1.7425052780912473,0.4309285049618524
0.14672993211094948,0.25,1.7419408474551958,0.43102449310807256
0.15197028682919766,0.25,1.7413560421925385,0.43111551009457527
0.15721064154744585,0.25,1.740750878362761,0.43120155342191974
0.16245099626569406,0.25,1.7401253725844221,0.4312826207272483
0.16769135098394225,0.25,1.7394795420346947,0.4313587097843511
0.17293170570219044,0.25,1.7388134044488963,0.4314298185037271
0.17817206042043865,0.25,1.7381269781200008,0.43149594493264165
0.18341241513868684,0.25,1.7374202818981361,0.43155708725518005
0.18865276985693502,0.25,1.736693335190068,0.4316132437922974
0.19389312457518323,0.25,1.7359461579586646,0.43166441300186464
0.19913347929343142,0.25,1.7351787707223503,0.43171059347871127
0.2043738340116796,0.25,1.7343911945545416,0.4317517839546633
0.20961418872992782,0.25,1.733583451083068,0.4317879832985786
0.214854543448176,0.25,1.732755562489579,0.4318191905163778
0.2200948981664242,0.25,1.7319075515089342,0.43184540475107147
0.2253352528846724,0.25,1.7310394414285788,0.43186662528278397
0.2305756076029206,0.25,1.730151256087905,0.43188285152877276
0.23581596232116878,0.25,1.7292430198775968,0.4318940830434448
0.241056317039417,0.25,1.7283147577389602,0.4319003195183686
0.24629667175766518,0.25,1.727366495163238,0.4319015607822827
0.25153702647591336,0.25,1.7263982581909103,0.43189780680110057
0.25677738119416155,0.25,1.7254100734109796,0.4318890576779111
0.2620177359124098,0.25,1.7244019679602394,0.43187531365297616
0.267258090630658,0.25,1.7233739695225307,0.43185657510372405
0.27249844534890616,0.25,1.7223261063279802,0.4318328425447388
0.27773880006715435,0.25,1.7212584071522263,0.4318041166277462
0.28297915478540253,0.25,1.7201709013156274,0.4317703981415961
0.2882195095036507,0.25,1.7190636186824593,0.43173168801224027
0.29345986422189896,0.25,1.7179365896600913,0.43168798730270763
0.29870021894014714,0.25,1.7167898451981554,0.4316392972130743
0.30394057365839533,0.25,1.7156234167876931,0.43158561908043136
0.3091809283766435,0.25,1.7144373364602918,0.43152695437884764
0.3144212830948917,0.25,1.7132316367872058,0.4314633047193295
0.3196616378131399,0.25,1.7120063508784609,0.4313946718497763
0.32490199253138813,0.25,1.7107615123819455,0.4313210576549329
0.3301423472496363,0.25,1.7094971554824867,0.4312424641563375
0.3353827019678845,0.25,1.7082133149009113,0.43115889351226605
0.3406230566861327,0.25,1.7069100258930927,0.4310703480176734
0.34586341140438087,0.25,1.7055873242489823,0.4309768301041298
0.3511037661226291,0.25,1.7042452462916267,0.43087834233975464
0.3563441208408773,0.25,1.7028838288761707,0.4307748874291455
0.3615844755591255,0.25,1.7015031093888446,0.4306664682133039
0.36682483027737367,0.25,1.700103125745938,0.4305530876695576
0.37206518499562186,0.25,1.6986839163927587,0.4304347489114787
0.37730553971387004,0.25,1.6972455203025758,0.4303114551887978
0.3825458944321183,0.25,1.695787976975551,0.4301832098873154
0.38778624915036647,0.25,1.6943113264376528,0.43005001652880825
0.39302660386861465,0.25,1.6928156092395577,0.4299118787709332
0.39826695858686284,0.25,1.6913008664555367,0.42976880040712634
0.403507313305111,0.25,1.6897671396823273,0.4296207853664991
0.4087476680233592,0.25,1.688214471037991,0.4294678377137302
0.41398802274160745,0.25,1.6866429031607568,0.42930996164895413
0.41922837745985564,0.25,1.685052479207851,0.42914716150764565
0.4244687321781038,0.25,1.6834432428543107,0.428979441760501
0.429709086896352,0.25,1.6818152382917853,0.42880680701331475
0.4349494416146002,0.25,1.6801685102273225,0.4286292620068538
0.4401897963328484,0.25,1.6785031038821414,0.42844681161672676
0.4454301510510966,0.25,1.67681906499039,0.42825946085325023
0.4506705057693448,0.25,1.675116439797889,0.4280672148613113
0.455910860487593,0.25,1.6733952750608627,0.42787007892022605
0.4611512152058412,0.25,1.6716556180446545,0.42766805844359485
0.46639156992408937,0.25,1.6698975165224286,0.4274611589791534
0.47163192464233755,0.25,1.6681210187738589,0.4272493862086207
0.4768722793605858,0.25,1.6663261735838024,0.42703274594754265
0.482112634078834,0.25,1.6645130302409603,0.4268112441451327
0.48735298879708217,0.25,1.6626816385365237,0.4265848868841082
0.49259334351533035,0.25,1.6608320487628068,0.4263536803805237
0.49783369823357854,0.25,1.6589643117118653,0.42611763098359967
0.5030740529518267,0.25,1.6570784786741024,0.42587674517554897
0.508314407670075,0.25,1.6551746014368591,0.42563102957139787
0.5135547623883231,0.25,1.6532527322829937,0.4253804909188055
0.5187951171065713,0.25,1.6513129239894444,0.4251251360978773
0.5240354718248196,0.25,1.6493552298257808,0.4248649721209772
0.5292758265430677,0.25,1.6473797035527409,0.42460000613253446
0.534516181261316,0.25,1.6453863994207552,0.42433024540884745
0.5397565359795641,0.25,1.643375372168456,0.42405569735788434
0.5449968906978123,0.25,1.641346677021175,0.42377636951907893
0.5502372454160606,0.25,1.6393003696894266,0.42349226956312414
0.5554776001343087,0.25,1.6372365063673775,0.42320340529176137
0.5607179548525569,0.25,1.6351551437313039,0.42290978463756584
0.5659583095708051,0.25,1.6330563389380357,0.4226114156637292
0.5711986642890533,0.25,1.630940149623386,0.4223083065638378
0.5764390190073014,0.25,1.628806633900568,0.42200046566164773
0.5816793737255497,0.25,1.6266558503586013,0.42168790141085666
0.5869197284437979,0.25,1.6244878580607,0.42137062239487094
0.592160083162046,0.25,1.6223027165426531,0.4210486373265705
0.5974004378802943,0.25,1.6201004858111885,0.4207219550480693
0.6026407925985424,0.25,1.617881226342325,0.4203905845304726
0.6078811473167907,0.25,1.6156449990797124,0.42005453487363065
0.6131215020350389,0.25,1.6133918654329573,0.4197138153058886
0.618361856753287,0.25,1.6111218872759365,0.4193684351838333
0.6236022114715353,0.25,1.6088351269450984,0.4190184039920364
0.6288425661897834,0.25,1.6065316472377509,0.4186637313427934
0.6340829209080316,0.25,1.6042115114103372,0.4183044269758604
0.6393232756262798,0.25,1.6018747831766984,0.4179405007581861
0.644563630344528,0.25,1.5995215267063232,0.41757196268364116
0.6498039850627763,0.25,1.5971518066225876,0.41719882287274335
0.6550443397810244,0.25,1.5947656880009782,0.41682109157238023
0.6602846944992726,0.25,1.5923632363673061,0.4164387791555272
0.6655250492175208,0.25,1.589944517695908,0.4160518961209629
0.670765403935769,0.25,1.587509598407833,0.4156604530929809
0.6760057586540172,0.25,1.5850585453690198,0.4152644608210979
0.6812461133722654,0.25,1.5825914258884612,0.41486393017975864
0.6864864680905136,0.25,1.5801083077163527,0.41445887216803695
0.6917268228087617,0.25,1.5776092590422355,0.41404929790933415
0.69696717752701,0.25,1.5750943484931215,0.4136352186510733
0.7022075322452582,0.25,1.57256364513161,0.4132166457643903
0.7074478869635064,0.25,1.570017218453991,0.41279359074382194
0.7126882416817546,0.25,1.5674551383883355,0.4123660652069898
0.7179285964000027,0.25,1.5648774752925774,0.41193408089428163
0.723168951118251,0.25,1.5622842999525792,0.4114976496685286
0.7284093058364991,0.25,1.55967568358019,0.4110567835146798
0.7336496605547473,0.25,1.5570516978112878,0.41061149453947304
0.7388900152729956,0.25,1.5544124147038145,0.4101617949711022
0.7441303699912437,0.25,1.551757906735796,0.4097076971588818
0.749370724709492,0.25,1.5490882468033513,0.40924921357290744
0.7546110794277401,0.25,1.5464035082186927,0.40878635680371367
0.7598514341459883,0.25,1.5437037647081095,0.4083191395619281
0.7650917888642366,0.25,1.5409890904099464,0.40784757467792254
0.7703321435824847,0.25,1.5382595598725657,0.40737167510146033
0.7755724983007329,0.25,1.5355152480523007,0.40689145390134096
0.7808128530189811,0.25,1.5327562303113975,0.4064069242650411
0.7860532077372293,0.25,1.529982582415945,0.40591809949835256
0.7912935624554774,0.25,1.5271943805337944,0.4054249930250168
0.7965339171737257,0.25,1.5243917012324681,0.40492761838635616
0.8017742718919739,0.25,1.5215746214770565,0.40442598924090245
0.807014626610222,0.25,1.518743218628104,0.40392011936402133
0.8122549813284703,0.25,1.5158975704394855,0.4034100226475344
0.8174953360467184,0.25,1.5130377550562708,0.40289571309933747
0.8227356907649667,0.25,1.5101638510125786,0.4023772048430161
0.8279760454832149,0.25,1.5072759372294202,0.4018545121174575
0.833216400201463,0.25,1.5043740930125313,0.40132764927645986
0.8384567549197113,0.25,1.5014583980501954,0.4007966307883378
0.8436971096379594,0.25,1.4985289324110542,0.40026147123552536
0.8489374643562076,0.25,1.49558577654191,0.3997221853141753
0.8541778190744559,0.25,1.492629011265516,0.39917878783375565
0.859418173792704,0.25,1.4896587177783567,0.3986312937166431
0.8646585285109523,0.25,1.4866749776484178,0.398079717997713
0.8698988832292004,0.25,1.4836778728129474,0.39752407582392674
0.8751392379474486,0.25,1.4806674855762045,0.3969643824539155
0.8803795926656968,0.25,1.4776438986072,0.3964006532575616
0.885619947383945,0.25,1.474607194937426,0.395832903715576
0.8908603021021932,0.25,1.4715574579585753,0.3952611494190735
0.8961006568204414,0.25,1.468494771420252,0.3946854060691445
0.9013410115386896,0.25,1.4654192194276714,0.3941056894764238
0.9065813662569377,0.25,1.46233088643935,0.39352201556065647
0.911821720975186,0.25,1.4592298572647868,0.3929344003502605
0.9170620756934342,0.25,1.456116217062134,0.39234285998188695
0.9223024304116824,0.25,1.4529900513358582,0.39174741069997654
0.9275427851299306,0.25,1.4498514459343927,0.3911480688563136
0.9327831398481787,0.25,1.44670048704778,0.39054485090957725
0.938023494566427,0.25,1.4435372612053046,0.3899377734248891
0.9432638492846751,0.25,1.4403618552731174,0.3893268530733588
0.9485042040029233,0.25,1.4371743564518493,0.3887121066316255
0.9537445587211716,0.25,1.4339748522742175,0.38809355098139786
0.9589849134394197,0.25,1.4307634306026213,0.3874712031089903
0.964225268157668,0.25,1.427540179626729,0.3868450801048562
0.9694656228759161,0.25,1.4243051878610573,0.38621519916311886
0.9747059775941643,0.25,1.4210585441425385,0.38558157758109934
0.9799463323124126,0.25,1.4178003376280828,0.38494423275884115
0.9851866870306607,0.25,1.4145306577921297,0.3843031821986329
0.9904270417489089,0.25,1.4112495944241896,0.3836584435045274
0.9956673964671571,0.25,1.4079572376263796,0.383010034381858
1.0009077511854052,0.25,1.4046536778109486,0.3823579726367529
1.0061481059036534,0.25,1.401339005697794,0.3817022761756458
1.0113884606219017,0.25,1.398013312311971,0.3810429630047841
1.01662881534015,0.25,1.3946766889811928,0.38038005122973484
1.0218691700583982,0.25,1.3913292273333226,0.37971355905488713
1.0271095247766462,0.25,1.387971019293858,0.37904350478295235
1.0323498794948944,0.25,1.3846021570834046,0.3783699068144616
1.0375902342131427,0.25,1.381222733215146,0.3776927836472601
1.042830588931391,0.25,1.377832840492302,0.37701215387599984
1.0480709436496392,0.25,1.3744325720055799,0.3763280361916282
1.0533112983678872,0.25,1.3710220211306194,0.37564044938087526
1.0585516530861354,0.25,1.3676012815254261,0.3749494123257376
1.0637920078043837,0.25,1.3641704471278018,0.37425494400295967
1.069032362522632,0.25,1.3607296121527641,0.37355706348351314
1.0742727172408801,0.25,1.3572788710899588,0.37285578993207263
1.0795130719591282,0.25,1.3538183187010648,0.37215114260648985
1.0847534266773764,0.25,1.3503480500171932,0.37144314085726443
1.0899937813956246,0.25,1.346868160336276,0.3707318041270128
1.0952341361138729,0.25,1.3433787452204502,0.37001715194993406
1.1004744908321211,0.25,1.3398799004934334,0.3692992039512737
1.1057148455503691,0.25,1.3363717222378915,0.3685779798467847
1.1109552002686174,0.25,1.3328543067928016,0.36785349944218576
1.1161955549868656,0.25,1.329327750750805,0.36712578263261786
1.1214359097051139,0.25,1.3257921509555555,0.36639484940209777
1.1266762644233619,0.25,1.32224760449906,0.365660719822969
1.1319166191416101,0.25,1.3186942087190112,0.364923414055351
1.1371569738598584,0.25,1.315132061196116,0.3641829523465852
1.1423973285781066,0.25,1.3115612597514148,0.3634393550306793
1.1476376832963548,0.25,1.3079819024435957,0.3626926425277485
1.1528780380146029,0.25,1.3043940875663018,0.3619428353434552
1.158118392732851,0.25,1.300797913645431,0.36118995406844534
1.1633587474510994,0.25,1.2971934794364313,0.36043401937778347
1.1685991021693476,0.25,1.293580883921589,0.35967505203038463
1.1738394568875958,0.25,1.2899602263073096,0.35891307286844454
1.1790798116058439,0.25,1.2863316060213943,0.35814810281686704
1.184320166324092,0.25,1.2826951227103087,0.3573801628826896
1.1895605210423403,0.25,1.2790508762364476,0.35660927415450633
1.1948008757605886,0.25,1.2753989666753918,0.35583545780188897
1.2000412304788368,0.25,1.27173949431316,0.3550587350748055
1.2052815851970848,0.25,1.2680725596434548,0.3542791273030366
1.210521939915333,0.25,1.2643982633649031,0.3534966558955899
1.2157622946335813,0.25,1.2607167063782911,0.3527113423401119
1.2210026493518296,0.25,1.257027989783793,0.3519232082022984
1.2262430040700778,0.25,1.2533322148781951,0.35113227512530154
1.2314833587883258,0.25,1.249629483152113,0.35033856482913617
1.236723713506574,0.25,1.2459198962872062,0.3495420991100828
1.2419640682248223,0.25,1.2422035561533844,0.34874289984008944
1.2472044229430705,0.25,1.2384805648060107,0.34794098896617087
1.2524447776613188,0.25,1.2347510244830988,0.3471363885098058
1.2576851323795668,0.25,1.2310150376025055,0.34632912056633247
1.262925487097815,0.25,1.2272727067591185,0.3455192073043413
1.2681658418160633,0.25,1.2235241347220378,0.34470667096506685
1.2734061965343115,0.25,1.2197694244317554,0.3438915338617764
1.2786465512525595,0.25,1.2160086789973272,0.34307381837915774
1.2838869059708078,0.25,1.2122420016935411,0.3422535469727038
1.289127260689056,0.25,1.2084694959580822,0.34143074216809677
1.2943676154073043,0.25,1.2046912653886914,0.340605426560589
1.2996079701255525,0.25,1.2009074137403208,0.3397776228143825
1.3048483248438005,0.25,1.1971180449222847,0.338947353662007
1.3100886795620488,0.25,1.1933232629954051,0.338114641903695
1.315329034280297,0.25,1.1895231721691553,0.3372795104067563
1.3205693889985453,0.25,1.1857178767987973,0.3364419821049497
1.3258097437167935,0.25,1.1819074813825168,0.33560207999785313
1.3310500984350415,0.25,1.1780920905585528,0.33475982715023245
1.3362904531532898,0.25,1.1742718091023248,0.3339152466914075
1.341530807871538,0.25,1.1704467419235547,0.33306836181461746
1.3467711625897862,0.25,1.166616994063387,0.3322191957763837
1.3520115173080345,0.25,1.162782670691503,0.3313677718958711
1.3572518720262825,0.25,1.1589438771032337,0.3305141135542477
1.3624922267445307,0.25,1.1551007187166673,0.32965824419404266
1.367732581462779,0.25,1.1512533010697557,0.32880018731850247
1.3729729361810272,0.25,1.1474017298174146,0.3279399664909456
1.3782132908992755,0.25,1.1435461107286236,0.32707760533411534
1.3834536456175235,0.25,1.1396865496835205,0.3262131275295311
1.3886940003357717,0.25,1.135823152670494,0.32534655681683794
1.39393435505402,0.25,1.1319560257832741,0.3244779169931551
1.3991747097722682,0.25,1.128085275218017,0.323607231912422
1.4044150644905165,0.25,1.12421100727039,0.3227345254847434
1.4096554192087645,0.25,1.1203333283326522,0.3218598216757329
1.4148957739270127,0.25,1.1164523448907326,0.3209831445058545
1.420136128645261,0.25,1.1125681635213063,0.32010451804976336
1.4253764833635092,0.25,1.1086808908888668,0.3192239664356443
1.4306168380817572,0.25,1.1047906337427986,0.3183415138445497
1.4358571928000055,0.25,1.1008974989144438,0.3174571845097347
1.4410975475182537,0.25,1.0970015933141697,0.31657100271599253
1.446337902236502,0.25,1.0931030239284325,0.31568299279898726
1.4515782569547502,0.25,1.0892018978168392,0.31479317914458527
1.4568186116729982,0.25,1.0852983221092076,0.31390158618818614
1.4620589663912464,0.25,1.0813924040026244,0.313008238414051
1.4672993211094947,0.25,1.0774842507585018,0.31211316035463077
1.472539675827743,0.25,1.0735739696996318,0.31121637658989193
1.4777800305459912,0.25,1.0696616682072384,0.31031791174664203
1.4830203852642392,0.25,1.0657474537180296,0.30941779049785284
1.4882607399824874,0.25,1.0618314337212462,0.30851603756198337
1.4935010947007357,0.25,1.057913715755711,0.3076126777023006
1.498741449418984,0.25,1.0539944074068752,0.3067077357261998
1.5039818041372321,0.25,1.0500736163038638,0.3058012364845232
1.5092221588554802,0.25,1.0461514501165199,0.3048932048708772
1.5144625135737284,0.25,1.042228016552448,0.30398366582094927
1.5197028682919766,0.25,1.038303423354057,0.30307264431182307
1.524943223010225,0.25,1.0343777782956,0.30216016536129225
1.5301835777284731,0.25,1.0304511891802164,0.3012462540271737
1.5354239324467212,0.25,1.02652376383697,0.3003309354066194
1.5406642871649694,0.25,1.0225956101178884,0.2994142346354271
1.5459046418832176,0.25,1.0186668358950015,0.29849617688735025
1.5511449966014659,0.25,1.014737549057379,0.2975767873734064
1.5563853513197141,0.25,1.0108078575081678,0.29665609134118537
1.5616257060379621,0.25,1.0068778691616287,0.29573411407415534
1.5668660607562104,0.25,1.0029476919401725,0.2948108808909689
1.5721064154744586,0.25,0.999017433771397,0.2938864171447676
1.5773467701927069,0.25,0.9950872025851228,0.29296074822248597
1.5825871249109549,0.25,0.9911571063104302,0.29203389954415404
1.5878274796292031,0.25,0.9872272528726936,0.29110589656219943
1.5930678343474514,0.25,0.9832977501906194,0.29017676476074844
1.5983081890656996,0.25,0.9793687061732818,0.28924652965492614
1.6035485437839478,0.25,0.9754402287171593,0.28831521679015576
1.6087888985021959,0.25,0.9715124257031724,0.2873828517414571
1.614029253220444,0.25,0.9675854049937196,0.28644946011274425
1.6192696079386923,0.25,0.9636592744297172,0.2855150675361225
1.6245099626569406,0.25,0.9597341418276368,0.28457969967118435
1.6297503173751888,0.25,0.9558101149765447,0.28364338220430513
1.6349906720934368,0.25,0.9518873016351417,0.2827061408479372
1.640231026811685,0.25,0.947965809528804,0.28176800133990426
1.6454713815299333,0.25,0.9440457463466256,0.28082898944269424
1.6507117362481816,0.25,0.9401272197384599,0.2798891309427521
1.6559520909664298,0.25,0.9362103373119643,0.27894845164977145
1.6611924456846778,0.25,0.9322952066296452,0.2780069773959861
1.666432800402926,0.25,0.928381935205903,0.2770647340354603
1.6716731551211743,0.25,0.9244706305040813,0.27612174744337886
1.6769135098394226,0.25,0.9205613999335149,0.275178043515337
1.6821538645576708,0.25,0.9166543508465803,0.2742336481666285
1.6873942192759188,0.25,0.9127495905357479,0.2732885873315347
1.692634573994167,0.25,0.9088472262306347,0.2723428869626119
1.6978749287124153,0.25,0.9049473650950615,0.2713965730299788
1.7031152834306635,0.25,0.9010501142241081,0.2704496715206034
1.7083556381489118,0.25,0.8971555806411733,0.26950220843758926
1.7135959928671598,0.25,0.8932638712950363,0.26855420979946143
1.718836347585408,0.25,0.8893750930569182,0.267605701639452
1.7240767023036563,0.25,0.8854893527175492,0.26665671000478514
1.7293170570219045,0.25,0.8816067569842345,0.26570726095596187
1.7345574117401525,0.25,0.8777274124779246,0.2647573805660444
1.7397977664584008,0.25,0.873851425730287,0.2638070949199401
1.745038121176649,0.25,0.869978903180781,0.2628564301136851
1.7502784758948973,0.25,0.8661099511737351,0.2619054122537278
1.7555188306131455,0.25,0.8622446759554256,0.26095406745621197
1.7607591853313935,0.25,0.8583831836711604,0.26000242184625943
1.7659995400496418,0.25,0.8545255803623621,0.2590505015572527
1.77123989476789,0.25,0.8506719719636582,0.2580983327301172
1.7764802494861383,0.25,0.8468224642999703,0.25714594151260367
1.7817206042043865,0.25,0.8429771630836091,0.25619335405857
1.7869609589226345,0.25,0.8391361739113711,0.255240596527263
1.7922013136408828,0.25,0.8352996022616378,0.25428769508259974
1.797441668359131,0.25,0.8314675534914808,0.2533346758924497
1.8026820230773792,0.25,0.8276401328337677,0.25238156512791543
1.8079223777956275,0.25,0.8238174453942719,0.25142838896261455
1.8131627325138755,0.25,0.8199995961487871,0.2504751735719606
1.8184030872321237,0.25,0.8161866899402439,0.24952194513244408
1.823643441950372,0.25,0.8123788314758308,0.24856872982091405
1.8288837966686202,0.25,0.8085761253241192,0.247615553813859
1.8341241513868685,0.25,0.8047786759121913,0.24666244328668804
1.8393645061051165,0.25,0.8009865875227731,0.24570942441301222
1.8446048608233647,0.25,0.7971999642913692,0.24475652336392548
1.849845215541613,0.25,0.793418910203405,0.2438037663072863
1.8550855702598612,0.25,0.7896435290913701,0.24285117940699896
1.8603259249781094,0.25,0.7858739246319669,0.2418987888222949
1.8655662796963575,0.25,0.7821102003432637,0.24094662070701467
1.8708066344146057,0.25,0.7783524595818516,0.23999470120888933
1.876046989132854,0.25,0.7746008055400071,0.2390430564688227
1.8812873438511022,0.25,0.7708553412428576,0.23809171262017348
1.8865276985693502,0.25,0.7671161695455522,0.2371406957880374
1.8917680532875985,0.25,0.7633833931304371,0.2361900320885299
1.8970084080058467,0.25,0.7596571145042365,0.235239747628069
1.902248762724095,0.25,0.7559374359952369,0.2342898685026584
1.9074891174423432,0.25,0.7522244597504772,0.23334042079717066
1.9127294721605912,0.25,0.7485182877329445,0.23239143058463113
1.9179698268788394,0.25,0.7448190217187718,0.2314429239255017
1.9232101815970877,0.25,0.7411267632944458,0.2304949268669654
1.928450536315336,0.25,0.7374416138540156,0.2295474654422109
1.9336908910335842,0.25,0.7337636745963088,0.22860056566971776
1.9389312457518322,0.25,0.7300930465221522,0.22765425355254187
1.9441716004700804,0.25,0.7264298304315983,0.22670855507760126
1.9494119551883287,0.25,0.7227741269211572,0.2257634962149627
1.954652309906577,0.25,0.7191260363810343,0.2248191029171283
1.9598926646248251,0.25,0.7154856589923733,0.22387540111832302
1.9651330193430732,0.25,0.711853094724505,0.2229324167337824
1.9703733740613214,0.25,0.7082284433322017,0.22199017565904067
1.9756137287795696,0.25,0.704611804352939,0.22104870376922015
1.9808540834978179,0.25,0.701003277104161,0.22010802691832013
1.9860944382160661,0.25,0.6974029606805539,0.2191681709385073
1.9913347929343141,0.25,0.6938109539513238,0.21822916163940612
1.9965751476525624,0.25,0.6902273555574825,0.2172910248073901
2.0018155023708104,0.25,0.6866522639091388,0.21635378620487383
2.0070558570890586,0.25,0.6830857771827945,0.21541747156960522
2.012296211807307,0.25,0.6795279933186503,0.21448210661395903
2.017536566525555,0.25,0.6759790100179154,0.2135477170242306
2.0227769212438034,0.25,0.672438924740124,0.2126143284599304
2.0280172759620516,0.25,0.6689078347004598,0.21168196655307958
2.0332576306803,0.25,0.6653858368670857,0.210750656907506
2.038497985398548,0.25,0.6618730279584817,0.20982042509814103
2.0437383401167963,0.25,0.6583695044407877,0.2088912966703174
2.0489786948350446,0.25,0.6548753625251555,0.20796329713906747
2.0542190495532924,0.25,0.651390698165107,0.20703645198842288
2.0594594042715406,0.25,0.6479156070538967,0.20611078667071422
2.064699758989789,0.25,0.6444501846218875,0.2051863266058727
2.069940113708037,0.25,0.6409945260339274,0.2042630971807316
2.0751804684262853,0.25,0.637548726186737,0.20334112374832938
2.0804208231445336,0.25,0.6341128797063039,0.20242043162721327
2.085661177862782,0.25,0.6306870809452835,0.20150104610074418
2.09090153258103,0.25,0.627271423980408,0.2005829924164022
2.0961418872992783,0.25,0.6238660026099035,0.19966629578509348
2.101382242017526,0.25,0.6204709103509142,0.19875098138045777
2.1066225967357743,0.25,0.6170862404369326,0.19783707433817688
2.1118629514540226,0.25,0.6137120858152418,0.19692459975528506
2.117103306172271,0.25,0.6103485391443613,0.19601358268947922
2.122343660890519,0.25,0.6069956927915031,0.19510404815843108
2.1275840156087673,0.25,0.603653638830035,0.19419602113910006
2.1328243703270156,0.25,0.600322469036952,0.19328952656704745
2.138064725045264,0.25,0.5970022748903564,0.19238458933575164
2.143305079763512,0.25,0.5936931475669455,0.1914812342959244
2.1485454344817603,0.25,0.5903951779395075,0.19057948625482862
2.153785789200008,0.25,0.5871084565744269,0.18967936997559703
2.1590261439182563,0.25,0.5838330737291956,0.1887809101765519
2.1642664986365046,0.25,0.5805691193499366,0.18788413153052674
2.169506853354753,0.25,0.5773166830689325,0.18698905866418833
2.174747208073001,0.25,0.5740758542021647,0.1860957161573607
2.1799875627912493,0.25,0.5708467217468598,0.18520412854235
2.1852279175094975,0.25,0.5676293743790473,0.18431432030327077
2.1904682722277458,0.25,0.5644239004511223,0.18342631587537378
2.195708626945994,0.25,0.5612303879894212,0.18254013964437485
2.2009489816642422,0.25,0.558048924691803,0.18165581594578514
2.20618933638249,0.25,0.554879597925242,0.18077336906424307
2.2114296911007383,0.25,0.5517224947234276,0.17989282323284717
2.2166700458189865,0.25,0.5485777017843749,0.1790142026324908
2.2219104005372348,0.25,0.5454453054680442,0.1781375313911981
2.227150755255483,0.25,0.5423253917939683,0.17726283358346137
2.2323911099737312,0.25,0.5392180464388917,0.17639013322957992
2.2376314646919795,0.25,0.5361233547344165,0.17551945429500043
2.2428718194102277,0.25,0.5330414016646601,0.17465082068965893
2.248112174128476,0.25,0.5299722718639206,0.17378425626732413
2.2533525288467238,0.25,0.5269160496143537,0.17291978482494247
2.258592883564972,0.25,0.5238728188436564,0.17205743010198424
2.2638332382832203,0.25,0.5208426631227645,0.17119721577979224
2.2690735930014685,0.25,0.517825665663556,0.17033916548093112
2.2743139477197167,0.25,0.5148219093165669,0.16948330276853868
2.279554302437965,0.25,0.5118314765687151,0.16862965114567888
2.284794657156213,0.25,0.5088544495410363,0.16777823405469638
2.2900350118744615,0.25,0.5058909099864277,0.16692907487657288
2.2952753665927097,0.25,0.5029409392874041,0.16608219693028473
2.300515721310958,0.25,0.5000046184538625,0.16523762347216303
2.3057560760292057,0.25,0.4970820281208571,0.16439537769525475
2.310996430747454,0.25,0.49417324854638545,0.16355548272868548
2.316236785465702,0.25,0.4912783596091843,0.16271796163702498
2.3214771401839505,0.25,0.48839744080653635,0.16188283741965326
2.3267174949021987,0.25,0.48553057125208676,0.16105013301012922
2.331957849620447,0.25,0.48267782967367046,0.16021987127556075
2.337198204338695,0.25,0.4798392944111507,0.1593920750159768
2.3424385590569434,0.25,0.47701504341426737,0.15856676696370134
2.3476789137751917,0.25,0.4742051542404966,0.15774396978272903
2.35291926849344,0.25,0.4714097040529205,0.15692370606810285
2.3581596232116877,0.25,0.4686287696181093,0.1561059983452937
2.363399977929936,0.25,0.4658624273040112,0.15529086906958145
2.368640332648184,0.25,0.46311075307785743,0.15447834062543891
2.3738806873664324,0.25,0.460373822504075,0.15366843532591662
2.3791210420846807,0.25,0.45765171074221145,0.15286117541203037
2.384361396802929,0.25,0.45494449254487124,0.1520565830521502
2.389601751521177,0.25,0.45225224225566296,0.15125468034139194
2.3948421062394254,0.25,0.4495750338071577,0.15045548930101016
2.4000824609576736,0.25,0.44691294071885834,0.14965903187779359
2.4053228156759214,0.25,0.4442660360951818,0.14886532994346252
2.4105631703941697,0.25,0.4416343926234496,0.14807440529406776
2.415803525112418,0.25,0.4390180825718939,0.14728627964939267
2.421043879830666,0.25,0.4364171777876711,0.14650097465235637
2.4262842345489144,0.25,0.43383174969489036,0.1457185118684194
2.4315245892671626,0.25,0.43126186929265087,0.14493891278499152
2.436764943985411,0.25,0.4287076071530932,0.14416219881084186
2.442005298703659,0.25,0.42616903341946033,0.14338839127551062
2.4472456534219074,0.25,0.42364621780417255,0.1426175114287237
2.4524860081401556,0.25,0.42113922958691186,0.1418495804398089
2.4577263628584034,0.25,0.4186481376127207,0.14108461939711486
2.4629667175766516,0.25,0.41617301029010967,0.14032264930743138
2.4682070722949,0.25,0.413713915589181,0.13956369109541336
2.473447427013148,0.25,0.4112709210397607,0.13880776560300553
2.4786877817313964,0.25,0.40884409372954433,0.13805489358887044
2.4839281364496446,0.25,0.406433500302255,0.1373050957278182
2.489168491167893,0.25,0.40403920695581264,0.13655839261023892
2.494408845886141,0.25,0.4016612794405169,0.13581480474153704
2.4996492006043893,0.25,0.3992997830572409,0.13507435254156852
2.5048895553226376,0.25,0.39695478265563844,0.1343370563440798
2.5101299100408854,0.25,0.39462634263236296,0.13360293639614962
2.5153702647591336,0.25,0.3923145269292988,0.1328720128576328
2.520610619477382,0.25,0.39001939903180605,0.13214430580060682
2.52585097419563,0.25,0.3877410219669766,0.13141983520882056
2.5310913289138783,0.25,0.3854794583019032,0.13069862097714552
2.5363316836321266,0.25,0.38323477014196183,0.12998068291102938
2.541572038350375,0.25,0.38100701912910595,0.12926604072595227
2.546812393068623,0.25,0.3787962664401735,0.12855471404688532
2.5520527477868713,0.25,0.37660257278520726,0.12784672240775158
2.557293102505119,0.25,0.3744259984057876,0.12714208525088994
2.5625334572233673,0.25,0.37226660307337767,0.12644082192652062
2.5677738119416156,0.25,0.3701244460876829,0.1257429516922146
2.573014166659864,0.25,0.36799958627502194,0.1250484937123641
2.578254521378112,0.25,0.3658920819867115,0.12435746705765655
2.5834948760963603,0.25,0.3638019910974635,0.123669890704551
2.5887352308146085,0.25,0.36172937100379643,0.12298578353475684
2.593975585532857,0.25,0.3596742786224585,0.12230516433471525
2.599215940251105,0.25,0.3576367703888652,0.12162805179508354
2.6044562949693533,0.25,0.3556169022555491,0.12095446451022157
2.609696649687601,0.25,0.3536147296906236,0.1202844209776815
2.6149370044058493,0.25,0.35163030767625936,0.11961793959769923
2.6201773591240975,0.25,0.34966369070717485,0.11895503867268983
2.625417713842346,0.25,0.34771493278913956,0.11829573640674446
2.630658068560594,0.25,0.34578408743749134,0.11764005090513058
2.6358984232788423,0.25,0.34387120767566604,0.11698800017379474
2.6411387779970905,0.25,0.34197634603374194,0.11633960211886823
2.6463791327153388,0.25,0.3400995545469975,0.11569487454617519
2.651619487433587,0.25,0.3382408847544818,0.11505383516074369
2.6568598421518352,0.25,0.3364003876975994,0.1144165015663196
2.662100196870083,0.25,0.33457811391870884,0.1137828912648832
2.6673405515883313,0.25,0.3327741134597344,0.1131530216561682
2.6725809063065795,0.25,0.3309884358607924,0.11252691003718446
2.6778212610248278,0.25,0.32922113015883014,0.11190457360174261
2.683061615743076,0.25,0.3274722448862797,0.11128602943998209
2.6883019704613242,0.25,0.32574182806972507,0.11067129453790164
2.6935423251795725,0.25,0.32402992722858326,0.11006038577689303
2.6987826798978207,0.25,0.3223365893737993,0.10945331993327731
2.704023034616069,0.25,0.32066186100655536,0.1088501136778443
2.7092633893343168,0.25,0.31900578811699387,0.10825078357539467
2.714503744052565,0.25,0.3173684161829542,0.10765534608428493
2.7197440987708132,0.25,0.31574979016872406,0.10706381755597574
2.7249844534890615,0.25,0.3141499545238047,0.1064762142345827
2.7302248082073097,0.25,0.3125689531816904,0.10589255225643032
2.735465162925558,0.25,0.31100682955866166,0.10531284764960883
2.740705517643806,0.25,0.3094636265525934,0.10473711633353408
2.7459458723620545,0.25,0.3079393865417763,0.10416537411851046
2.7511862270803027,0.25,0.30643415138375363,0.10359763670529654
2.756426581798551,0.25,0.3049479624141713,0.10303391968467407
2.7616669365167987,0.25,0.3034808604456436,0.10247423853701976
2.766907291235047,0.25,0.302032885766631,0.1019186086318801
2.772147645953295,0.25,0.3006040781403352,0.10136704522754947
2.7773880006715435,0.25,0.2991944768036062,0.10081956347065107
2.7826283553897917,0.25,0.2978041204658657,0.10027617839572087
2.78786871010804,0.25,0.296433047308043,0.09973690492479476
2.793109064826288,0.25,0.29508129498152735,0.09920175786699897
2.7983494195445364,0.25,0.29374890060713377,0.09867075191814317
2.8035897742627847,0.25,0.29243590077408355,0.09814390166031695
2.808830128981033,0.25,0.2911423315389997,0.09762122156148945
2.8140704836992807,0.25,0.28986822842491644,0.09710272597511205
2.819310838417529,0.25,0.28861362642030375,0.09658842913972407
2.824551193135777,0.25,0.287378559978107,0.0960783451785619
2.8297915478540254,0.25,0.28616306301480043,0.09557248809917118
2.8350319025722737,0.25,0.2849671689094556,0.09507087179302201
2.840272257290522,0.25,0.28379091050282546,0.09457351003512754
2.84551261200877,0.25,0.2826343200964414,0.09408041648366569
2.8507529667270184,0.25,0.2814974294517274,0.09359160467960412
2.8559933214452666,0.25,0.280380269789127,0.09310708804632825
2.8612336761635144,0.25,0.2792828717872463,0.09262687988927285
2.8664740308817627,0.25,0.2782052655820113,0.0921509933955563
2.871714385600011,0.25,0.2771474807658405,0.09167944163361894
2.876954740318259,0.25,0.27610954638683227,0.09121223755286376
2.8821950950365074,0.25,0.2750914909479668,0.09074939398330109
2.8874354497547556,0.25,0.2740933424063241,0.09029092363519603
2.892675804473004,0.25,0.2731151281723154,0.08983683909871967
2.897916159191252,0.25,0.27215687510893094,0.08938715284360307
2.9031565139095004,0.25,0.2712186095310022,0.08894187721879507
2.9083968686277486,0.25,0.2703003572044792,0.08850102445212302
2.9136372233459964,0.25,0.269402143345723,0.08806460664995708
2.9188775780642446,0.25,0.26852399262081317,0.08763263579687758
2.924117932782493,0.25,0.26766592914487053,0.08720512375534623
2.929358287500741,0.25,0.26682797648139456,0.08678208226538003
2.9345986422189894,0.25,0.26601015764161706,0.08636352294422922
2.9398389969372376,0.25,0.26521249508386946,0.08594945728605785
2.945079351655486,0.25,0.26443501071296627,0.08553989666162845
2.950319706373734,0.25,0.2636777258796039,0.08513485231798967
2.9555600610919823,0.25,0.26294066137977423,0.08473433537816738
2.9608004158102306,0.25,0.2622238374541932,0.0843383568408593
2.9660407705284784,0.25,0.2615272737877452,0.08394692758013297
2.9712811252467266,0.25,0.26085098950894237,0.08356005834512692
2.976521479964975,0.25,0.2601950031893996,0.0831777597597558
2.981761834683223,0.25,0.25955933284332444,0.0828000423224185
2.9870021894014713,0.25,0.2589439959270221,0.0824269164057097
2.9922425441197196,0.25,0.2583490093384164,0.08205839225613529
2.997482898837968,0.25,0.2577743894165857,0.08169447999383084
3.002723253556216,0.25,0.25722015194131387,0.08133518961228361
3.0079636082744643,0.25,0.25668631213265747,0.08098053097805838
3.013203962992712,0.25,0.2561728846505277,0.08063051383052619
3.0184443177109603,0.25,0.25567988359428706,0.08028514778159707
3.0236846724292086,0.25,0.2552073225023632,0.07994444231545611
3.028925027147457,0.25,0.25475521435187687,0.07960840678830286
3.034165381865705,0.25,0.254323571558285,0.0792770504280946
3.0394057365839533,0.25,0.2539124059750404,0.07895038233429266
3.0446460913022015,0.25,0.25352172889326563,0.07862841147761282
3.04988644602045,0.25,0.2531515510414438,0.07831114669977882
3.055126800738698,0.25,0.25280188258512315,0.07799859671327947
3.0603671554569463,0.25,0.2524727331266382,0.0776907701011296
3.065607510175194,0.25,0.2521641117048461,0.07738767531663426
3.0708478648934423,0.25,0.2518760267948783,0.07708932068315646
3.0760882196116905,0.25,0.2516084863079079,0.07679571439388883
3.081328574329939,0.25,0.2513614975909324,0.07650686451162844
3.086568929048187,0.25,0.25113506742657166,0.07622277896855553
3.0918092837664353,0.25,0.2509292020328825,0.07594346556601556
3.0970496384846835,0.25,0.2507439070631866,0.07566893197430499
3.1022899932029318,0.25,0.25057918760591635,0.07539918573246074
3.10753034792118,0.25,0.25043504818447504,0.07513423424805304
3.1127707026394282,0.25,0.2503114927571116,0.07487408479698213
3.118011057357676,0.25,0.25020852471681343,0.07461874452327838
3.1232514120759243,0.25,0.25012614689121193,0.07436822043890601
3.1284917667941725,0.25,0.25006436154250566,0.07412251942357076
3.1337321215124208,0.25,0.25002317036739774,0.0738816482245308
3.138972476230669,0.25,0.25000257449704955,0.07364561345641146
3.1442128309489172,0.25,0.25000257449704955,0.07341442160102365
3.1494531856671655,0.25,0.25002317036739774,0.07318807900718582
3.1546935403854137,0.25,0.25006436154250566,0.07296659189054958
3.159933895103662,0.25,0.25012614689121193,0.07274996633342906
3.1651742498219098,0.25,0.25020852471681343,0.07253820828463386
3.170414604540158,0.25,0.2503114927571116,0.07233132355930572
3.1756549592584062,0.25,0.25043504818447493,0.07212931783875873
3.1808953139766545,0.25,0.25057918760591635,0.0719321966703235
3.1861356686949027,0.25,0.2507439070631866,0.0717399654671946
3.191376023413151,0.25,0.2509292020328825,0.07155262950828209
3.196616378131399,0.25,0.25113506742657166,0.07137019393806646
3.2018567328496474,0.25,0.2513614975909323,0.07119266376645736
3.2070970875678957,0.25,0.2516084863079079,0.07102004386865607
3.212337442286144,0.25,0.2518760267948783,0.07085233898502158
3.2175777970043917,0.25,0.2521641117048461,0.07068955372094043
3.22281815172264,0.25,0.2524727331266382,0.07053169254670016
3.228058506440888,0.25,0.25280188258512315,0.07037875979736674
3.2332988611591365,0.25,0.2531515510414437,0.07023075967266537
3.2385392158773847,0.25,0.25352172889326563,0.07008769623686514
3.243779570595633,0.25,0.2539124059750403,0.0699495734186675
3.249019925313881,0.25,0.254323571558285,0.06981639501109835
3.2542602800321294,0.25,0.25475521435187687,0.0696881646714039
3.2595006347503777,0.25,0.2552073225023632,0.06956488592095014
3.264740989468626,0.25,0.25567988359428706,0.06944656214512623
3.2699813441868737,0.25,0.25617288465052757,0.06933319659325157
3.275221698905122,0.25,0.25668631213265747,0.06922479237848636
3.28046205362337,0.25,0.25722015194131387,0.06912135247774645
3.2857024083416184,0.25,0.2577743894165856,0.06902287973162127
3.2909427630598667,0.25,0.2583490093384164,0.06892937684429598
3.296183117778115,0.25,0.2589439959270221,0.0688408463834772
3.301423472496363,0.25,0.25955933284332444,0.06875729078032244
3.3066638272146114,0.25,0.2601950031893996,0.06867871232937342
3.3119041819328596,0.25,0.26085098950894225,0.068605113188493
3.3171445366511074,0.25,0.2615272737877451,0.06853649537880593
3.3223848913693557,0.25,0.2622238374541932,0.0684728607846434
3.327625246087604,0.25,0.26294066137977423,0.06841421115349114
3.332865600805852,0.25,0.2636777258796039,0.06836054809594164
3.3381059555241004,0.25,0.26443501071296627,0.06831187308564979
3.3433463102423486,0.25,0.26521249508386946,0.06826818745929247
3.348586664960597,0.25,0.26601015764161706,0.06822949241653178
3.353827019678845,0.25,0.26682797648139456,0.06819578901998213
3.3590673743970934,0.25,0.2676659291448704,0.06816707819518111
3.3643077291153416,0.25,0.26852399262081317,0.06814336073056396
3.3695480838335894,0.25,0.269402143345723,0.068124637277442
3.3747884385518376,0.25,0.2703003572044791,0.06811090834998482
3.380028793270086,0.25,0.2712186095310021,0.06810217432520593
3.385269147988334,0.25,0.27215687510893094,0.06809843544295266
3.3905095027065824,0.25,0.2731151281723154,0.06809969180589934
3.3957498574248306,0.25,0.2740933424063241,0.06810594337954476
3.400990212143079,0.25,0.2750914909479668,0.06811718999221275
3.406230566861327,0.25,0.27610954638683216,0.06813343133505731
3.4114709215795753,0.25,0.2771474807658405,0.06815466696207073
3.4167112762978236,0.25,0.2782052655820112,0.06818089629009608
3.4219516310160714,0.25,0.2792828717872462,0.0682121185988431
3.4271919857343196,0.25,0.2803802697891269,0.06824833303090799
3.432432340452568,0.25,0.2814974294517273,0.06828953859179701
3.437672695170816,0.25,0.2826343200964414,0.06833573414995378
3.4429130498890643,0.25,0.28379091050282534,0.06838691843679029
3.4481534046073126,0.25,0.2849671689094556,0.06844309004672183
3.453393759325561,0.25,0.28616306301480043,0.06850424743720548
3.458634114043809,0.25,0.2873785599781069,0.06857038892878259
3.4638744687620573,0.25,0.28861362642030364,0.06864151270512478
3.469114823480305,0.25,0.28986822842491633,0.06871761681308391
3.4743551781985533,0.25,0.2911423315389996,0.0687986991627457
3.4795955329168016,0.25,0.29243590077408355,0.0688847575274871
3.48483588763505,0.25,0.29374890060713366,0.06897578954403744
3.490076242353298,0.25,0.29508129498152724,0.0690717927125433
3.4953165970715463,0.25,0.2964330473080429,0.06917276439663722
3.5005569517897945,0.25,0.2978041204658657,0.06927870182351009
3.5057973065080428,0.25,0.2991944768036062,0.0693896020839872
3.511037661226291,0.25,0.3006040781403351,0.06950546213260825
3.5162780159445393,0.25,0.302032885766631,0.069626278787711
3.521518370662787,0.25,0.3034808604456435,0.06975204873151841
3.5267587253810353,0.25,0.3049479624141713,0.06988276851023012
3.5319990800992835,0.25,0.3064341513837535,0.07001843453411691
3.537239434817532,0.25,0.3079393865417762,0.07015904307761955
3.54247978953578,0.25,0.3094636265525933,0.07030459027945105
3.5477201442540283,0.25,0.31100682955866166,0.07045507214270261
3.5529604989722765,0.25,0.3125689531816904,0.07061048453495342
3.5582008536905247,0.25,0.3141499545238047,0.07077082318838421
3.563441208408773,0.25,0.31574979016872395,0.07093608369989438
3.5686815631270212,0.25,0.3173684161829541,0.07110626153122293
3.573921917845269,0.25,0.31900578811699376,0.07128135200907307
3.5791622725635173,0.25,0.32066186100655525,0.07146135032524059
3.5844026272817655,0.25,0.3223365893737993,0.07164625153674586
3.5896429820000137,0.25,0.32402992722858315,0.07183605056596967
3.594883336718262,0.25,0.32574182806972496,0.0720307422007925
3.6001236914365102,0.25,0.3274722448862796,0.07223032109473776
3.6053640461547585,0.25,0.32922113015883003,0.0724347817671186
3.6106044008730067,0.25,0.3309884358607923,0.07264411860318842
3.615844755591255,0.25,0.3327741134597344,0.07285832585429505
3.6210851103095028,0.25,0.3345781139187085,0.07307739763803858
3.626325465027751,0.25,0.3364003876975993,0.07330132793843303
3.6315658197459992,0.25,0.3382408847544818,0.07353011060607126
3.6368061744642475,0.25,0.34009955454699736,0.07376373935829425
3.6420465291824957,0.25,0.34197634603374194,0.07400220777936328
3.647286883900744,0.25,0.3438712076756659,0.07424550932063631
3.652527238618992,0.25,0.34578408743749134,0.0744936373007477
3.6577675933372404,0.25,0.34771493278913956,0.07474658490579186
3.6630079480554887,0.25,0.34966369070717485,0.0750043451895101
3.668248302773737,0.25,0.35163030767625925,0.07526691107348166
3.6734886574919847,0.25,0.35361472969062335,0.07553427534731788
3.678729012210233,0.25,0.3556169022555491,0.07580643066886034
3.683969366928481,0.25,0.3576367703888651,0.07608336956438247
3.6892097216467294,0.25,0.3596742786224585,0.07636508442879464
3.6944500763649777,0.25,0.3617293710037963,0.07665156752585328
3.699690431083226,0.25,0.3638019910974635,0.07694281098837302
3.704930785801474,0.25,0.3658920819867114,0.07723880681844297
3.7101711405197224,0.25,0.36799958627502183,0.07753954688764625
3.7154114952379707,0.25,0.3701244460876828,0.07784502293728321
3.720651849956219,0.25,0.37226660307337744,0.07815522657859825
3.7258922046744667,0.25,0.3744259984057873,0.0784701492930101
3.731132559392715,0.25,0.37660257278520715,0.07878978243234594
3.736372914110963,0.25,0.3787962664401734,0.07911411721907868
3.7416132688292114,0.25,0.38100701912910584,0.07944314474656819
3.7468536235474597,0.25,0.38323477014196183,0.07977685597930562
3.752093978265708,0.25,0.385479458301903,0.08011524175316184
3.757334332983956,0.25,0.38774102196697646,0.08045829277563898
3.7625746877022044,0.25,0.39001939903180594,0.08080599962612545
3.7678150424204526,0.25,0.3923145269292987,0.08115835275615488
3.7730553971387004,0.25,0.3946263426323626,0.08151534248966819
3.7782957518569487,0.25,0.3969547826556382,0.08187695902327943
3.783536106575197,0.25,0.3992997830572408,0.08224319242654482
3.788776461293445,0.25,0.40166127944051677,0.08261403264223557
3.7940168160116934,0.25,0.4040392069558125,0.08298946948661409
3.7992571707299416,0.25,0.4064335003022548,0.08336949264971355
3.80449752544819,0.25,0.40884409372954433,0.08375409169562104
3.809737880166438,0.25,0.4112709210397606,0.08414325606276421
3.8149782348846863,0.25,0.4137139155891809,0.08453697506420121
3.8202185896029346,0.25,0.41617301029010956,0.08493523788791432
3.8254589443211824,0.25,0.41864813761272035,0.0853380335971066
3.8306992990394306,0.25,0.42113922958691175,0.08574535113050255
3.835939653757679,0.25,0.42364621780417244,0.08615717930265163
3.841180008475927,0.25,0.42616903341946033,0.08657350680423545
3.8464203631941754,0.25,0.428707607153093,0.08699432220237846
3.8516607179124236,0.25,0.43126186929265076,0.08741961394096182
3.856901072630672,0.25,0.43383174969489013,0.08784937034094076
3.86214142734892,0.25,0.436417177787671,0.0882835796006653
3.8673817820671683,0.25,0.4390180825718937,0.0887222297962044
3.8726221367854166,0.25,0.4416343926234496,0.08916530888167323
3.8778624915036644,0.25,0.44426603609518156,0.08961280468956417
3.8831028462219126,0.25,0.44691294071885834,0.09006470493108093
3.888343200940161,0.25,0.44957503380715746,0.09052099719647577
3.893583555658409,0.25,0.45225224225566285,0.09098166895539062
3.8988239103766573,0.25,0.4549444925448711,0.09144670755720094
3.9040642650949056,0.25,0.4576517107422112,0.09191610023136321
3.909304619813154,0.25,0.46037382250407477,0.09238983408776569
3.914544974531402,0.25,0.4631107530778572,0.09286789611708221
3.9197853292496503,0.25,0.46586242730401095,0.09335027319112965
3.925025683967898,0.25,0.46862876961810884,0.09383695206322823
3.9302660386861463,0.25,0.4714097040529204,0.09432791936856558
3.9355063934043946,0.25,0.47420515424049636,0.09482316162456342
3.940746748122643,0.25,0.47701504341426726,0.09532266523124797
3.945987102840891,0.25,0.4798392944111506,0.09582641647162352
3.9512274575591393,0.25,0.48267782967367034,0.09633440151204889
3.9564678122773875,0.25,0.48553057125208665,0.09684660640261747
3.9617081669956358,0.25,0.48839744080653635,0.0973630170775403
3.966948521713884,0.25,0.4912783596091843,0.09788361935553236
3.9721888764321323,0.25,0.4941732485463852,0.09840839894020179
3.97742923115038,0.25,0.4970820281208568,0.09893734142044269
3.9826695858686283,0.25,0.5000046184538622,0.09947043227083102
3.9879099405868765,0.25,0.502940939287404,0.10000765685202309
3.9931502953051248,0.25,0.5058909099864275,0.1005490004111578
3.998390650023373,0.25,0.5088544495410361,0.10109444808226181
4.003631004741621,0.25,0.5118314765687149,0.1016439848866576
4.008871359459869,0.25,0.5148219093165666,0.10219759573337511
4.014111714178117,0.25,0.5178256656635558,0.10275526541956584
4.0193520688963655,0.25,0.5208426631227642,0.1033169786309204
4.024592423614614,0.25,0.523872818843656,0.10388271994208931
4.029832778332862,0.25,0.5269160496143532,0.10445247381710626
4.03507313305111,0.25,0.5299722718639205,0.10502622460981498
4.0403134877693585,0.25,0.5330414016646599,0.10560395656429875
4.045553842487607,0.25,0.5361233547344164,0.10618565381531322
4.050794197205855,0.25,0.5392180464388916,0.10677130038872204
4.056034551924103,0.25,0.5423253917939681,0.10736088020193543
4.0612749066423515,0.25,0.5454453054680439,0.10795437706435204
4.0665152613606,0.25,0.5485777017843747,0.10855177467780325
4.071755616078848,0.25,0.5517224947234274,0.10915305663700106
4.076995970797096,0.25,0.5548795979252419,0.10975820642998846
4.082236325515344,0.25,0.558048924691803,0.11036720743859274
4.087476680233593,0.25,0.5612303879894213,0.1109800429388822
4.092717034951841,0.25,0.5644239004511225,0.11159669610162495
4.097957389670089,0.25,0.5676293743790473,0.11221714999275148
4.1031977443883365,0.25,0.5708467217468595,0.11284138757381929
4.108438099106585,0.25,0.5740758542021642,0.11346939170248138
4.113678453824833,0.25,0.577316683068932,0.1141011451329563
4.118918808543081,0.25,0.5805691193499362,0.11473663051650218
4.1241591632613295,0.25,0.5838330737291951,0.115375830401893
4.129399517979578,0.25,0.5871084565744265,0.11601872723589787
4.134639872697826,0.25,0.5903951779395074,0.1166653033637631
4.139880227416074,0.25,0.5936931475669454,0.11731554102969696
4.145120582134322,0.25,0.5970022748903563,0.11796942237735725
4.150360936852571,0.25,0.6003224690369519,0.11862692945034167
4.155601291570819,0.25,0.6036536388300349,0.1192880441926811
4.160841646289067,0.25,0.606995692791503,0.1199527484493351
4.166082001007315,0.25,0.6103485391443612,0.1206210239666908
4.171322355725564,0.25,0.6137120858152416,0.121292852393064
4.176562710443812,0.25,0.6170862404369324,0.12196821527920315
4.18180306516206,0.25,0.6204709103509141,0.12264709407879598
4.187043419880308,0.25,0.6238660026099038,0.12332947014897883
4.192283774598557,0.25,0.6272714239804081,0.12401532475084864
4.197524129316805,0.25,0.6306870809452836,0.12470463904997747
4.202764484035052,0.25,0.6341128797063035,0.12539739411692968
4.2080048387533004,0.25,0.6375487261867365,0.12609357092778206
4.213245193471549,0.25,0.6409945260339269,0.12679315036464586
4.218485548189797,0.25,0.6444501846218871,0.12749611321619192
4.223725902908045,0.25,0.6479156070538963,0.12820244017817828
4.228966257626293,0.25,0.6513906981651065,0.1289121118539803
4.234206612344542,0.25,0.6548753625251555,0.1296251087551234
4.23944696706279,0.25,0.6583695044407876,0.13034141130181798
4.244687321781038,0.25,0.6618730279584815,0.1310609998234974
4.249927676499286,0.25,0.6653858368670856,0.13178385455935787
4.255168031217535,0.25,0.6689078347004597,0.13250995565890147
4.260408385935783,0.25,0.6724389247401238,0.1332392831824809
4.265648740654031,0.25,0.6759790100179153,0.13397181710184722
4.270889095372279,0.25,0.6795279933186502,0.13470753730069993
4.276129450090528,0.25,0.6830857771827943,0.1354464235752392
4.281369804808776,0.25,0.6866522639091386,0.13618845563472082
4.286610159527024,0.25,0.6902273555574825,0.13693361310201346
4.291850514245272,0.25,0.6938109539513238,0.137681875514158
4.2970908689635205,0.25,0.6974029606805539,0.13843322232292982
4.302331223681769,0.25,0.7010032771041612,0.13918763289540276
4.307571578400016,0.25,0.7046118043529386,0.13994508651451576
4.312811933118264,0.25,0.7082284433322013,0.14070556237964238
4.318052287836513,0.25,0.7118530947245045,0.14146903960716103
4.323292642554761,0.25,0.7154856589923729,0.14223549723102902
4.328532997273009,0.25,0.719126036381034,0.14300491420335837
4.333773351991257,0.25,0.722774126921157,0.14377726939499358
4.339013706709506,0.25,0.7264298304315979,0.144552541596092
4.344254061427754,0.25,0.730093046522152,0.14533070951670618
4.349494416146002,0.25,0.7337636745963086,0.14611175178736868
4.35473477086425,0.25,0.7374416138540155,0.14689564695967877
4.359975125582499,0.25,0.7411267632944456,0.14768237350689142
4.365215480300747,0.25,0.7448190217187716,0.14847190982450853
4.370455835018995,0.25,0.7485182877329443,0.1492642342308721
4.375696189737243,0.25,0.7522244597504772,0.15005932496775984
4.3809365444554915,0.25,0.7559374359952369,0.1508571602009825
4.38617689917374,0.25,0.7596571145042365,0.15165771802098343
4.391417253891988,0.25,0.763383393130437,0.15246097644344048
4.396657608610236,0.25,0.7671161695455522,0.15326691340986953
4.4018979633284845,0.25,0.7708553412428577,0.15407550678823012
4.407138318046732,0.25,0.7746008055400067,0.1548867343735335
4.41237867276498,0.25,0.7783524595818512,0.15570057388845254
4.417619027483228,0.25,0.7821102003432632,0.15651700298393287
4.422859382201477,0.25,0.7858739246319666,0.15733599923980712
4.428099736919725,0.25,0.7896435290913699,0.1581575401654105
4.433340091637973,0.25,0.7934189102034048,0.15898160320019838
4.438580446356221,0.25,0.7971999642913689,0.15980816571436585
4.4438208010744695,0.25,0.8009865875227726,0.16063720500946915
4.449061155792718,0.25,0.8047786759121911,0.16146869831904903
4.454301510510966,0.25,0.808576125324119,0.16230262280925586
4.459541865229214,0.25,0.8123788314758306,0.16313895557947689
4.4647822199474625,0.25,0.8161866899402437,0.16397767366296478
4.470022574665711,0.25,0.8199995961487869,0.16481875402746865
4.475262929383959,0.25,0.8238174453942719,0.16566217357586632
4.480503284102207,0.25,0.8276401328337677,0.16650790914679878
4.4857436388204555,0.25,0.8314675534914808,0.16735593751530603
4.490983993538704,0.25,0.8352996022616378,0.16820623539346508
4.496224348256952,0.25,0.839136173911371,0.16905877943102926
4.5014647029752,0.25,0.8429771630836093,0.16991354621606958
4.5067050576934475,0.25,0.8468224642999698,0.17077051227561751
4.511945412411696,0.25,0.8506719719636576,0.1716296540763101
4.517185767129944,0.25,0.8545255803623616,0.17249094802503528
4.522426121848192,0.25,0.85838318367116,0.1733543704695806
4.5276664765664405,0.25,0.8622446759554253,0.17421989769928237
4.532906831284689,0.25,0.8661099511737347,0.17508750594567685
4.538147186002937,0.25,0.8699789031807806,0.17595717138315295
4.543387540721185,0.25,0.8738514257302865,0.1768288701296066
4.5486278954394335,0.25,0.8777274124779242,0.17770257824709645
4.553868250157682,0.25,0.8816067569842343,0.17857827174250135
4.55910860487593,0.25,0.885489352717549,0.17945592656817916
4.564348959594178,0.25,0.8893750930569181,0.18033551862262714
4.569589314312426,0.25,0.893263871295036,0.1812170237511438
4.574829669030675,0.25,0.8971555806411733,0.18210041774649227
4.580070023748923,0.25,0.901050114224108,0.18298567634956506
4.585310378467171,0.25,0.9049473650950615,0.1838727752500501
4.590550733185419,0.25,0.9088472262306347,0.18476169008709858
4.595791087903668,0.25,0.9127495905357479,0.1856523964499937
4.601031442621916,0.25,0.9166543508465804,0.18654486987882113
4.606271797340164,0.25,0.920561399933515,0.1874390858651407
4.6115121520584115,0.25,0.9244706305040808,0.18833501985265927
4.61675250677666,0.25,0.9283819352059025,0.18923264723790573
4.621992861494908,0.25,0.9322952066296447,0.1901319433709056
4.627233216213156,0.25,0.936210337311964,0.19103288355585876
4.632473570931404,0.25,0.9401272197384596,0.19193544305181723
4.637713925649653,0.25,0.9440457463466253,0.1928395970733648
4.642954280367901,0.25,0.9479658095288037,0.19374532079129758
4.648194635086149,0.25,0.9518873016351413,0.19465258933330584
4.653434989804397,0.25,0.9558101149765444,0.19556137778465704
4.658675344522646,0.25,0.9597341418276367,0.19647166118888001
4.663915699240894,0.25,0.9636592744297171,0.19738341454845032
4.669156053959142,0.25,0.9675854049937195,0.1982966128254767
4.67439640867739,0.25,0.9715124257031722,0.19921123094238866
4.679636763395639,0.25,0.9754402287171593,0.2001272437826251
4.684877118113887,0.25,0.9793687061732818,0.2010446261913241
4.690117472832135,0.25,0.9832977501906194,0.20196335297601364
4.695357827550383,0.25,0.9872272528726935,0.20288339890730345
4.700598182268632,0.25,0.9911571063104302,0.20380473871957783
4.70583853698688,0.25,0.9950872025851231,0.20472734711168955
4.711078891705127,0.25,0.9990174337713964,0.20565119874765436
4.716319246423375,0.25,1.0029476919401719,0.20657626825734746
4.721559601141624,0.25,1.0068778691616282,0.20750253023719922
4.726799955859872,0.25,1.0108078575081676,0.20842995925089353
4.73204031057812,0.25,1.0147375490573787,0.20935852983006595
4.737280665296368,0.25,1.018666835895001,0.2102882164750033
4.742521020014617,0.25,1.022595610117888,0.21121899365534377
4.747761374732865,0.25,1.0265237638369695,0.21215083581077815
4.753001729451113,0.25,1.0304511891802162,0.2130837173517516
4.758242084169361,0.25,1.0343777782955998,0.21401761266016656
4.76348243888761,0.25,1.0383034233540567,0.21495249609008601
4.768722793605858,0.25,1.0422280165524478,0.21588834196843798
4.773963148324106,0.25,1.0461514501165197,0.21682512459572037
4.779203503042354,0.25,1.0500736163038638,0.21776281824670687
4.7844438577606025,0.25,1.0539944074068752,0.21870139717115325
4.789684212478851,0.25,1.057913715755711,0.2196408355945046
4.794924567197099,0.25,1.0618314337212462,0.22058110771860306
4.800164921915347,0.25,1.0657474537180296,0.22152218772239632
4.8054052766335955,0.25,1.0696616682072384,0.22246404976264667
4.810645631351843,0.25,1.0735739696996314,0.22340666797464054
4.815885986070091,0.25,1.0774842507585014,0.22435001647289943
4.821126340788339,0.25,1.081392404002624,0.22529406935188978
4.826366695506588,0.25,1.085298322109207,0.22623880068673496
4.831607050224836,0.25,1.0892018978168387,0.22718418453392716
4.836847404943084,0.25,1.0931030239284323,0.22813019493203976
4.842087759661332,0.25,1.0970015933141695,0.2290768059024402
4.8473281143795806,0.25,1.1008974989144433,0.2300239914500035
4.852568469097829,0.25,1.1047906337427982,0.23097172556382606
4.857808823816077,0.25,1.1086808908888666,0.23191998221794
4.863049178534325,0.25,1.112568163521306,0.23286873537202776
4.8682895332525735,0.25,1.1164523448907324,0.2338179589721373
4.873529887970822,0.25,1.1203333283326522,0.23476762695139755
4.87877024268907,0.25,1.12421100727039,0.2357177132307342
4.884010597407318,0.25,1.128085275218017,0.23666819171958597
4.8892509521255665,0.25,1.1319560257832741,0.23761903631662093
4.894491306843815,0.25,1.135823152670494,0.23857022091045338
4.899731661562063,0.25,1.1396865496835205,0.23952171938036093
4.904972016280311,0.25,1.1435461107286238,0.2404735055970017
4.9102123709985595,0.25,1.1474017298174148,0.24142555342313193
4.915452725716807,0.25,1.1512533010697552,0.2423778367143236
4.920693080435055,0.25,1.1551007187166669,0.24333032931968304
4.925933435153303,0.25,1.158943877103233,0.244283005082568
4.9311737898715515,0.25,1.1627826706915025,0.24523583784130665
4.9364141445898,0.25,1.1666169940633866,0.24618880142991592
4.941654499308048,0.25,1.1704467419235545,0.24714186967881996
4.946894854026296,0.25,1.1742718091023243,0.24809501641556878
4.9521352087445445,0.25,1.1780920905585526,0.24904821546555708
4.957375563462793,0.25,1.1819074813825166,0.25000144065274293
4.962615918181041,0.25,1.185717876798797,0.2509546658003666
4.967856272899289,0.25,1.189523172169155,0.25190786473166965
4.9730966276175375,0.25,1.193323262995405,0.2528610112706132
4.978336982335786,0.25,1.1971180449222847,0.2538140792425975
4.983577337054034,0.25,1.2009074137403208,0.2547670424751802
4.988817691772282,0.25,1.2046912653886914,0.25571987479879515
4.99405804649053,0.25,1.2084694959580822,0.25667255004747125
4.999298401208779,0.25,1.2122420016935411,0.2576250420595508
5.004538755927027,0.25,1.2160086789973272,0.25857732467840805
5.009779110645275,0.25,1.2197694244317556,0.25952937175316737
5.0150194653635225,0.25,1.2235241347220374,0.2604811571394214
5.020259820081771,0.25,1.2272727067591178,0.26143265469994953
5.025500174800019,0.25,1.231015037602505,0.2623838383054347
5.030740529518267,0.25,1.2347510244830984,0.26333468183518166
5.0359808842365155,0.25,1.2384805648060102,0.264285159177834
5.041221238954764,0.25,1.242203556153384,0.2652352442320913
5.046461593673012,0.25,1.245919896287206,0.2661849109074259
5.05170194839126,0.25,1.2496294831521129,0.2671341331247993
5.056942303109508,0.25,1.253332214878195,0.26808288481737835
5.062182657827757,0.25,1.257027989783793,0.2690311399312512
5.067423012546005,0.25,1.260716706378291,0.26997887242614266
5.072663367264253,0.25,1.264398263364903,0.27092605627612915
5.077903721982501,0.25,1.2680725596434546,0.2718726654703538
5.08314407670075,0.25,1.27173949431316,0.2728186740137403
5.088384431418998,0.25,1.2753989666753918,0.2737640559277072
5.093624786137246,0.25,1.2790508762364476,0.2747087852508808
5.098865140855494,0.25,1.2826951227103087,0.2756528360398086
5.104105495573743,0.25,1.2863316060213943,0.2765961823696714
5.109345850291991,0.25,1.2899602263073098,0.2775387983349953
5.114586205010238,0.25,1.2935808839215885,0.278480658050363
5.119826559728486,0.25,1.2971934794364308,0.27942173565112527
5.125066914446735,0.25,1.3007979136454306,0.28036200529411026
5.130307269164983,0.25,1.3043940875663014,0.2813014411583338
5.135547623883231,0.25,1.3079819024435955,0.2822400174457082
5.140787978601479,0.25,1.3115612597514146,0.2831777083817511
5.146028333319728,0.25,1.3151320611961157,0.2841144882162928
5.151268688037976,0.25,1.318694208719011,0.2850503312241836
5.156509042756224,0.25,1.3222476044990596,0.28598521170600033
5.161749397474472,0.25,1.3257921509555555,0.28691910398875187
5.166989752192721,0.25,1.3293277507508048,0.28785198242658444
5.172230106910969,0.25,1.3328543067928016,0.28878382140148556
5.177470461629217,0.25,1.3363717222378915,0.2897145953239878
5.182710816347465,0.25,1.3398799004934332,0.2906442786338713
5.187951171065714,0.25,1.3433787452204502,0.291572845800866
5.193191525783962,0.25,1.346868160336276,0.2925002713253524
5.19843188050221,0.25,1.3503480500171932,0.29342652973906175
5.203672235220458,0.25,1.3538183187010648,0.29435159560577595
5.2089125899387065,0.25,1.3572788710899588,0.2952754435220256
5.214152944656955,0.25,1.3607296121527643,0.29619804811778766
5.219393299375202,0.25,1.3641704471278013,0.2971193840571822
5.22463365409345,0.25,1.3676012815254255,0.29803942603916866
5.229874008811699,0.25,1.371022021130619,0.29895814879823956
5.235114363529947,0.25,1.3744325720055797,0.2998755271051152
5.240354718248195,0.25,1.3778328404923017,0.3007915357674363
5.245595072966443,0.25,1.3812227332151457,0.30170614963045556
5.250835427684692,0.25,1.3846021570834042,0.30261934357772874
5.25607578240294,0.25,1.3879710192938577,0.3035310925318042
5.261316137121188,0.25,1.3913292273333226,0.30444137145491174
5.266556491839436,0.25,1.3946766889811926,0.30535015534964993
5.2717968465576845,0.25,1.3980133123119707,0.30625741925967276
5.277037201275933,0.25,1.401339005697794,0.3071631382703749
5.282277555994181,0.25,1.4046536778109484,0.3080672875095758
5.287517910712429,0.25,1.4079572376263796,0.30896984214820294
5.2927582654306775,0.25,1.4112495944241896,0.3098707774009736
5.297998620148926,0.25,1.4145306577921297,0.31077006852707506
5.303238974867174,0.25,1.417800337628083,0.3116676908308449
5.308479329585422,0.25,1.4210585441425385,0.31256361966244817
5.3137196843036705,0.25,1.4243051878610573,0.31345783041855513
5.318960039021918,0.25,1.4275401796267289,0.3143502985430162
5.324200393740166,0.25,1.430763430602621,0.31524099952753726
5.329440748458414,0.25,1.4339748522742173,0.3161299089123515
5.3346811031766626,0.25,1.437174356451849,0.3170170022868918
5.339921457894911,0.25,1.4403618552731172,0.3179022552904611
5.345161812613159,0.25,1.4435372612053046,0.3187856436129012
5.350402167331407,0.25,1.4467004870477798,0.31966714299526033
5.3556425220496555,0.25,1.4498514459343925,0.32054672923045935
5.360882876767904,0.25,1.452990051335858,0.3214243781639567
5.366123231486152,0.25,1.4561162170621338,0.32230006569441133
5.3713635862044,0.25,1.4592298572647868,0.323173767774345
5.3766039409226485,0.25,1.46233088643935,0.3240454604108023
5.381844295640897,0.25,1.4654192194276712,0.3249151196660097
5.387084650359145,0.25,1.4684947714202519,0.32578272165803285
5.392325005077393,0.25,1.4715574579585753,0.3266482425614325
5.3975653597956414,0.25,1.474607194937426,0.32751165860791853
5.40280571451389,0.25,1.4776438986072,0.3283729460870031
5.408046069232138,0.25,1.4806674855762045,0.3292320813466513
5.413286423950386,0.25,1.4836778728129474,0.3300890407939308
5.4185267786686335,0.25,1.4866749776484174,0.3309438008956599
5.423767133386882,0.25,1.4896587177783562,0.331796338179054
5.42900748810513,0.25,1.4926290112655158,0.33264662923236943
5.434247842823378,0.25,1.4955857765419098,0.33349465070554696
5.4394881975416265,0.25,1.4985289324110538,0.3343403793108529
5.444728552259875,0.25,1.501458398050195,0.33518379182351865
5.449968906978123,0.25,1.504374093012531,0.33602486508237833
5.455209261696371,0.25,1.50727593722942,0.33686357599050487
5.4604496164146195,0.25,1.5101638510125786,0.33769990151584445
5.465689971132868,0.25,1.5130377550562706,0.33853381869184873
5.470930325851116,0.25,1.5158975704394853,0.33936530461810577
5.476170680569364,0.25,1.5187432186281038,0.3401943364609687
5.481411035287612,0.25,1.5215746214770565,0.3410208914541829
5.486651390005861,0.25,1.5243917012324681,0.34184494689951117
5.491891744724109,0.25,1.5271943805337944,0.34266648016735707
5.497132099442357,0.25,1.5299825824159448,0.3434854686973862
5.502372454160605,0.25,1.5327562303113975,0.3443018899991459
5.507612808878854,0.25,1.5355152480523007,0.3451157216526829
5.512853163597102,0.25,1.5382595598725657,0.3459269413091588
5.518093518315349,0.25,1.540989090409946,0.34673552669146385
5.5233338730335975,0.25,1.543703764708109,0.3475414555948292
5.528574227751846,0.25,1.5464035082186922,0.3483447058874357
5.533814582470094,0.25,1.5490882468033513,0.3491452555110226
5.539054937188342,0.25,1.5517579067357956,0.34994308248149264
5.54429529190659,0.25,1.5544124147038143,0.35073816488951626
5.549535646624839,0.25,1.5570516978112874,0.35153048090113287
5.554776001343087,0.25,1.5596756835801897,0.3523200087583506
5.560016356061335,0.25,1.5622842999525792,0.353106726779744
5.565256710779583,0.25,1.5648774752925774,0.3538906133610489
5.570497065497832,0.25,1.5674551383883355,0.35467164697575626
5.57573742021608,0.25,1.570017218453991,0.3554498061757031
5.580977774934328,0.25,1.57256364513161,0.35622506959166145
5.586218129652576,0.25,1.5750943484931215,0.356997415933925
5.591458484370825,0.25,1.5776092590422355,0.3577668239928942
5.596698839089073,0.25,1.5801083077163527,0.3585332726396584
5.601939193807321,0.25,1.5825914258884612,0.359296740826576
5.607179548525569,0.25,1.58505854536902,0.36005720758785265
5.612419903243818,0.25,1.587509598407833,0.3608146520401169
5.617660257962066,0.25,1.589944517695908,0.3615690533829937
5.622900612680313,0.25,1.5923632363673057,0.3623203908996756
5.628140967398561,0.25,1.594765688000978,0.3630686439574917
5.63338132211681,0.25,1.5971518066225874,0.36381379200847425
5.638621676835058,0.25,1.5995215267063232,0.3645558145899227
5.643862031553306,0.25,1.6018747831766982,0.36529469132496595
5.649102386271554,0.25,1.604211511410337,0.36603040192312175
5.654342740989803,0.25,1.6065316472377509,0.36676292618085404
5.659583095708051,0.25,1.608835126945098,0.3674922439821275
5.664823450426299,0.25,1.6111218872759363,0.3682183352989602
5.670063805144547,0.25,1.6133918654329573,0.3689411801919736
5.675304159862796,0.25,1.6156449990797124,0.36966075881093985
5.680544514581044,0.25,1.617881226342325,0.37037705139532734
5.685784869299292,0.25,1.6201004858111885,0.3710900382748429
5.69102522401754,0.25,1.6223027165426531,0.37179969986997213
5.6962655787357885,0.25,1.6244878580607,0.3725060166925173
5.701505933454037,0.25,1.6266558503586013,0.3732089693461322
5.706746288172285,0.25,1.628806633900568,0.3739085385268549
5.711986642890533,0.25,1.630940149623386,0.37460470502363796
5.7172269976087815,0.25,1.6330563389380357,0.3752974497188759
5.722467352327029,0.25,1.6351551437313037,0.37598675358892997
5.727707707045277,0.25,1.637236506367377,0.37667259770465145
5.732948061763525,0.25,1.6393003696894264,0.3773549632319
5.738188416481774,0.25,1.6413466770211749,0.3780338314320622
5.743428771200022,0.25,1.6433753721684559,0.37870918366256545
5.74866912591827,0.25,1.645386399420755,0.37938100137739017
5.753909480636518,0.25,1.6473797035527409,0.3800492661275789
5.7591498353547665,0.25,1.6493552298257805,0.38071395956174314
5.764390190073015,0.25,1.6513129239894444,0.38137506342656713
5.769630544791263,0.25,1.6532527322829935,0.3820325595673092
5.774870899509511,0.25,1.6551746014368591,0.3826864299283005
5.7801112542277595,0.25,1.6570784786741022,0.3833366565534404
5.785351608946008,0.25,1.6589643117118653,0.38398322158668985
5.790591963664256,0.25,1.6608320487628068,0.38462610727256186
5.795832318382504,0.25,1.6626816385365237,0.3852652959566088
5.8010726731007525,0.25,1.6645130302409603,0.38590077008590745
5.806313027819001,0.25,1.6663261735838024,0.3865325122095409
5.811553382537249,0.25,1.6681210187738589,0.3871605049790776
5.816793737255497,0.25,1.6698975165224286,0.38778473114904827
5.8220340919737446,0.25,1.6716556180446542,0.38840517357741894
5.827274446691993,0.25,1.6733952750608627,0.3890218152260623
5.832514801410241,0.25,1.6751164397978888,0.38963463916122465
5.837755156128489,0.25,1.6768190649903898,0.39024362855399203
5.8429955108467375,0.25,1.6785031038821412,0.39084876668075147
5.848235865564986,0.25,1.6801685102273223,0.39145003692365077
5.853476220283234,0.25,1.681815238291785,0.39204742277105464
5.858716575001482,0.25,1.6834432428543105,0.3926409078179981
5.8639569297197305,0.25,1.685052479207851,0.39323047576663717
5.869197284437979,0.25,1.6866429031607568,0.3938161104266961
5.874437639156227,0.25,1.6882144710379907,0.3943977957159125
5.879677993874475,0.25,1.689767139682327,0.3949755156604783
5.8849183485927234,0.25,1.6913008664555367,0.39554925439547906
5.890158703310972,0.25,1.6928156092395574,0.3961189961653292
5.89539905802922,0.25,1.6943113264376528,0.39668472532420473
5.900639412747468,0.25,1.695787976975551,0.39724642633647334
5.905879767465716,0.25,1.6972455203025758,0.39780408377712023
5.911120122183965,0.25,1.6986839163927587,0.3983576823321725
5.916360476902213,0.25,1.700103125745938,0.3989072067991192
5.921600831620461,0.25,1.7015031093888446,0.3994526420873289
5.9268411863387085,0.25,1.7028838288761703,0.39999397321846414
5.932081541056957,0.25,1.7042452462916264,0.400531185326893
5.937321895775205,0.25,1.7055873242489819,0.40106426366009695
5.942562250493453,0.25,1.7069100258930925,0.401593193579076
5.9478026052117015,0.25,1.708213314900911,0.40211796055875093
5.95304295992995,0.25,1.7094971554824865,0.40263855018836203
5.958283314648198,0.25,1.7107615123819453,0.40315494817186487
5.963523669366446,0.25,1.7120063508784606,0.40366714032832285
5.968764024084694,0.25,1.7132316367872056,0.40417511259229677
5.974004378802943,0.25,1.7144373364602918,0.40467885101423084
5.979244733521191,0.25,1.715623416787693,0.4051783417608359
5.984485088239439,0.25,1.7167898451981554,0.4056735711154694
5.989725442957687,0.25,1.7179365896600913,0.4061645254785119
5.994965797675936,0.25,1.7190636186824593,0.40665119136774047
6.000206152394184,0.25,1.7201709013156274,0.4071335554186992
6.005446507112432,0.25,1.7212584071522263,0.40761160438506605
6.01068686183068,0.25,1.7223261063279802,0.40808532513901663
6.015927216548929,0.25,1.7233739695225307,0.4085547046715845
6.021167571267177,0.25,1.7244019679602394,0.40901973009301884
6.026407925985424,0.25,1.7254100734109792,0.40948038863313807
6.031648280703672,0.25,1.72639825819091,0.4099366676416807
6.036888635421921,0.25,1.7273664951632377,0.4103885545886527
6.042128990140169,0.25,1.7283147577389602,0.4108360370646714
6.047369344858417,0.25,1.7292430198775968,0.4112791027813066
6.052609699576665,0.25,1.7301512560879049,0.4117177395714178
6.057850054294914,0.25,1.7310394414285786,0.41215193538948836
6.063090409013162,0.25,1.7319075515089342,0.41258167831195625
6.06833076373141,0.25,1.732755562489579,0.4130069565375417
6.073571118449658,0.25,1.733583451083068,0.41342775838757106
6.078811473167907,0.25,1.7343911945545414,0.41384407230629744
6.084051827886155,0.25,1.7351787707223503,0.4142558868612183
6.089292182604403,0.25,1.7359461579586646,0.41466319074338925
6.094532537322651,0.25,1.736693335190068,0.4150659727677346
6.0997728920409,0.25,1.7374202818981361,0.4154642218733547
6.105013246759148,0.25,1.7381269781200008,0.41585792712382924
6.110253601477396,0.25,1.7388134044488963,0.4162470777075181
6.115493956195644,0.25,1.7394795420346947,0.41663166293785814
6.1207343109138925,0.25,1.7401253725844221,0.41701167225365615
6.12597466563214,0.25,1.740750878362761,0.41738709521937956
6.131215020350388,0.25,1.7413560421925385,0.4177579215254428
6.136455375068636,0.25,1.7419408474551958,0.41812414098849016
6.141695729786885,0.25,1.7425052780912471,0.4184857435516756
6.146936084505133,0.25,1.7430493186007188,0.41884271928493916
6.152176439223381,0.25,1.7435729540435758,0.4191950583852792
6.157416793941629,0.25,1.744076170040132,0.4195427511770219
6.162657148659878,0.25,1.7445589527714445,0.4198857881120871
6.167897503378126,0.25,1.7450212889796939,0.42022415977024996
6.173137858096374,0.25,1.7454631659685476,0.4205578568594003
6.178378212814622,0.25,1.7458845716035092,0.4208868702157973
6.1836185675328705,0.25,1.7462854943122514,0.42121119080432134
6.188858922251119,0.25,1.7466659230849333,0.42153080971872225
6.194099276969367,0.25,1.7470258474745035,0.42184571818186345
6.199339631687615,0.25,1.7473652575969867,0.42215590754596355
6.2045799864058635,0.25,1.7476841441317554,0.4224613692928333
6.209820341124112,0.25,1.7479824983217847,0.4227620950341099
6.21506069584236,0.25,1.7482603119738942,0.4230580765114872
6.220301050560608,0.25,1.748517577458973,0.42334930559694245
6.2255414052788565,0.25,1.7487542877121873,0.4236357742929595
6.230781759997104,0.25,1.7489704362331773,0.42391747473274854
6.236022114715352,0.25,1.749166017086233,0.424194399180462
6.2412624694336,0.25,1.7493410249004588,0.42446654003140716
6.2465028241518485,0.25,1.7494954548699206,0.4247338898122548
6.251743178870097,0.25,1.7496293027537777,0.42499644118124436
6.256983533588345,0.25,1.7497425648763991,0.42525418692838596
6.262223888306593,0.25,1.7498352381274649,0.4255071199756579
6.2674642430248415,0.25,1.7499073199620514,0.42575523337720134
6.27270459774309,0.25,1.749958808400701,0.4259985203195109
6.277944952461338,0.25,1.7499897020294766,0.4262369741216221
6.283185307179586,0.25,1.75,0.4264705882352941
0.0,1.0,1.75,1.375
0.005240354718248195,1.0,1.7499897020294766,1.3769599750399033
0.01048070943649639,1.0,1.749958808400701,1.3789095982859092
0.015721064154744585,1.0,1.7499073199620514,1.3808488161989172
0.02096141887299278,1.0,1.7498352381274649,1.3827775755255702
0.026201773591240977,1.0,1.7497425648763991,1.3846958232997169
0.03144212830948917,1.0,1.7496293027537777,1.3866035068438665
0.03668248302773737,1.0,1.7494954548699206,1.3885005737706355
0.04192283774598556,1.0,1.7493410249004588,1.3903869719841857
0.047163192464233755,1.0,1.749166017086233,1.392262649681655
0.052403547182481955,1.0,1.7489704362331773,1.3941275553545807
0.05764390190073015,1.0,1.7487542877121873,1.3959816377903127
0.06288425661897834,1.0,1.748517577458973,1.3978248460734213
0.06812461133722654,1.0,1.7482603119738942,1.3996571295870943
0.07336496605547474,1.0,1.7479824983217847,1.401478438014527
0.07860532077372293,1.0,1.7476841441317554,1.4032887213403051
0.08384567549197113,1.0,1.7473652575969867,1.4050879298517769
0.08908603021021932,1.0,1.7470258474745035,1.4068760141404195
0.09432638492846751,1.0,1.7466659230849333,1.408652925103194
0.09956673964671571,1.0,1.7462854943122514,1.4104186139438966
0.10480709436496391,1.0,1.7458845716035092,1.412173032174496
0.1100474490832121,1.0,1.7454631659685476,1.4139161316164661
0.1152878038014603,1.0,1.7450212889796939,1.4156478644021095
0.1205281585197085,1.0,1.7445589527714445,1.4173681829758706
0.12576851323795668,1.0,1.744076170040132,1.419077040095643
0.1310088679562049,1.0,1.7435729540435758,1.4207743888340663
0.13624922267445308,1.0,1.7430493186007188,1.422460182579814
0.14148957739270127,1.0,1.7425052780912473,1.4241343750388746
0.14672993211094948,1.0,1.7419408474551958,1.4257969202358232
0.15197028682919766,1.0,1.7413560421925385,1.4274477725150818
0.15721064154744585,1.0,1.740750878362761,1.429086886542176
0.16245099626569406,1.0,1.7401253725844221,1.4307142173049778
0.16769135098394225,1.0,1.7394795420346947,1.4323297201149425
0.17293170570219044,1.0,1.7388134044488963,1.433933350608336
0.17817206042043865,1.0,1.7381269781200008,1.435525064747453
0.18341241513868684,1.0,1.7374202818981361,1.4371048188218258
0.18865276985693502,1.0,1.736693335190068,1.4386725694494256
0.19389312457518323,1.0,1.7359461579586646,1.4402282735778527
0.19913347929343142,1.0,1.7351787707223503,1.4417718884855202
0.2043738340116796,1.0,1.7343911945545416,1.4433033717828254
0.20961418872992782,1.0,1.733583451083068,1.4448226814133158
0.214854543448176,1.0,1.732755562489579,1.4463297756548426
0.2200948981664242,1.0,1.7319075515089342,1.4478246131207064
0.2253352528846724,1.0,1.7310394414285788,1.4493071527607957
0.2305756076029206,1.0,1.730151256087905,1.450777353862711
0.23581596232116878,1.0,1.7292430198775968,1.4522351760528855
0.241056317039417,1.0,1.7283147577389602,1.4536805792976928
0.24629667175766518,1.0,1.727366495163238,1.4551135239045463
0.25153702647591336,1.0,1.7263982581909103,1.456533970522989
0.25677738119416155,1.0,1.7254100734109796,1.4579418801457746
0.2620177359124098,1.0,1.7244019679602394,1.4593372141099383
0.267258090630658,1.0,1.7233739695225307,1.4607199340978583
0.27249844534890616,1.0,1.7223261063279802,1.4620900021383094
0.27773880006715435,1.0,1.7212584071522263,1.4634473806075037
0.28297915478540253,1.0,1.7201709013156274,1.4647920322301253
0.2882195095036507,1.0,1.7190636186824593,1.4661239200803537
0.29345986422189896,1.0,1.7179365896600913,1.4674430075828775
0.29870021894014714,1.0,1.7167898451981554,1.4687492585138984
0.30394057365839533,1.0,1.7156234167876931,1.470042637002127
0.3091809283766435,1.0,1.7144373364602918,1.4713231075297672
0.3144212830948917,1.0,1.7132316367872058,1.4725906349334916
0.3196616378131399,1.0,1.7120063508784609,1.4738451844054072
0.32490199253138813,1.0,1.7107615123819455,1.4750867214940118
0.3301423472496363,1.0,1.7094971554824867,1.4763152121051388
0.3353827019678845,1.0,1.7082133149009113,1.4775306225028946
0.3406230566861327,1.0,1.7069100258930927,1.4787329193105847
0.34586341140438087,1.0,1.7055873242489823,1.4799220695116302
0.3511037661226291,1.0,1.7042452462916267,1.4810980404504748
0.3563441208408773,1.0,1.7028838288761707,1.4822607998334805
0.3615844755591255,1.0,1.7015031093888446,1.483410315729816
0.36682483027737367,1.0,1.700103125745938,1.4845465565723324
0.37206518499562186,1.0,1.6986839163927587,1.4856694911584305
0.37730553971387004,1.0,1.6972455203025758,1.4867790886509176
0.3825458944321183,1.0,1.695787976975551,1.4878753185788542
0.38778624915036647,1.0,1.6943113264376528,1.4889581508383911
0.39302660386861465,1.0,1.6928156092395577,1.4900275556935958
0.39826695858686284,1.0,1.6913008664555367,1.4910835037772692
0.403507313305111,1.0,1.6897671396823273,1.4921259660917519
0.4087476680233592,1.0,1.688214471037991,1.4931549140097207
0.41398802274160745,1.0,1.6866429031607568,1.494170319274975
0.41922837745985564,1.0,1.685052479207851,1.4951721540032117
0.4244687321781038,1.0,1.6834432428543107,1.4961603906827925
0.429709086896352,1.0,1.6818152382917853,1.497135002175498
0.4349494416146002,1.0,1.6801685102273225,1.498095961717274
0.4401897963328484,1.0,1.6785031038821414,1.4990432429189653
0.4454301510510966,1.0,1.67681906499039,1.499976819767042
0.4506705057693448,1.0,1.675116439797889,1.5008966666243122
0.455910860487593,1.0,1.6733952750608627,1.5018027582306273
0.4611512152058412,1.0,1.6716556180446545,1.5026950697035744
0.46639156992408937,1.0,1.6698975165224286,1.5035735765391611
0.47163192464233755,1.0,1.6681210187738589,1.5044382546124875
0.4768722793605858,1.0,1.6663261735838024,1.505289080178409
0.482112634078834,1.0,1.6645130302409603,1.5061260298721875
0.48735298879708217,1.0,1.6626816385365237,1.5069490807101342
0.49259334351533035,1.0,1.6608320487628068,1.507758210090241
0.49783369823357854,1.0,1.6589643117118653,1.5085533957927995
0.5030740529518267,1.0,1.6570784786741024,1.5093346159810124
0.508314407670075,1.0,1.6551746014368591,1.5101018492015934
0.5135547623883231,1.0,1.6532527322829937,1.5108550743853555
0.5187951171065713,1.0,1.6513129239894444,1.51159427084779
0.5240354718248196,1.0,1.6493552298257808,1.512319418289635
0.5292758265430677,1.0,1.6473797035527409,1.513030496797431
0.534516181261316,1.0,1.6453863994207552,1.5137274868440709
0.5397565359795641,1.0,1.643375372168456,1.5144103692893327
0.5449968906978123,1.0,1.641346677021175,1.5150791253804081
0.5502372454160606,1.0,1.6393003696894266,1.5157337367524155
0.5554776001343087,1.0,1.6372365063673775,1.5163741854289055
0.5607179548525569,1.0,1.6351551437313039,1.5170004538223538
0.5659583095708051,1.0,1.6330563389380357,1.5176125247346444
0.5711986642890533,1.0,1.630940149623386,1.5182103813575418
0.5764390190073014,1.0,1.628806633900568,1.5187940072731538
0.5816793737255497,1.0,1.6266558503586013,1.5193633864543796
0.5869197284437979,1.0,1.6244878580607,1.5199185032653528
0.592160083162046,1.0,1.6223027165426531,1.5204593424618693
0.5974004378802943,1.0,1.6201004858111885,1.5209858891918064
0.6026407925985424,1.0,1.617881226342325,1.5214981289955296
0.6078811473167907,1.0,1.6156449990797124,1.5219960478062917
0.6131215020350389,1.0,1.6133918654329573,1.5224796319506173
0.618361856753287,1.0,1.6111218872759365,1.5229488681486787
0.6236022114715353,1.0,1.6088351269450984,1.5234037435146615
0.6288425661897834,1.0,1.6065316472377509,1.5238442455571173
0.6340829209080316,1.0,1.6042115114103372,1.5242703621793074
0.6393232756262798,1.0,1.6018747831766984,1.5246820816795346
0.644563630344528,1.0,1.5995215267063232,1.5250793927514645
0.6498039850627763,1.0,1.5971518066225876,1.5254622844844372
0.6550443397810244,1.0,1.5947656880009782,1.5258307463637648
0.6602846944992726,1.0,1.5923632363673061,1.5261847682710221
0.6655250492175208,1.0,1.589944517695908,1.5265243404843227
0.670765403935769,1.0,1.587509598407833,1.5268494536785884
0.6760057586540172,1.0,1.5850585453690198,1.5271600989258025
0.6812461133722654,1.0,1.5825914258884612,1.5274562676952566
0.6864864680905136,1.0,1.5801083077163527,1.5277379518537852
0.6917268228087617,1.0,1.5776092590422355,1.5280051436659874
0.69696717752701,1.0,1.5750943484931215,1.5282578357944407
0.7022075322452582,1.0,1.57256364513161,1.5284960212999026
0.7074478869635064,1.0,1.570017218453991,1.5287196936415
0.7126882416817546,1.0,1.5674551383883355,1.52892884667691
0.7179285964000027,1.0,1.5648774752925774,1.5291234746625275
0.723168951118251,1.0,1.5622842999525792,1.529303572253624
0.7284093058364991,1.0,1.55967568358019,1.5294691345044935
0.7336496605547473,1.0,1.5570516978112878,1.5296201568685892
0.7388900152729956,1.0,1.5544124147038145,1.5297566351986471
0.7441303699912437,1.0,1.551757906735796,1.5298785657468013
0.749370724709492,1.0,1.5490882468033513,1.5299859451646858
0.7546110794277401,1.0,1.5464035082186927,1.5300787705035273
0.7598514341459883,1.0,1.5437037647081095,1.530157039214225
0.7650917888642366,1.0,1.5409890904099464,1.5302207491474222
0.7703321435824847,1.0,1.5382595598725657,1.5302698985535645
0.7755724983007329,1.0,1.5355152480523007,1.5303044860829471
0.7808128530189811,1.0,1.5327562303113975,1.5303245107857533
0.7860532077372293,1.0,1.529982582415945,1.5303299721120793
0.7912935624554774,1.0,1.5271943805337944,1.5303208699119508
0.7965339171737257,1.0,1.5243917012324681,1.5302972044353251
0.8017742718919739,1.0,1.5215746214770565,1.5302589763320862
0.807014626610222,1.0,1.518743218628104,1.5302061866520256
0.8122549813284703,1.0,1.5158975704394855,1.530138836844814
0.8174953360467184,1.0,1.5130377550562708,1.530056928759962
0.8227356907649667,1.0,1.5101638510125786,1.5299604646467682
0.8279760454832149,1.0,1.5072759372294202,1.5298494471542583
0.833216400201463,1.0,1.5043740930125313,1.5297238793311116
0.8384567549197113,1.0,1.5014583980501954,1.5295837646255785
0.8436971096379594,1.0,1.4985289324110542,1.5294291068853845
0.8489374643562076,1.0,1.49558577654191,1.529259910357625
0.8541778190744559,1.0,1.492629011265516,1.5290761796886492
0.859418173792704,1.0,1.4896587177783567,1.5288779199239315
0.8646585285109523,1.0,1.4866749776484178,1.528665136507934
0.8698988832292004,1.0,1.4836778728129474,1.5284378352839565
0.8751392379474486,1.0,1.4806674855762045,1.5281960224939752
0.8803795926656968,1.0,1.4776438986072,1.5279397047784733
0.885619947383945,1.0,1.474607194937426,1.5276688891762569
0.8908603021021932,1.0,1.4715574579585753,1.5273835831242617
0.8961006568204414,1.0,1.468494771420252,1.5270837944573503
0.9013410115386896,1.0,1.4654192194276714,1.5267695314080956
0.9065813662569377,1.0,1.46233088643935,1.526440802606555
0.911821720975186,1.0,1.4592298572647868,1.5260976170800342
0.9170620756934342,1.0,1.456116217062134,1.525739984252838
0.9223024304116824,1.0,1.4529900513358582,1.5253679139460132
0.9275427851299306,1.0,1.4498514459343927,1.5249814163770765
0.9327831398481787,1.0,1.44670048704778,1.5245805021597365
0.938023494566427,1.0,1.4435372612053046,1.5241651823036007
0.9432638492846751,1.0,1.4403618552731174,1.5237354682138733
0.9485042040029233,1.0,1.4371743564518493,1.5232913716910423
0.9537445587211716,1.0,1.4339748522742175,1.5228329049305556
0.9589849134394197,1.0,1.4307634306026213,1.5223600805224857
0.964225268157668,1.0,1.427540179626729,1.521872911451184
0.9694656228759161,1.0,1.4243051878610573,1.5213714110949246
0.9747059775941643,1.0,1.4210585441425385,1.5208555932255365
0.9799463323124126,1.0,1.4178003376280828,1.5203254720080257
0.9851866870306607,1.0,1.4145306577921297,1.5197810620001855
0.9904270417489089,1.0,1.4112495944241896,1.5192223781521985
0.9956673964671571,1.0,1.4079572376263796,1.5186494358062235
1.0009077511854052,1.0,1.4046536778109486,1.518062250695977
1.0061481059036534,1.0,1.401339005697794,1.517460838946298
1.0113884606219017,1.0,1.398013312311971,1.5168452170727083
1.01662881534015,1.0,1.3946766889811928,1.5162154019809568
1.0218691700583982,1.0,1.3913292273333226,1.5155714109665563
1.0271095247766462,1.0,1.387971019293858,1.5149132617143082
1.0323498794948944,1.0,1.3846021570834046,1.5142409722978163
1.0375902342131427,1.0,1.381222733215146,1.513554561178992
1.042830588931391,1.0,1.377832840492302,1.5128540472075456
1.0480709436496392,1.0,1.3744325720055799,1.5121394496204696
1.0533112983678872,1.0,1.3710220211306194,1.5114107880415109
1.0585516530861354,1.0,1.3676012815254261,1.5106680824806302
1.0637920078043837,1.0,1.3641704471278018,1.5099113533334545
1.069032362522632,1.0,1.3607296121527641,1.5091406213807153
1.0742727172408801,1.0,1.3572788710899588,1.5083559077876794
1.0795130719591282,1.0,1.3538183187010648,1.5075572341035663
1.0847534266773764,1.0,1.3503480500171932,1.5067446222609577
1.0899937813956246,1.0,1.346868160336276,1.5059180945751947
1.0952341361138729,1.0,1.3433787452204502,1.5050776737437639
1.1004744908321211,1.0,1.3398799004934334,1.5042233828456766
1.1057148455503691,1.0,1.3363717222378915,1.5033552453408325
1.1109552002686174,1.0,1.3328543067928016,1.5024732850693763
1.1161955549868656,1.0,1.329327750750805,1.5015775262510442
1.1214359097051139,1.0,1.3257921509555555,1.5006679934844973
1.1266762644233619,1.0,1.32224760449906,1.4997447117466465
1.1319166191416101,1.0,1.3186942087190112,1.4988077063919665
1.1371569738598584,1.0,1.315132061196116,1.4978570031518004
1.1423973285781066,1.0,1.3115612597514148,1.4968926281336516
1.1476376832963548,1.0,1.3079819024435957,1.4959146078204688
1.1528780380146029,1.0,1.3043940875663018,1.4949229690699164
1.158118392732851,1.0,1.300797913645431,1.493917739113639
1.1633587474510994,1.0,1.2971934794364313,1.4928989455565125
1.1685991021693476,1.0,1.293580883921589,1.4918666163758858
1.1738394568875958,1.0,1.2899602263073096,1.4908207799208142
1.1790798116058439,1.0,1.2863316060213943,1.4897614649112787
1.184320166324092,1.0,1.2826951227103087,1.4886887004373985
1.1895605210423403,1.0,1.2790508762364476,1.4876025159586321
1.1948008757605886,1.0,1.2753989666753918,1.4865029413029685
1.2000412304788368,1.0,1.27173949431316,1.485390006666107
1.2052815851970848,1.0,1.2680725596434548,1.484263742610629
1.210521939915333,1.0,1.2643982633649031,1.4831241800651593
1.2157622946335813,1.0,1.2607167063782911,1.4819713503235148
1.2210026493518296,1.0,1.257027989783793,1.4808052850438467
1.2262430040700778,1.0,1.2533322148781951,1.4796260162477708
1.2314833587883258,1.0,1.249629483152113,1.4784335763194878
1.236723713506574,1.0,1.2459198962872062,1.4772279980048943
1.2419640682248223,1.0,1.2422035561533844,1.4760093144106838
1.2472044229430705,1.0,1.2384805648060107,1.4747775590034364
1.2524447776613188,1.0,1.2347510244830988,1.4735327656087016
1.2576851323795668,1.0,1.2310150376025055,1.4722749684100676
1.262925487097815,1.0,1.2272727067591185,1.4710042019482237
1.2681658418160633,1.0,1.2235241347220378,1.4697205011200114
1.2734061965343115,1.0,1.2197694244317554,1.4684239011774662
1.2786465512525595,1.0,1.2160086789973272,1.4671144377268495
1.2838869059708078,1.0,1.2122420016935411,1.4657921467276704
1.289127260689056,1.0,1.2084694959580822,1.4644570644916994
1.2943676154073043,1.0,1.2046912653886914,1.463109227681969
1.2996079701255525,1.0,1.2009074137403208,1.46174867331177
1.3048483248438005,1.0,1.1971180449222847,1.4603754387436323
1.3100886795620488,1.0,1.1933232629954051,1.4589895616882997
1.315329034280297,1.0,1.1895231721691553,1.4575910802036958
1.3205693889985453,1.0,1.1857178767987973,1.4561800326938763
1.3258097437167935,1.0,1.1819074813825168,1.4547564579079764
1.3310500984350415,1.0,1.1780920905585528,1.4533203949391462
1.3362904531532898,1.0,1.1742718091023248,1.4518718832234763
1.341530807871538,1.0,1.1704467419235547,1.4504109625389163
1.3467711625897862,1.0,1.166616994063387,1.4489376730041812
1.3520115173080345,1.0,1.162782670691503,1.4474520550776497
1.3572518720262825,1.0,1.1589438771032337,1.445954149556255
1.3624922267445307,1.0,1.1551007187166673,1.4444439975743613
1.367732581462779,1.0,1.1512533010697557,1.4429216406026373
1.3729729361810272,1.0,1.1474017298174146,1.4413871204469153
1.3782132908992755,1.0,1.1435461107286236,1.4398404792470447
1.3834536456175235,1.0,1.1396865496835205,1.4382817594757331
1.3886940003357717,1.0,1.135823152670494,1.4367110039373814
1.39393435505402,1.0,1.1319560257832741,1.4351282557669072
1.3991747097722682,1.0,1.128085275218017,1.4335335584285616
1.4044150644905165,1.0,1.12421100727039,1.431926955714734
1.4096554192087645,1.0,1.1203333283326522,1.4303084917447513
1.4148957739270127,1.0,1.1164523448907326,1.4286782109636642
1.420136128645261,1.0,1.1125681635213063,1.427036158141029
1.4253764833635092,1.0,1.1086808908888668,1.4253823783696764
1.4306168380817572,1.0,1.1047906337427986,1.423716917064474
1.4358571928000055,1.0,1.1008974989144438,1.4220398199610789
1.4410975475182537,1.0,1.0970015933141697,1.4203511331146819
1.446337902236502,1.0,1.0931030239284325,1.4186509028987424
1.4515782569547502,1.0,1.0892018978168392,1.416939176003716
1.4568186116729982,1.0,1.0852983221092076,1.4152159994357705
1.4620589663912464,1.0,1.0813924040026244,1.4134814205154969
1.4672993211094947,1.0,1.0774842507585018,1.4117354868766083
1.472539675827743,1.0,1.0735739696996318,1.4099782464646338
1.4777800305459912,1.0,1.0696616682072384,1.4082097475355995
1.4830203852642392,1.0,1.0657474537180296,1.4064300386547048
1.4882607399824874,1.0,1.0618314337212462,1.404639168694989
1.4935010947007357,1.0,1.057913715755711,1.4028371868359883
1.498741449418984,1.0,1.0539944074068752,1.4010241425623855
1.5039818041372321,1.0,1.0500736163038638,1.399200085662651
1.5092221588554802,1.0,1.0461514501165199,1.397365066227676
1.5144625135737284,1.0,1.042228016552448,1.395519134649397
1.5197028682919766,1.0,1.038303423354057,1.3936623416194105
1.524943223010225,1.0,1.0343777782956,1.391794738127584
1.5301835777284731,1.0,1.0304511891802164,1.3899163754606516
1.5354239324467212,1.0,1.02652376383697,1.3880273052008099
1.5406642871649694,1.0,1.0225956101178884,1.386127579224298
1.5459046418832176,1.0,1.0186668358950015,1.3842172496999747
1.5511449966014659,1.0,1.014737549057379,1.3822963690878862
1.5563853513197141,1.0,1.0108078575081678,1.3803649901378239
1.5616257060379621,1.0,1.0068778691616287,1.3784231658878774
1.5668660607562104,1.0,1.0029476919401725,1.3764709496629766
1.5721064154744586,1.0,0.999017433771397,1.3745083950734291
1.5773467701927069,1.0,0.9950872025851228,1.3725355560134462
1.5825871249109549,1.0,0.9911571063104302,1.3705524866596637
1.5878274796292031,1.0,0.9872272528726936,1.3685592414696546
1.5930678343474514,1.0,0.9832977501906194,1.3665558751804325
1.5983081890656996,1.0,0.9793687061732818,1.3645424428069495
1.6035485437839478,1.0,0.9754402287171593,1.3625189996405846
1.6087888985021959,1.0,0.9715124257031724,1.3604856012476267
1.614029253220444,1.0,0.9675854049937196,1.3584423034677466
1.6192696079386923,1.0,0.9636592744297172,1.3563891624124649
1.6245099626569406,1.0,0.9597341418276368,1.3543262344636116
1.6297503173751888,1.0,0.9558101149765447,1.3522535762717762
1.6349906720934368,1.0,0.9518873016351417,1.3501712447547536
1.640231026811685,1.0,0.947965809528804,1.3480792970959798
1.6454713815299333,1.0,0.9440457463466256,1.3459777907429624
1.6507117362481816,1.0,0.9401272197384599,1.3438667834057028
1.6559520909664298,1.0,0.9362103373119643,1.3417463330551107
1.6611924456846778,1.0,0.9322952066296452,1.3396164979214142
1.666432800402926,1.0,0.928381935205903,1.3374773364925576
1.6716731551211743,1.0,0.9244706305040813,1.3353289075125983
1.6769135098394226,1.0,0.9205613999335149,1.3331712699800915
1.6821538645576708,1.0,0.9166543508465803,1.3310044831464714
1.6873942192759188,1.0,0.9127495905357479,1.328828606514423
1.692634573994167,1.0,0.9088472262306347,1.3266436998362487
1.6978749287124153,1.0,0.9049473650950615,1.3244498231122277
1.7031152834306635,1.0,0.9010501142241081,1.322247036588967
1.7083556381489118,1.0,0.8971555806411733,1.3200354007577486
1.7135959928671598,1.0,0.8932638712950363,1.317814976352868
1.718836347585408,1.0,0.8893750930569182,1.3155858243499645
1.7240767023036563,1.0,0.8854893527175492,1.3133480059643496
1.7293170570219045,1.0,0.8816067569842345,1.3111015826493242
1.7345574117401525,1.0,0.8777274124779246,1.3088466160944907
1.7397977664584008,1.0,0.873851425730287,1.3065831682240603
1.745038121176649,1.0,0.869978903180781,1.3043113011951517
1.7502784758948973,1.0,0.8661099511737351,1.3020310773960837
1.7555188306131455,1.0,0.8622446759554256,1.2997425594446632
1.7607591853313935,1.0,0.8583831836711604,1.2974458101864648
1.7659995400496418,1.0,0.8545255803623621,1.2951408926931043
1.77123989476789,1.0,0.8506719719636582,1.2928278702605085
1.7764802494861383,1.0,0.8468224642999703,1.2905068064071756
1.7817206042043865,1.0,0.8429771630836091,1.2881777648724315
1.7869609589226345,1.0,0.8391361739113711,1.2858408096146787
1.7922013136408828,1.0,0.8352996022616378,1.283496004809641
1.797441668359131,1.0,0.8314675534914808,1.2811434148486005
1.8026820230773792,1.0,0.8276401328337677,1.2787831043366293
1.8079223777956275,1.0,0.8238174453942719,1.2764151380908157
1.8131627325138755,1.0,0.8199995961487871,1.2740395811384841
1.8184030872321237,1.0,0.8161866899402439,1.2716564987154086
1.823643441950372,1.0,0.8123788314758308,1.269265956264023
1.8288837966686202,1.0,0.8085761253241192,1.2668680194316226
1.8341241513868685,1.0,0.8047786759121913,1.2644627540685613
1.8393645061051165,1.0,0.8009865875227731,1.2620502262264441
1.8446048608233647,1.0,0.7971999642913692,1.2596305021563126
1.849845215541613,1.0,0.793418910203405,1.2572036483068258
1.8550855702598612,1.0,0.7896435290913701,1.2547697313224355
1.8603259249781094,1.0,0.7858739246319669,1.2523288180415562
1.8655662796963575,1.0,0.7821102003432637,1.2498809754947289
1.8708066344146057,1.0,0.7783524595818516,1.2474262709027815
1.876046989132854,1.0,0.7746008055400071,1.244964771674982
1.8812873438511022,1.0,0.7708553412428576,1.242496545407188
1.8865276985693502,1.0,0.7671161695455522,1.2400216598799896
1.8917680532875985,1.0,0.7633833931304371,1.2375401830568484
1.8970084080058467,1.0,0.7596571145042365,1.2350521830822319
1.902248762724095,1.0,0.7559374359952369,1.2325577282797409
1.9074891174423432,1.0,0.7522244597504772,1.2300568871502344
1.9127294721605912,1.0,0.7485182877329445,1.227549728369948
1.9179698268788394,1.0,0.7448190217187718,1.2250363207886066
1.9232101815970877,1.0,0.7411267632944458,1.222516733427537
1.928450536315336,1.0,0.7374416138540156,1.219991035477769
1.9336908910335842,1.0,0.7337636745963088,1.2174592962981376
1.9389312457518322,1.0,0.7300930465221522,1.2149215854133775
1.9441716004700804,1.0,0.7264298304315983,1.2123779725122132
1.9494119551883287,1.0,0.7227741269211572,1.209828527445447
1.954652309906577,1.0,0.7191260363810343,1.2072733202240389
1.9598926646248251,1.0,0.7154856589923733,1.2047124210171858
1.9651330193430732,1.0,0.711853094724505,1.2021459001503927
1.9703733740613214,1.0,0.7082284433322017,1.199573828103543
1.9756137287795696,1.0,0.704611804352939,1.1969962755089625
1.9808540834978179,1.0,0.701003277104161,1.1944133131494794
1.9860944382160661,1.0,0.6974029606805539,1.1918250119564813
1.9913347929343141,1.0,0.6938109539513238,1.1892314430079662
1.9965751476525624,1.0,0.6902273555574825,1.1866326775265919
2.0018155023708104,1.0,0.6866522639091388,1.1840287868777193
2.0070558570890586,1.0,0.6830857771827945,1.1814198425674525
2.012296211807307,1.0,0.6795279933186503,1.178805916240676
2.017536566525555,1.0,0.6759790100179154,1.1761870796790865
2.0227769212438034,1.0,0.672438924740124,1.173563404799222
2.0280172759620516,1.0,0.6689078347004598,1.1709349636504867
2.0332576306803,1.0,0.6653858368670857,1.168301828413172
2.038497985398548,1.0,0.6618730279584817,1.165664071396476
2.0437383401167963,1.0,0.6583695044407877,1.163021765036516
2.0489786948350446,1.0,0.6548753625251555,1.1603749818943399
2.0542190495532924,1.0,0.651390698165107,1.1577237946539338
2.0594594042715406,1.0,0.6479156070538967,1.1550682761202258
2.064699758989789,1.0,0.6444501846218875,1.1524084992170867
2.069940113708037,1.0,0.6409945260339274,1.1497445369853274
2.0751804684262853,1.0,0.637548726186737,1.147076462580694
2.0804208231445336,1.0,0.6341128797063039,1.1444043492718567
2.085661177862782,1.0,0.6306870809452835,1.1417282704384002
2.09090153258103,1.0,0.627271423980408,1.1390482995688067
2.0961418872992783,1.0,0.6238660026099035,1.1363645102584392
2.101382242017526,1.0,0.6204709103509142,1.1336769762075194
2.1066225967357743,1.0,0.6170862404369326,1.1309857712191045
2.1118629514540226,1.0,0.6137120858152418,1.1282909691970602
2.117103306172271,1.0,0.6103485391443613,1.1255926441440312
2.122343660890519,1.0,0.6069956927915031,1.1228908701594091
2.1275840156087673,1.0,0.603653638830035,1.1201857214372979
2.1328243703270156,1.0,0.600322469036952,1.1174772722644752
2.138064725045264,1.0,0.5970022748903564,1.114765597018354
2.143305079763512,1.0,0.5936931475669455,1.1120507701649391
2.1485454344817603,1.0,0.5903951779395075,1.1093328662567818
2.153785789200008,1.0,0.5871084565744269,1.1066119599309343
2.1590261439182563,1.0,0.5838330737291956,1.1038881259068978
2.1642664986365046,1.0,0.5805691193499366,1.1011614389845723
2.169506853354753,1.0,0.5773166830689325,1.098431974042202
2.174747208073001,1.0,0.5740758542021647,1.095699806034319
2.1799875627912493,1.0,0.5708467217468598,1.092965009989685
2.1852279175094975,1.0,0.5676293743790473,1.0902276610092305
2.1904682722277458,1.0,0.5644239004511223,1.0874878342639938
2.195708626945994,1.0,0.5612303879894212,1.0847456049930544
2.2009489816642422,1.0,0.558048924691803,1.082001048501469
2.20618933638249,1.0,0.554879597925242,1.079254240158203
2.2114296911007383,1.0,0.5517224947234276,1.0765052553940595
2.2166700458189865,1.0,0.5485777017843749,1.0737541696996094
2.2219104005372348,1.0,0.5454453054680442,1.0710010586231176
2.227150755255483,1.0,0.5423253917939683,1.068245997768469
2.2323911099737312,1.0,0.5392180464388917,1.0654890627930915
2.2376314646919795,1.0,0.5361233547344165,1.0627303294058787
2.2428718194102277,1.0,0.5330414016646601,1.0599698733651106
2.248112174128476,1.0,0.5299722718639206,1.057207770476374
2.2533525288467238,1.0,0.5269160496143537,1.0544440965904802
2.258592883564972,1.0,0.5238728188436564,1.0516789276013812
2.2638332382832203,1.0,0.5208426631227645,1.0489123394440871
2.2690735930014685,1.0,0.517825665663556,1.0461444080925801
2.2743139477197167,1.0,0.5148219093165669,1.0433752095577282
2.279554302437965,1.0,0.5118314765687151,1.0406048198851976
2.284794657156213,1.0,0.5088544495410363,1.037833315153365
2.2900350118744615,1.0,0.5058909099864277,1.0350607714712277
2.2952753665927097,1.0,0.5029409392874041,1.032287264976314
2.300515721310958,1.0,0.5000046184538625,1.029512871832592
2.3057560760292057,1.0,0.4970820281208571,1.0267376682283793
2.310996430747454,1.0,0.49417324854638545,1.0239617303742483
2.316236785465702,1.0,0.4912783596091843,1.0211851345009357
2.3214771401839505,1.0,0.48839744080653635,1.0184079568572482
2.3267174949021987,1.0,0.48553057125208676,1.015630273707968
2.331957849620447,1.0,0.48267782967367046,1.0128521613317605
2.337198204338695,1.0,0.4798392944111507,1.0100736960190766
2.3424385590569434,1.0,0.47701504341426737,1.0072949540700602
2.3476789137751917,1.0,0.4742051542404966,1.0045160117924519
2.35291926849344,1.0,0.4714097040529205,1.0017369454994935
2.3581596232116877,1.0,0.4686287696181093,0.9989578315078325
2.363399977929936,1.0,0.4658624273040112,0.9961787461354256
2.368640332648184,1.0,0.46311075307785743,0.9933997656994445
2.3738806873664324,1.0,0.460373822504075,0.9906209665141789
2.3791210420846807,1.0,0.45765171074221145,0.9878424248889408
2.384361396802929,1.0,0.45494449254487124,0.9850642171259698
2.389601751521177,1.0,0.45225224225566296,0.9822864195183368
2.3948421062394254,1.0,0.4495750338071577,0.9795091083478498
2.4000824609576736,1.0,0.44691294071885834,0.9767323598829579
2.4053228156759214,1.0,0.4442660360951818,0.9739562503766586
2.4105631703941697,1.0,0.4416343926234496,0.9711808560644014
2.415803525112418,1.0,0.4390180825718939,0.968406253161997
2.421043879830666,1.0,0.4364171777876711,0.9656325178635223
2.4262842345489144,1.0,0.43383174969489036,0.9628597263392291
2.4315245892671626,1.0,0.43126186929265087,0.9600879547334515
2.436764943985411,1.0,0.4287076071530932,0.9573172791625157
2.442005298703659,1.0,0.42616903341946033,0.9545477757126495
2.4472456534219074,1.0,0.42364621780417255,0.9517795204378925
2.4524860081401556,1.0,0.42113922958691186,0.9490125893580078
2.4577263628584034,1.0,0.4186481376127207,0.946247058456395
2.4629667175766516,1.0,0.41617301029010967,0.9434830036780022
2.4682070722949,1.0,0.413713915589181,0.9407205009272419
2.473447427013148,1.0,0.4112709210397607,0.9379596260659059
2.4786877817313964,1.0,0.40884409372954433,0.935200454911082
2.4839281364496446,1.0,0.406433500302255,0.9324430632330721
2.489168491167893,1.0,0.40403920695581264,0.9296875267533116
2.494408845886141,1.0,0.4016612794405169,0.9269339211422895
2.4996492006043893,1.0,0.3992997830572409,0.924182322017471
2.5048895553226376,1.0,0.39695478265563844,0.9214328049412206
2.5101299100408854,1.0,0.39462634263236296,0.9186854454187273
2.5153702647591336,1.0,0.3923145269292988,0.9159403188959304
2.520610619477382,1.0,0.39001939903180605,0.9131975007574488
2.52585097419563,1.0,0.3877410219669766,0.91045706632451
2.5310913289138783,1.0,0.3854794583019032,0.9077190908528819
2.5363316836321266,1.0,0.38323477014196183,0.9049836495308068
2.541572038350375,1.0,0.38100701912910595,0.9022508174769353
2.546812393068623,1.0,0.3787962664401735,0.8995206697382647
2.5520527477868713,1.0,0.37660257278520726,0.8967932812880774
2.557293102505119,1.0,0.3744259984057876,0.8940687270238827
2.5625334572233673,1.0,0.37226660307337767,0.8913470817653588
2.5677738119416156,1.0,0.3701244460876829,0.8886284202522997
2.573014166659864,1.0,0.36799958627502194,0.8859128171425616
2.578254521378112,1.0,0.3658920819867115,0.8832003470100134
2.5834948760963603,1.0,0.3638019910974635,0.8804910843424881
2.5887352308146085,1.0,0.36172937100379643,0.8777851035397383
2.593975585532857,1.0,0.3596742786224585,0.8750824789113918
2.599215940251105,1.0,0.3576367703888652,0.8723832846749121
2.6044562949693533,1.0,0.3556169022555491,0.8696875949535597
2.609696649687601,1.0,0.3536147296906236,0.866995483774357
2.6149370044058493,1.0,0.35163030767625936,0.8643070250660542
2.6201773591240975,1.0,0.34966369070717485,0.8616222926571011
2.625417713842346,1.0,0.34771493278913956,0.8589413602736182
2.630658068560594,1.0,0.34578408743749134,0.8562643015373727
2.6358984232788423,1.0,0.34387120767566604,0.8535911899637563
2.6411387779970905,1.0,0.34197634603374194,0.850922098959767
2.6463791327153388,1.0,0.3400995545469975,0.8482571018219927
2.651619487433587,1.0,0.3382408847544818,0.8455962717345986
2.6568598421518352,1.0,0.3364003876975994,0.8429396817673176
2.662100196870083,1.0,0.33457811391870884,0.8402874048734437
2.6673405515883313,1.0,0.3327741134597344,0.8376395138878279
2.6725809063065795,1.0,0.3309884358607924,0.8349960815248791
2.6778212610248278,1.0,0.32922113015883014,0.832357180376567
2.683061615743076,1.0,0.3274722448862797,0.8297228829104282
2.6883019704613242,1.0,0.32574182806972507,0.8270932614675763
2.6935423251795725,1.0,0.32402992722858326,0.8244683882607157
2.6987826798978207,1.0,0.3223365893737993,0.8218483353721582
2.704023034616069,1.0,0.32066186100655536,0.8192331747518434
2.7092633893343168,1.0,0.31900578811699387,0.8166229782153637
2.714503744052565,1.0,0.3173684161829542,0.8140178174419905
2.7197440987708132,1.0,0.31574979016872406,0.8114177639727076
2.7249844534890615,1.0,0.3141499545238047,0.8088228892082459
2.7302248082073097,1.0,0.3125689531816904,0.806233264407122
2.735465162925558,1.0,0.31100682955866166,0.8036489606836822
2.740705517643806,1.0,0.3094636265525934,0.8010700490061495
2.7459458723620545,1.0,0.3079393865417763,0.7984966001946744
2.7511862270803027,1.0,0.30643415138375363,0.7959286849193902
2.756426581798551,1.0,0.3049479624141713,0.7933663736984724
2.7616669365167987,1.0,0.3034808604456436,0.7908097368962024
2.766907291235047,1.0,0.302032885766631,0.7882588447210341
2.772147645953295,1.0,0.3006040781403352,0.7857137672236677
2.7773880006715435,1.0,0.2991944768036062,0.7831745742951246
2.7826283553897917,1.0,0.2978041204658657,0.7806413356648285
2.78786871010804,1.0,0.296433047308043,0.778114120898691
2.793109064826288,1.0,0.29508129498152735,0.7755929993972003
2.7983494195445364,1.0,0.29374890060713377,0.7730780403935161
2.8035897742627847,1.0,0.29243590077408355,0.7705693129515685
2.808830128981033,1.0,0.2911423315389997,0.7680668859641606
2.8140704836992807,1.0,0.28986822842491644,0.7655708281510778
2.819310838417529,1.0,0.28861362642030375,0.7630812080571988
2.824551193135777,1.0,0.287378559978107,0.7605980940506156
2.8297915478540254,1.0,0.28616306301480043,0.7581215543207545
2.8350319025722737,1.0,0.2849671689094556,0.7556516568765035
2.840272257290522,1.0,0.28379091050282546,0.7531884695443459
2.84551261200877,1.0,0.2826343200964414,0.7507320599664963
2.8507529667270184,1.0,0.2814974294517274,0.7482824955990439
2.8559933214452666,1.0,0.280380269789127,0.7458398437100996
2.8612336761635144,1.0,0.2792828717872463,0.7434041713779496
2.8664740308817627,1.0,0.2782052655820113,0.7409755454892115
2.871714385600011,1.0,0.2771474807658405,0.738554032737
2.876954740318259,1.0,0.27610954638683227,0.7361396996190935
2.8821950950365074,1.0,0.2750914909479668,0.7337326124361088
2.8874354497547556,1.0,0.2740933424063241,0.7313328372896801
2.892675804473004,1.0,0.2731151281723154,0.7289404400806441
2.897916159191252,1.0,0.27215687510893094,0.7265554865072298
2.9031565139095004,1.0,0.2712186095310022,0.7241780420632549
2.9083968686277486,1.0,0.2703003572044792,0.721808172036327
2.9136372233459964,1.0,0.269402143345723,0.7194459415060503
2.9188775780642446,1.0,0.26852399262081317,0.7170914153422394
2.924117932782493,1.0,0.26766592914487053,0.7147446582031369
2.929358287500741,1.0,0.26682797648139456,0.7124057345336385
2.9345986422189894,1.0,0.26601015764161706,0.7100747085635227
2.9398389969372376,1.0,0.26521249508386946,0.7077516443056876
2.945079351655486,1.0,0.26443501071296627,0.7054366055543925
2.950319706373734,1.0,0.2636777258796039,0.7031296558835061
2.9555600610919823,1.0,0.26294066137977423,0.7008308586447612
2.9608004158102306,1.0,0.2622238374541932,0.6985402769660143
2.9660407705284784,1.0,0.2615272737877452,0.6962579737495125
2.9712811252467266,1.0,0.26085098950894237,0.6939840116701653
2.976521479964975,1.0,0.2601950031893996,0.691718453173825
2.981761834683223,1.0,0.25955933284332444,0.6894613604755704
2.9870021894014713,1.0,0.2589439959270221,0.6872127955579992
2.9922425441197196,1.0,0.2583490093384164,0.6849728201695253
2.997482898837968,1.0,0.2577743894165857,0.6827414958226834
3.002723253556216,1.0,0.25722015194131387,0.6805188837924399
3.0079636082744643,1.0,0.25668631213265747,0.6783050451145098
3.013203962992712,1.0,0.2561728846505277,0.676100040583681
3.0184443177109603,1.0,0.25567988359428706,0.6739039307521446
3.0236846724292086,1.0,0.2552073225023632,0.671716775927832
3.028925027147457,1.0,0.25475521435187687,0.6695386361727591
3.034165381865705,1.0,0.254323571558285,0.6673695713013765
3.0394057365839533,1.0,0.2539124059750404,0.6652096408789271
3.0446460913022015,1.0,0.25352172889326563,0.6630589042198105
3.04988644602045,1.0,0.2531515510414438,0.660917420385954
3.055126800738698,1.0,0.25280188258512315,0.6587852481851906
3.0603671554569463,1.0,0.2524727331266382,0.6566624461696442
3.065607510175194,1.0,0.2521641117048461,0.6545490726341219
3.0708478648934423,1.0,0.2518760267948783,0.6524451856145124
3.0760882196116905,1.0,0.2516084863079079,0.6503508428861932
3.081328574329939,1.0,0.2513614975909324,0.6482661019624434
3.086568929048187,1.0,0.25113506742657166,0.6461910200928647
3.0918092837664353,1.0,0.2509292020328825,0.6441256542618086
3.0970496384846835,1.0,0.2507439070631866,0.6420700611868126
3.1022899932029318,1.0,0.25057918760591635,0.6400242973170416
3.10753034792118,1.0,0.25043504818447504,0.6379884188317384
3.1127707026394282,1.0,0.2503114927571116,0.6359624816386807
3.118011057357676,1.0,0.25020852471681343,0.633946541372646
3.1232514120759243,1.0,0.25012614689121193,0.6319406533938832
3.1284917667941725,1.0,0.25006436154250566,0.6299448727865928
3.1337321215124208,1.0,0.25002317036739774,0.6279592543574151
3.138972476230669,1.0,0.25000257449704955,0.625983852633923
3.1442128309489172,1.0,0.25000257449704955,0.6240187218631267
3.1494531856671655,1.0,0.25002317036739774,0.6220639160099828
3.1546935403854137,1.0,0.25006436154250566,0.6201194887559129
3.159933895103662,1.0,0.25012614689121193,0.618185493497329
3.1651742498219098,1.0,0.25020852471681343,0.6162619833441677
3.170414604540158,1.0,0.2503114927571116,0.6143490111184311
3.1756549592584062,1.0,0.25043504818447493,0.6124466293527366
3.1808953139766545,1.0,0.25057918760591635,0.6105548902888749
3.1861356686949027,1.0,0.2507439070631866,0.6086738458763741
3.191376023413151,1.0,0.2509292020328825,0.606803547771074
3.196616378131399,1.0,0.25113506742657166,0.6049440473337072
3.2018567328496474,1.0,0.2513614975909323,0.603095395628489
3.2070970875678957,1.0,0.2516084863079079,0.6012576434217148
3.212337442286144,1.0,0.2518760267948783,0.5994308411803659
3.2175777970043917,1.0,0.2521641117048461,0.5976150390707244
3.22281815172264,1.0,0.2524727331266382,0.5958102869569941
3.228058506440888,1.0,0.25280188258512315,0.5940166343999327
3.2332988611591365,1.0,0.2531515510414437,0.5922341306554899
3.2385392158773847,1.0,0.25352172889326563,0.5904628246734551
3.243779570595633,1.0,0.2539124059750403,0.5887027650961133
3.249019925313881,1.0,0.254323571558285,0.5869540002569087
3.2542602800321294,1.0,0.25475521435187687,0.5852165781791179
3.2595006347503777,1.0,0.2552073225023632,0.5834905465745314
3.264740989468626,1.0,0.25567988359428706,0.5817759528421426
3.2699813441868737,1.0,0.25617288465052757,0.5800728440668468
3.275221698905122,1.0,0.25668631213265747,0.578381267018148
3.28046205362337,1.0,0.25722015194131387,0.5767012681488741
3.2857024083416184,1.0,0.2577743894165856,0.5750328935939023
3.2909427630598667,1.0,0.2583490093384164,0.5733761891688912
3.296183117778115,1.0,0.2589439959270221,0.5717312003690229
3.301423472496363,1.0,0.25955933284332444,0.5700979723677542
3.3066638272146114,1.0,0.2601950031893996,0.5684765500155748
3.3119041819328596,1.0,0.26085098950894225,0.5668669778387772
3.3171445366511074,1.0,0.2615272737877451,0.565269300038233
3.3223848913693557,1.0,0.2622238374541932,0.563683560488179
3.327625246087604,1.0,0.26294066137977423,0.5621098027350131
3.332865600805852,1.0,0.2636777258796039,0.560548069996098
3.3381059555241004,1.0,0.26443501071296627,0.5589984051585739
3.3433463102423486,1.0,0.26521249508386946,0.557460850778182
3.348586664960597,1.0,0.26601015764161706,0.5559354490780944
3.353827019678845,1.0,0.26682797648139456,0.5544222419477562
3.3590673743970934,1.0,0.2676659291448704,0.5529212709417337
3.3643077291153416,1.0,0.26852399262081317,0.5514325772785738
3.3695480838335894,1.0,0.269402143345723,0.5499562018396729
3.3747884385518376,1.0,0.2703003572044791,0.5484921851681523
3.380028793270086,1.0,0.2712186095310021,0.5470405674677474
3.385269147988334,1.0,0.27215687510893094,0.5456013886017013
3.3905095027065824,1.0,0.2731151281723154,0.5441746880916716
3.3957498574248306,1.0,0.2740933424063241,0.5427605051166442
3.400990212143079,1.0,0.2750914909479668,0.5413588785118582
3.406230566861327,1.0,0.27610954638683216,0.5399698467677387
3.4114709215795753,1.0,0.2771474807658405,0.5385934480288406
3.4167112762978236,1.0,0.2782052655820112,0.5372297200927998
3.4219516310160714,1.0,0.2792828717872462,0.535878700409297
3.4271919857343196,1.0,0.2803802697891269,0.5345404260790274
3.432432340452568,1.0,0.2814974294517273,0.5332149338526837
3.437672695170816,1.0,0.2826343200964414,0.5319022601299452
3.4429130498890643,1.0,0.28379091050282534,0.5306024409584796
3.4481534046073126,1.0,0.2849671689094556,0.5293155120329522
3.453393759325561,1.0,0.28616306301480043,0.5280415086940462
3.458634114043809,1.0,0.2873785599781069,0.5267804659274915
3.4638744687620573,1.0,0.28861362642030364,0.525532418363105
3.469114823480305,1.0,0.28986822842491633,0.5242974002738389
3.4743551781985533,1.0,0.2911423315389996,0.5230754455748391
3.4795955329168016,1.0,0.29243590077408355,0.5218665878225152
3.48483588763505,1.0,0.29374890060713366,0.5206708602136177
3.490076242353298,1.0,0.29508129498152724,0.5194882955843272
3.4953165970715463,1.0,0.2964330473080429,0.5183189264093521
3.5005569517897945,1.0,0.2978041204658657,0.5171627848010372
3.5057973065080428,1.0,0.2991944768036062,0.5160199025084817
3.511037661226291,1.0,0.3006040781403351,0.5148903109166676
3.5162780159445393,1.0,0.302032885766631,0.5137740410455971
3.521518370662787,1.0,0.3034808604456435,0.5126711235494414
3.5267587253810353,1.0,0.3049479624141713,0.511581588715699
3.5319990800992835,1.0,0.3064341513837535,0.5105054664643636
3.537239434817532,1.0,0.3079393865417762,0.509442786347102
3.54247978953578,1.0,0.3094636265525933,0.5083935775464441
3.5477201442540283,1.0,0.31100682955866166,0.5073578688749797
3.5529604989722765,1.0,0.3125689531816904,0.5063356887745686
3.5582008536905247,1.0,0.3141499545238047,0.505327065315559
3.563441208408773,1.0,0.31574979016872395,0.5043320261960165
3.5686815631270212,1.0,0.3173684161829541,0.5033505987409639
3.573921917845269,1.0,0.31900578811699376,0.5023828099016305
3.5791622725635173,1.0,0.32066186100655525,0.501428686254712
3.5844026272817655,1.0,0.3223365893737993,0.5004882540016413
3.5896429820000137,1.0,0.32402992722858315,0.4995615389678677
3.594883336718262,1.0,0.32574182806972496,0.49864856660214885
3.6001236914365102,1.0,0.3274722448862796,0.4977493619758515
3.6053640461547585,1.0,0.32922113015883003,0.4968639497822631
3.6106044008730067,1.0,0.3309884358607923,0.49599235433591327
3.615844755591255,1.0,0.3327741134597344,0.49513459957190664
3.6210851103095028,1.0,0.3345781139187085,0.4942907090452653
3.626325465027751,1.0,0.3364003876975993,0.4934607059302818
3.6315658197459992,1.0,0.3382408847544818,0.49264461301988327
3.6368061744642475,1.0,0.34009955454699736,0.49184245272500493
3.6420465291824957,1.0,0.34197634603374194,0.49105424707397505
3.647286883900744,1.0,0.3438712076756659,0.49028001771190977
3.652527238618992,1.0,0.34578408743749134,0.4895197859001188
3.6577675933372404,1.0,0.34771493278913956,0.48877357251552145
3.6630079480554887,1.0,0.34966369070717485,0.48804139805007385
3.668248302773737,1.0,0.35163030767625925,0.4873232826102053
3.6734886574919847,1.0,0.35361472969062335,0.4866192459162668
3.678729012210233,1.0,0.3556169022555491,0.48592930730198935
3.683969366928481,1.0,0.3576367703888651,0.4852534857139532
3.6892097216467294,1.0,0.3596742786224585,0.4845917997110668
3.6944500763649777,1.0,0.3617293710037963,0.4839442674640583
3.699690431083226,1.0,0.3638019910974635,0.48331090675497546
3.704930785801474,1.0,0.3658920819867114,0.48269173497669815
3.7101711405197224,1.0,0.36799958627502183,0.4820867691324604
3.7154114952379707,1.0,0.3701244460876828,0.4814960258353832
3.720651849956219,1.0,0.37226660307337744,0.48091952130801885
3.7258922046744667,1.0,0.3744259984057873,0.48035727138190487
3.731132559392715,1.0,0.37660257278520715,0.4798092914971298
3.736372914110963,1.0,0.3787962664401734,0.4792755967019089
3.7416132688292114,1.0,0.38100701912910584,0.4787562016521707
3.7468536235474597,1.0,0.38323477014196183,0.47825112061115516
3.752093978265708,1.0,0.385479458301903,0.4777603674490213
3.757334332983956,1.0,0.38774102196697646,0.47728395564246673
3.7625746877022044,1.0,0.39001939903180594,0.4768218982743574
3.7678150424204526,1.0,0.3923145269292987,0.4763742080333685
3.7730553971387004,1.0,0.3946263426323626,0.47594089721363575
3.7782957518569487,1.0,0.3969547826556382,0.47552197771441784
3.783536106575197,1.0,0.3992997830572408,0.47511746103976993
3.788776461293445,1.0,0.40166127944051677,0.47472735829822743
3.7940168160116934,1.0,0.4040392069558125,0.47435168020250107
3.7992571707299416,1.0,0.4064335003022548,0.47399043706918287
3.80449752544819,1.0,0.40884409372954433,0.4736436388184624
3.809737880166438,1.0,0.4112709210397606,0.4733112949738548
3.8149782348846863,1.0,0.4137139155891809,0.4729934146619391
3.8202185896029346,1.0,0.41617301029010956,0.47269000661210747
3.8254589443211824,1.0,0.41864813761272035,0.4724010791563257
3.8306992990394306,1.0,0.42113922958691175,0.47212664022890416
3.835939653757679,1.0,0.42364621780417244,0.4718666973662802
3.841180008475927,1.0,0.42616903341946033,0.47162125770681096
3.8464203631941754,1.0,0.428707607153093,0.47139032799057745
3.8516607179124236,1.0,0.43126186929265076,0.47117391455919944
3.856901072630672,1.0,0.43383174969489013,0.47097202335566135
3.86214142734892,1.0,0.436417177787671,0.47078465992414875
3.8673817820671683,1.0,0.4390180825718937,0.4706118294098969
3.8726221367854166,1.0,0.4416343926234496,0.4704535365590483
3.8778624915036644,1.0,0.44426603609518156,0.47030978571852333
3.8831028462219126,1.0,0.44691294071885834,0.47018058083590053
3.888343200940161,1.0,0.44957503380715746,0.4700659254593079
3.893583555658409,1.0,0.45225224225566285,0.4699658227373261
3.8988239103766573,1.0,0.4549444925448711,0.4698802754189014
3.9040642650949056,1.0,0.4576517107422112,0.46980928585327064
3.909304619813154,1.0,0.46037382250407477,0.46975285598989613
3.914544974531402,1.0,0.4631107530778572,0.4697109873784129
3.9197853292496503,1.0,0.46586242730401095,0.4696836811685855
3.925025683967898,1.0,0.46862876961810884,0.4696709381102768
3.9302660386861463,1.0,0.4714097040529204,0.46967275855342694
3.9355063934043946,1.0,0.47420515424049636,0.4696891424480445
3.940746748122643,1.0,0.47701504341426726,0.46972008934420717
3.945987102840891,1.0,0.4798392944111506,0.4697655983920742
3.9512274575591393,1.0,0.48267782967367034,0.46982566834191
3.9564678122773875,1.0,0.48553057125208665,0.46990029754411866
3.9617081669956358,1.0,0.48839744080653635,0.4699894839492884
3.966948521713884,1.0,0.4912783596091843,0.4700932251082487
3.9721888764321323,1.0,0.4941732485463852,0.47021151817213713
3.97742923115038,1.0,0.4970820281208568,0.4703443598924778
3.9826695858686283,1.0,0.5000046184538622,0.47049174662127036
3.9879099405868765,1.0,0.502940939287404,0.4706536743110903
3.9931502953051248,1.0,0.5058909099864275,0.47083013851520006
3.998390650023373,1.0,0.5088544495410361,0.47102113438767135
4.003631004741621,1.0,0.5118314765687149,0.4712266566835176
4.008871359459869,1.0,0.5148219093165666,0.4714466997588388
4.014111714178117,1.0,0.5178256656635558,0.471681257570976
4.0193520688963655,1.0,0.5208426631227642,0.4719303236786775
4.024592423614614,1.0,0.523872818843656,0.4721938912422753
4.029832778332862,1.0,0.5269160496143532,0.47247195302387335
4.03507313305111,1.0,0.5299722718639205,0.47276450138754644
4.0403134877693585,1.0,0.5330414016646599,0.47307152829954946
4.045553842487607,1.0,0.5361233547344164,0.4733930253285379
4.050794197205855,1.0,0.5392180464388916,0.4737289836458002
4.056034551924103,1.0,0.5423253917939681,0.47407939402549926
4.0612749066423515,1.0,0.5454453054680439,0.4744442468449265
4.0665152613606,1.0,0.5485777017843747,0.4748235320847657
4.071755616078848,1.0,0.5517224947234274,0.4752172393293681
4.076995970797096,1.0,0.5548795979252419,0.47562535776703896
4.082236325515344,1.0,0.558048924691803,0.47604787619033395
4.087476680233593,1.0,0.5612303879894213,0.47648478299636676
4.092717034951841,1.0,0.5644239004511225,0.4769360661871287
4.097957389670089,1.0,0.5676293743790473,0.4774017133698166
4.1031977443883365,1.0,0.5708467217468595,0.47788171175717487
4.108438099106585,1.0,0.5740758542021642,0.4783760481678456
4.113678453824833,1.0,0.577316683068932,0.4788847090267305
4.118918808543081,1.0,0.5805691193499362,0.4794076803653643
4.1241591632613295,1.0,0.5838330737291951,0.4799449478222978
4.129399517979578,1.0,0.5871084565744265,0.4804964966434925
4.134639872697826,1.0,0.5903951779395074,0.4810623116827256
4.139880227416074,1.0,0.5936931475669454,0.4816423774020063
4.145120582134322,1.0,0.5970022748903563,0.4822366778720023
4.150360936852571,1.0,0.6003224690369519,0.4828451967724767
4.155601291570819,1.0,0.6036536388300349,0.4834679173927371
4.160841646289067,1.0,0.606995692791503,0.484104822632094
4.166082001007315,1.0,0.6103485391443612,0.48475589500033023
4.171322355725564,1.0,0.6137120858152416,0.48542111661818177
4.176562710443812,1.0,0.6170862404369324,0.4861004692178281
4.18180306516206,1.0,0.6204709103509141,0.4867939341433948
4.187043419880308,1.0,0.6238660026099038,0.48750149235146456
4.192283774598557,1.0,0.6272714239804081,0.4882231244116013
4.197524129316805,1.0,0.6306870809452836,0.4889588105068833
4.202764484035052,1.0,0.6341128797063035,0.48970853043444706
4.2080048387533004,1.0,0.6375487261867365,0.4904722636060429
4.213245193471549,1.0,0.6409945260339269,0.4912499890485996
4.218485548189797,1.0,0.6444501846218871,0.49204168540480075
4.223725902908045,1.0,0.6479156070538963,0.49284733093367095
4.228966257626293,1.0,0.6513906981651065,0.49366690351117304
4.234206612344542,1.0,0.6548753625251555,0.4945003806308158
4.23944696706279,1.0,0.6583695044407876,0.4953477394042717
4.244687321781038,1.0,0.6618730279584815,0.4962089565620055
4.249927676499286,1.0,0.6653858368670856,0.49708400845391365
4.255168031217535,1.0,0.6689078347004597,0.49797287104997323
4.260408385935783,1.0,0.6724389247401238,0.49887551994090196
4.265648740654031,1.0,0.6759790100179153,0.49979193033882874
4.270889095372279,1.0,0.6795279933186502,0.5007220770779742
4.276129450090528,1.0,0.6830857771827943,0.5016659346153418
4.281369804808776,1.0,0.6866522639091386,0.5026234770314194
4.286610159527024,1.0,0.6902273555574825,0.5035946780308906
4.291850514245272,1.0,0.6938109539513238,0.5045795109433575
4.2970908689635205,1.0,0.6974029606805539,0.5055779487240726
4.302331223681769,1.0,0.7010032771041612,0.5065899639546816
4.307571578400016,1.0,0.7046118043529386,0.5076155288439764
4.312811933118264,1.0,0.7082284433322013,0.5086546152286586
4.318052287836513,1.0,0.7118530947245045,0.5097071945741121
4.323292642554761,1.0,0.7154856589923729,0.5107732379751875
4.328532997273009,1.0,0.719126036381034,0.5118527161569952
4.333773351991257,1.0,0.722774126921157,0.5129455994757102
4.339013706709506,1.0,0.7264298304315979,0.5140518579193849
4.344254061427754,1.0,0.730093046522152,0.5151714611087748
4.349494416146002,1.0,0.7337636745963086,0.5163043782981711
4.35473477086425,1.0,0.7374416138540155,0.5174505783762465
4.359975125582499,1.0,0.7411267632944456,0.5186100298669087
4.365215480300747,1.0,0.7448190217187716,0.5197827009301651
4.370455835018995,1.0,0.7485182877329443,0.5209685593629966
4.375696189737243,1.0,0.7522244597504772,0.5221675726002428
4.3809365444554915,1.0,0.7559374359952369,0.5233797077154959
4.38617689917374,1.0,0.7596571145042365,0.5246049314220047
4.391417253891988,1.0,0.763383393130437,0.5258432100735887
4.396657608610236,1.0,0.7671161695455522,0.5270945096655627
4.4018979633284845,1.0,0.7708553412428577,0.5283587958356697
4.407138318046732,1.0,0.7746008055400067,0.5296360338650249
4.41237867276498,1.0,0.7783524595818512,0.5309261886790699
4.417619027483228,1.0,0.7821102003432632,0.5322292248485346
4.422859382201477,1.0,0.7858739246319666,0.5335451065904107
4.428099736919725,1.0,0.7896435290913699,0.5348737977689345
4.433340091637973,1.0,0.7934189102034048,0.5362152618965792
4.438580446356221,1.0,0.7971999642913689,0.5375694621350564
4.4438208010744695,1.0,0.8009865875227726,0.5389363612963287
4.449061155792718,1.0,0.8047786759121911,0.54031592184363
4.454301510510966,1.0,0.808576125324119,0.5417081058924966
4.459541865229214,1.0,0.8123788314758306,0.5431128752118077
4.4647822199474625,1.0,0.8161866899402437,0.5445301912248351
4.470022574665711,1.0,0.8199995961487869,0.5459600150103031
4.475262929383959,1.0,0.8238174453942719,0.5474023073034562
4.480503284102207,1.0,0.8276401328337677,0.5488570284971382
4.4857436388204555,1.0,0.8314675534914808,0.5503241386428803
4.490983993538704,1.0,0.8352996022616378,0.5518035974519966
4.496224348256952,1.0,0.839136173911371,0.5532953642966922
4.5014647029752,1.0,0.8429771630836093,0.5547993982111777
4.5067050576934475,1.0,0.8468224642999698,0.5563156578927944
4.511945412411696,1.0,0.8506719719636576,0.5578441017031494
4.517185767129944,1.0,0.8545255803623616,0.5593846876692576
4.522426121848192,1.0,0.85838318367116,0.5609373734846955
4.5276664765664405,1.0,0.8622446759554253,0.5625021165107623
4.532906831284689,1.0,0.8661099511737347,0.5640788737776512
4.538147186002937,1.0,0.8699789031807806,0.5656676019856293
4.543387540721185,1.0,0.8738514257302865,0.5672682575062264
4.5486278954394335,1.0,0.8777274124779242,0.5688807963834337
4.553868250157682,1.0,0.8816067569842343,0.5705051743349103
4.55910860487593,1.0,0.885489352717549,0.5721413467531995
4.564348959594178,1.0,0.8893750930569181,0.5737892687069537
4.569589314312426,1.0,0.893263871295036,0.5754488949421683
4.574829669030675,1.0,0.8971555806411733,0.5771201798834247
4.580070023748923,1.0,0.901050114224108,0.5788030776351412
4.585310378467171,1.0,0.9049473650950615,0.580497541982834
4.590550733185419,1.0,0.9088472262306347,0.582203526394386
4.595791087903668,1.0,0.9127495905357479,0.5839209840213249
4.601031442621916,1.0,0.9166543508465804,0.585649867700109
4.606271797340164,1.0,0.920561399933515,0.5873901299534234
4.6115121520584115,1.0,0.9244706305040808,0.5891417229914828
4.61675250677666,1.0,0.9283819352059025,0.5909045987133452
4.621992861494908,1.0,0.9322952066296447,0.5926787087082308
4.627233216213156,1.0,0.936210337311964,0.5944640042568534
4.632473570931404,1.0,0.9401272197384596,0.5962604363327572
4.637713925649653,1.0,0.9440457463466253,0.598067955603663
4.642954280367901,1.0,0.9479658095288037,0.5998865124328241
4.648194635086149,1.0,0.9518873016351413,0.6017160568803879
4.653434989804397,1.0,0.9558101149765444,0.6035565387047683
4.658675344522646,1.0,0.9597341418276367,0.6054079073640253
4.663915699240894,1.0,0.9636592744297171,0.6072701120172522
4.669156053959142,1.0,0.9675854049937195,0.609143101525973
4.67439640867739,1.0,0.9715124257031722,0.6110268244555455
4.679636763395639,1.0,0.9754402287171593,0.6129212290765745
4.684877118113887,1.0,0.9793687061732818,0.6148262633663324
4.690117472832135,1.0,0.9832977501906194,0.616741875010187
4.695357827550383,1.0,0.9872272528726935,0.618668011403039
4.700598182268632,1.0,0.9911571063104302,0.6206046196507664
4.70583853698688,1.0,0.9950872025851231,0.6225516465716767
4.711078891705127,1.0,0.9990174337713964,0.6245090386979675
4.716319246423375,1.0,1.0029476919401719,0.6264767422771955
4.721559601141624,1.0,1.0068778691616282,0.6284547032737513
4.726799955859872,1.0,1.0108078575081676,0.6304428673703439
4.73204031057812,1.0,1.0147375490573787,0.6324411799694927
4.737280665296368,1.0,1.018666835895001,0.6344495861950266
4.742521020014617,1.0,1.022595610117888,0.6364680308935903
4.747761374732865,1.0,1.0265237638369695,0.6384964586361599
4.753001729451113,1.0,1.0304511891802162,0.6405348137195646
4.758242084169361,1.0,1.0343777782955998,0.6425830401680162
4.76348243888761,1.0,1.0383034233540567,0.6446410817346462
4.768722793605858,1.0,1.0422280165524478,0.6467088819030511
4.773963148324106,1.0,1.0461514501165197,0.6487863838888437
4.779203503042354,1.0,1.0500736163038638,0.6508735306412129
4.7844438577606025,1.0,1.0539944074068752,0.6529702648444898
4.789684212478851,1.0,1.057913715755711,0.6550765289197227
4.794924567197099,1.0,1.0618314337212462,0.6571922650262569
4.800164921915347,1.0,1.0657474537180296,0.6593174150633246
4.8054052766335955,1.0,1.0696616682072384,0.6614519206716392
4.810645631351843,1.0,1.0735739696996314,0.6635957232349978
4.815885986070091,1.0,1.0774842507585014,0.6657487638818933
4.821126340788339,1.0,1.081392404002624,0.6679109834871273
4.826366695506588,1.0,1.085298322109207,0.6700823226734367
4.831607050224836,1.0,1.0892018978168387,0.672262721813123
4.836847404943084,1.0,1.0931030239284323,0.6744521210296898
4.842087759661332,1.0,1.0970015933141695,0.6766504601994877
4.8473281143795806,1.0,1.1008974989144433,0.6788576789533647
4.852568469097829,1.0,1.1047906337427982,0.6810737166783243
4.857808823816077,1.0,1.1086808908888666,0.6832985125191903
4.863049178534325,1.0,1.112568163521306,0.6855320053802771
4.8682895332525735,1.0,1.1164523448907324,0.6877741339270684
4.873529887970822,1.0,1.1203333283326522,0.690024836587901
4.87877024268907,1.0,1.12421100727039,0.6922840515556561
4.884010597407318,1.0,1.128085275218017,0.6945517167894555
4.8892509521255665,1.0,1.1319560257832741,0.6968277700163669
4.894491306843815,1.0,1.135823152670494,0.6991121487331128
4.899731661562063,1.0,1.1396865496835205,0.7014047902077873
4.904972016280311,1.0,1.1435461107286238,0.7037056314815789
4.9102123709985595,1.0,1.1474017298174148,0.7060146093704993
4.915452725716807,1.0,1.1512533010697552,0.7083316604671182
4.920693080435055,1.0,1.1551007187166669,0.7106567211423058
4.925933435153303,1.0,1.158943877103233,0.7129897275469785
4.9311737898715515,1.0,1.1627826706915025,0.7153306156138529
4.9364141445898,1.0,1.1666169940633866,0.7176793210592056
4.941654499308048,1.0,1.1704467419235545,0.7200357793846381
4.946894854026296,1.0,1.1742718091023243,0.7223999258788483
4.9521352087445445,1.0,1.1780920905585526,0.7247716956194066
4.957375563462793,1.0,1.1819074813825166,0.7271510234745402
4.962615918181041,1.0,1.185717876798797,0.729537844104921
4.967856272899289,1.0,1.189523172169155,0.7319320919654594
4.9730966276175375,1.0,1.193323262995405,0.7343337013071052
4.978336982335786,1.0,1.1971180449222847,0.7367426061786524
4.983577337054034,1.0,1.2009074137403208,0.7391587404285507
4.988817691772282,1.0,1.2046912653886914,0.7415820377067222
4.99405804649053,1.0,1.2084694959580822,0.7440124314663827
4.999298401208779,1.0,1.2122420016935411,0.7464498549658705
5.004538755927027,1.0,1.2160086789973272,0.7488942412704775
5.009779110645275,1.0,1.2197694244317556,0.7513455232542893
5.0150194653635225,1.0,1.2235241347220374,0.7538036336020261
5.020259820081771,1.0,1.2272727067591178,0.7562685048108944
5.025500174800019,1.0,1.231015037602505,0.7587400691924376
5.030740529518267,1.0,1.2347510244830984,0.7612182588743969
5.0359808842365155,1.0,1.2384805648060102,0.7637030058025739
5.041221238954764,1.0,1.242203556153384,0.7661942417427003
5.046461593673012,1.0,1.245919896287206,0.7686918982823115
5.05170194839126,1.0,1.2496294831521129,0.7711959068326251
5.056942303109508,1.0,1.253332214878195,0.7737061986304241
5.062182657827757,1.0,1.257027989783793,0.7762227047399463
5.067423012546005,1.0,1.260716706378291,0.7787453560547762
5.072663367264253,1.0,1.264398263364903,0.7812740832997436
5.077903721982501,1.0,1.2680725596434546,0.7838088170328255
5.08314407670075,1.0,1.27173949431316,0.7863494876470531
5.088384431418998,1.0,1.2753989666753918,0.7888960253724235
5.093624786137246,1.0,1.2790508762364476,0.7914483602778155
5.098865140855494,1.0,1.2826951227103087,0.7940064222729103
5.104105495573743,1.0,1.2863316060213943,0.7965701411101156
5.109345850291991,1.0,1.2899602263073098,0.7991394463864954
5.114586205010238,1.0,1.2935808839215885,0.8017142675457027
5.119826559728486,1.0,1.2971934794364308,0.8042945338799186
5.125066914446735,1.0,1.3007979136454306,0.8068801745317915
5.130307269164983,1.0,1.3043940875663014,0.809471118496385
5.135547623883231,1.0,1.3079819024435955,0.8120672946231268
5.140787978601479,1.0,1.3115612597514146,0.8146686316177628
5.146028333319728,1.0,1.3151320611961157,0.8172750580443154
5.151268688037976,1.0,1.318694208719011,0.8198865023270445
5.156509042756224,1.0,1.3222476044990596,0.8225028927524134
5.161749397474472,1.0,1.3257921509555555,0.8251241574710582
5.166989752192721,1.0,1.3293277507508048,0.8277502244997605
5.172230106910969,1.0,1.3328543067928016,0.8303810217234251
5.177470461629217,1.0,1.3363717222378915,0.8330164768970592
5.182710816347465,1.0,1.3398799004934332,0.8356565176477566
5.187951171065714,1.0,1.3433787452204502,0.8383010714766861
5.193191525783962,1.0,1.346868160336276,0.8409500657610813
5.19843188050221,1.0,1.3503480500171932,0.8436034277562353
5.203672235220458,1.0,1.3538183187010648,0.8462610845974985
5.2089125899387065,1.0,1.3572788710899588,0.8489229633022795
5.214152944656955,1.0,1.3607296121527643,0.8515889907720489
5.219393299375202,1.0,1.3641704471278013,0.854259093794347
5.22463365409345,1.0,1.3676012815254255,0.8569331990447953
5.229874008811699,1.0,1.371022021130619,0.8596112330891079
5.235114363529947,1.0,1.3744325720055797,0.8622931223851099
5.240354718248195,1.0,1.3778328404923017,0.8649787932847561
5.245595072966443,1.0,1.3812227332151457,0.8676681720361538
5.250835427684692,1.0,1.3846021570834042,0.8703611847855879
5.25607578240294,1.0,1.3879710192938577,0.8730577575795495
5.261316137121188,1.0,1.3913292273333226,0.8757578163667662
5.266556491839436,1.0,1.3946766889811926,0.8784612870002357
5.2717968465576845,1.0,1.3980133123119707,0.8811680952392624
5.277037201275933,1.0,1.401339005697794,0.8838781667514958
5.282277555994181,1.0,1.4046536778109484,0.8865914271149716
5.287517910712429,1.0,1.4079572376263796,0.8893078018201559
5.2927582654306775,1.0,1.4112495944241896,0.8920272162719911
5.297998620148926,1.0,1.4145306577921297,0.894749595791944
5.303238974867174,1.0,1.417800337628083,0.8974748656200573
5.308479329585422,1.0,1.4210585441425385,0.9002029509170019
5.3137196843036705,1.0,1.4243051878610573,0.9029337767661326
5.318960039021918,1.0,1.4275401796267289,0.9056672681755448
5.324200393740166,1.0,1.430763430602621,0.9084033500801353
5.329440748458414,1.0,1.4339748522742173,0.9111419473436617
5.3346811031766626,1.0,1.437174356451849,0.9138829847608068
5.339921457894911,1.0,1.4403618552731172,0.9166263870592439
5.345161812613159,1.0,1.4435372612053046,0.9193720789017038
5.350402167331407,1.0,1.4467004870477798,0.9221199848880433
5.3556425220496555,1.0,1.4498514459343925,0.924870029557316
5.360882876767904,1.0,1.452990051335858,0.9276221373898448
5.366123231486152,1.0,1.4561162170621338,0.9303762328092957
5.3713635862044,1.0,1.4592298572647868,0.9331322401847525
5.3766039409226485,1.0,1.46233088643935,0.9358900838327948
5.381844295640897,1.0,1.4654192194276712,0.9386496880195757
5.387084650359145,1.0,1.4684947714202519,0.9414109769629015
5.392325005077393,1.0,1.4715574579585753,0.9441738748343135
5.3975653597956414,1.0,1.474607194937426,0.9469383057611691
5.40280571451389,1.0,1.4776438986072,0.9497041938287265
5.408046069232138,1.0,1.4806674855762045,0.9524714630822291
5.413286423950386,1.0,1.4836778728129474,0.9552400375289909
5.4185267786686335,1.0,1.4866749776484174,0.9580098411404834
5.423767133386882,1.0,1.4896587177783562,0.9607807978544248
5.42900748810513,1.0,1.4926290112655158,0.9635528315768667
5.434247842823378,1.0,1.4955857765419098,0.9663258661842847
5.4394881975416265,1.0,1.4985289324110538,0.9690998255256693
5.444728552259875,1.0,1.501458398050195,0.9718746334246164
5.449968906978123,1.0,1.504374093012531,0.9746502136814194
5.455209261696371,1.0,1.50727593722942,0.9774264900751617
5.4604496164146195,1.0,1.5101638510125786,0.9802033863658102
5.465689971132868,1.0,1.5130377550562706,0.9829808262963085
5.470930325851116,1.0,1.5158975704394853,0.9857587335946711
5.476170680569364,1.0,1.5187432186281038,0.9885370319760783
5.481411035287612,1.0,1.5215746214770565,0.9913156451449703
5.486651390005861,1.0,1.5243917012324681,0.9940944967971431
5.491891744724109,1.0,1.5271943805337944,0.9968735106218436
5.497132099442357,1.0,1.5299825824159448,0.9996526103038654
5.502372454160605,1.0,1.5327562303113975,1.0024317195256442
5.507612808878854,1.0,1.5355152480523007,1.0052107619693536
5.512853163597102,1.0,1.5382595598725657,1.0079896613190011
5.518093518315349,1.0,1.540989090409946,1.0107683412625237
5.5233338730335975,1.0,1.543703764708109,1.0135467254938841
5.528574227751846,1.0,1.5464035082186922,1.0163247377151652
5.533814582470094,1.0,1.5490882468033513,1.0191023016386653
5.539054937188342,1.0,1.5517579067357956,1.0218793409889944
5.54429529190659,1.0,1.5544124147038143,1.024655779505167
5.549535646624839,1.0,1.5570516978112874,1.0274315409426982
5.554776001343087,1.0,1.5596756835801897,1.030206549075696
5.560016356061335,1.0,1.5622842999525792,1.032980727698955
5.565256710779583,1.0,1.5648774752925774,1.0357540006300496
5.570497065497832,1.0,1.5674551383883355,1.0385262917114255
5.57573742021608,1.0,1.570017218453991,1.0412975248124907
5.580977774934328,1.0,1.57256364513161,1.0440676238317073
5.586218129652576,1.0,1.5750943484931215,1.0468365126986807
5.591458484370825,1.0,1.5776092590422355,1.049604115376248
5.596698839089073,1.0,1.5801083077163527,1.0523703558625674
5.601939193807321,1.0,1.5825914258884612,1.0551351581932042
5.607179548525569,1.0,1.58505854536902,1.0578984464432175
5.612419903243818,1.0,1.587509598407833,1.0606601447292445
5.617660257962066,1.0,1.589944517695908,1.063420177211585
5.622900612680313,1.0,1.5923632363673057,1.0661784680962838
5.628140967398561,1.0,1.594765688000978,1.068934941637213
5.63338132211681,1.0,1.5971518066225874,1.0716895221381502
5.638621676835058,1.0,1.5995215267063232,1.0744421339548584
5.643862031553306,1.0,1.6018747831766982,1.0771927014971636
5.649102386271554,1.0,1.604211511410337,1.0799411492310296
5.654342740989803,1.0,1.6065316472377509,1.0826874016806334
5.659583095708051,1.0,1.608835126945098,1.0854313834304365
5.664823450426299,1.0,1.6111218872759363,1.0881730191272574
5.670063805144547,1.0,1.6133918654329573,1.0909122334823398
5.675304159862796,1.0,1.6156449990797124,1.0936489512734204
5.680544514581044,1.0,1.617881226342325,1.0963830973467952
5.685784869299292,1.0,1.6201004858111885,1.099114596619382
5.69102522401754,1.0,1.6223027165426531,1.1018433740807836
5.6962655787357885,1.0,1.6244878580607,1.1045693547953472
5.701505933454037,1.0,1.6266558503586013,1.1072924639042216
5.706746288172285,1.0,1.628806633900568,1.1100126266274144
5.711986642890533,1.0,1.630940149623386,1.112729768265844
5.7172269976087815,1.0,1.6330563389380357,1.1154438142033913
5.722467352327029,1.0,1.6351551437313037,1.1181546899089496
5.727707707045277,1.0,1.637236506367377,1.1208623209384714
5.732948061763525,1.0,1.6393003696894264,1.1235666329370106
5.738188416481774,1.0,1.6413466770211749,1.1262675516407665
5.743428771200022,1.0,1.6433753721684559,1.128965002879123
5.74866912591827,1.0,1.645386399420755,1.131658912576684
5.753909480636518,1.0,1.6473797035527409,1.1343492067553096
5.7591498353547665,1.0,1.6493552298257805,1.1370358115361456
5.764390190073015,1.0,1.6513129239894444,1.1397186531416539
5.769630544791263,1.0,1.6532527322829935,1.142397657897638
5.774870899509511,1.0,1.6551746014368591,1.1450727522352655
5.7801112542277595,1.0,1.6570784786741022,1.1477438626930898
5.785351608946008,1.0,1.6589643117118653,1.1504109159190659
5.790591963664256,1.0,1.6608320487628068,1.1530738386725656
5.795832318382504,1.0,1.6626816385365237,1.1557325578263895
5.8010726731007525,1.0,1.6645130302409603,1.1583870003687728
5.806313027819001,1.0,1.6663261735838024,1.1610370934053935
5.811553382537249,1.0,1.6681210187738589,1.1636827641613712
5.816793737255497,1.0,1.6698975165224286,1.1663239399832674
5.8220340919737446,1.0,1.6716556180446542,1.1689605483410797
5.827274446691993,1.0,1.6733952750608627,1.1715925168302352
5.832514801410241,1.0,1.6751164397978888,1.1742197731735764
5.837755156128489,1.0,1.6768190649903898,1.1768422452233476
5.8429955108467375,1.0,1.6785031038821412,1.1794598609631757
5.848235865564986,1.0,1.6801685102273223,1.1820725485100483
5.853476220283234,1.0,1.681815238291785,1.184680236116287
5.858716575001482,1.0,1.6834432428543105,1.187282852171518
5.8639569297197305,1.0,1.685052479207851,1.1898803252046393
5.869197284437979,1.0,1.6866429031607568,1.192472583885782
5.874437639156227,1.0,1.6882144710379907,1.19505955702827
5.879677993874475,1.0,1.689767139682327,1.1976411735905752
5.8849183485927234,1.0,1.6913008664555367,1.2002173626782673
5.890158703310972,1.0,1.6928156092395574,1.2027880535459616
5.89539905802922,1.0,1.6943113264376528,1.2053531755992615
5.900639412747468,1.0,1.695787976975551,1.2079126583966968
5.905879767465716,1.0,1.6972455203025758,1.2104664316516582
5.911120122183965,1.0,1.6986839163927587,1.2130144252343282
5.916360476902213,1.0,1.700103125745938,1.2155565691736059
5.921600831620461,1.0,1.7015031093888446,1.2180927936590287
5.9268411863387085,1.0,1.7028838288761703,1.2206230290426898
5.932081541056957,1.0,1.7042452462916264,1.2231472058411514
5.937321895775205,1.0,1.7055873242489819,1.2256652547373514
5.942562250493453,1.0,1.7069100258930925,1.2281771065825076
5.9478026052117015,1.0,1.708213314900911,1.2306826923980165
5.95304295992995,1.0,1.7094971554824865,1.2331819433773477
5.958283314648198,1.0,1.7107615123819453,1.2356747908879333
5.963523669366446,1.0,1.7120063508784606,1.2381611664730532
5.968764024084694,1.0,1.7132316367872056,1.240641001853714
5.974004378802943,1.0,1.7144373364602918,1.2431142289305244
5.979244733521191,1.0,1.715623416787693,1.2455807797855658
5.984485088239439,1.0,1.7167898451981554,1.248040586684257
5.989725442957687,1.0,1.7179365896600913,1.2504935820772138
5.994965797675936,1.0,1.7190636186824593,1.2529396986021053
6.000206152394184,1.0,1.7201709013156274,1.2553788690855021
6.005446507112432,1.0,1.7212584071522263,1.2578110265447227
6.01068686183068,1.0,1.7223261063279802,1.260236104189671
6.015927216548929,1.0,1.7233739695225307,1.2626540354246725
6.021167571267177,1.0,1.7244019679602394,1.2650647538503013
6.026407925985424,1.0,1.7254100734109792,1.2674681932652045
6.031648280703672,1.0,1.72639825819091,1.269864287667921
6.036888635421921,1.0,1.7273664951632377,1.2722529712586912
6.042128990140169,1.0,1.7283147577389602,1.274634178441267
6.047369344858417,1.0,1.7292430198775968,1.277007843824711
6.052609699576665,1.0,1.7301512560879049,1.2793739022251938
6.057850054294914,1.0,1.7310394414285786,1.2817322886677829
6.063090409013162,1.0,1.7319075515089342,1.2840829383882273
6.06833076373141,1.0,1.732755562489579,1.2864257868347364
6.073571118449658,1.0,1.733583451083068,1.288760769669752
6.078811473167907,1.0,1.7343911945545414,1.291087822771716
6.084051827886155,1.0,1.7351787707223503,1.29340688223683
6.089292182604403,1.0,1.7359461579586646,1.295717884380812
6.094532537322651,1.0,1.736693335190068,1.2980207657406424
6.0997728920409,1.0,1.7374202818981361,1.3003154630763103
6.105013246759148,1.0,1.7381269781200008,1.3026019133725475
6.110253601477396,1.0,1.7388134044488963,1.30488005384056
6.115493956195644,1.0,1.7394795420346947,1.3071498219197522
6.1207343109138925,1.0,1.7401253725844221,1.3094111552794443
6.12597466563214,1.0,1.740750878362761,1.3116639918205848
6.131215020350388,1.0,1.7413560421925385,1.3139082696774562
6.136455375068636,1.0,1.7419408474551958,1.3161439272193725
6.141695729786885,1.0,1.7425052780912471,1.3183709030523723
6.146936084505133,1.0,1.7430493186007188,1.3205891360209048
6.152176439223381,1.0,1.7435729540435758,1.3227985652095096
6.157416793941629,1.0,1.744076170040132,1.3249991299444888
6.162657148659878,1.0,1.7445589527714445,1.3271907697955736
6.167897503378126,1.0,1.7450212889796939,1.3293734245775841
6.173137858096374,1.0,1.7454631659685476,1.3315470343520812
6.178378212814622,1.0,1.7458845716035092,1.333711539429013
6.1836185675328705,1.0,1.7462854943122514,1.3358668803683544
6.188858922251119,1.0,1.7466659230849333,1.338012997981739
6.194099276969367,1.0,1.7470258474745035,1.3401498333340842
6.199339631687615,1.0,1.7473652575969867,1.3422773277452098
6.2045799864058635,1.0,1.7476841441317554,1.34439542279145
6.209820341124112,1.0,1.7479824983217847,1.3465040603072576
6.21506069584236,1.0,1.7482603119738942,1.3486031823868
6.220301050560608,1.0,1.748517577458973,1.3506927313855515
6.2255414052788565,1.0,1.7487542877121873,1.3527726499218746
6.230781759997104,1.0,1.7489704362331773,1.3548428808785964
6.236022114715352,1.0,1.749166017086233,1.3569033674045778
6.2412624694336,1.0,1.7493410249004588,1.358954052916273
6.2465028241518485,1.0,1.7494954548699206,1.360994881099285
6.251743178870097,1.0,1.7496293027537777,1.3630257959099108
6.256983533588345,1.0,1.7497425648763991,1.365046741576682
6.262223888306593,1.0,1.7498352381274649,1.3670576626018947
6.2674642430248415,1.0,1.7499073199620514,1.369058503763134
6.27270459774309,1.0,1.749958808400701,1.3710492101147915
6.277944952461338,1.0,1.7499897020294766,1.373029726989573
6.283185307179586,1.0,1.75,1.375
0.0,4.0,1.75,4.176470588235294
0.005240354718248195,4.0,1.7499897020294766,4.180167222171952
0.01048070943649639,4.0,1.749958808400701,4.183858908490628
0.015721064154744585,4.0,1.7499073199620514,4.187545545812984
0.02096141887299278,4.0,1.7498352381274649,4.1912270328993335
0.026201773591240977,4.0,1.7497425648763991,4.19490326865142
0.03144212830948917,4.0,1.7496293027537777,4.1985741521152
0.03668248302773737,4.0,1.7494954548699206,4.202239582483605
0.04192283774598556,4.0,1.7493410249004588,4.20589945909932
0.047163192464233755,4.0,1.749166017086233,4.209553681457539
0.052403547182481955,4.0,1.7489704362331773,4.213202149208732
0.05764390190073015,4.0,1.7487542877121873,4.216844762161398
0.06288425661897834,4.0,1.748517577458973,4.220481420284812
0.06812461133722654,4.0,1.7482603119738942,4.224112023711781
0.07336496605547474,4.0,1.7479824983217847,4.2277364727413795
0.07860532077372293,4.0,1.7476841441317554,4.231354667841688
0.08384567549197113,4.0,1.7473652575969867,4.234966509652531
0.08908603021021932,4.0,1.7470258474745035,4.238571898988199
0.09432638492846751,4.0,1.7466659230849333,4.242170736840177
0.09956673964671571,4.0,1.7462854943122514,4.245762924379863
0.10480709436496391,4.0,1.7458845716035092,4.24934836296128
0.1100474490832121,4.0,1.7454631659685476,4.252926954123785
0.1152878038014603,4.0,1.7450212889796939,4.256498599594775
0.1205281585197085,4.0,1.7445589527714445,4.260063201292384
0.12576851323795668,4.0,1.744076170040132,4.263620661328176
0.1310088679562049,4.0,1.7435729540435758,4.267170882009836
0.13624922267445308,4.0,1.7430493186007188,4.2707137658438485
0.14148957739270127,4.0,1.7425052780912473,4.274249215538178
0.14672993211094948,4.0,1.7419408474551958,4.277777134004941
0.15197028682919766,4.0,1.7413560421925385,4.281297424363068
0.15721064154744585,4.0,1.740750878362761,4.28480998994097
0.16245099626569406,4.0,1.7401253725844221,4.28831473427919
0.16769135098394225,4.0,1.7394795420346947,4.2918115611330485
0.17293170570219044,4.0,1.7388134044488963,4.2953003744752944
0.17817206042043865,4.0,1.7381269781200008,4.298781078498735
0.18341241513868684,4.0,1.7374202818981361,4.30225357761887
0.18865276985693502,4.0,1.736693335190068,4.305717776476518
0.19389312457518323,4.0,1.7359461579586646,4.30917357994043
0.19913347929343142,4.0,1.7351787707223503,4.312620893109908
0.2043738340116796,4.0,1.7343911945545416,4.3160596213174065
0.20961418872992782,4.0,1.733583451083068,4.3194896701311345
0.214854543448176,4.0,1.732755562489579,4.3229109453576475
0.2200948981664242,4.0,1.7319075515089342,4.326323353044435
0.2253352528846724,4.0,1.7310394414285788,4.329726799482501
0.2305756076029206,4.0,1.730151256087905,4.333121191208934
0.23581596232116878,4.0,1.7292430198775968,4.336506435009481
0.241056317039417,4.0,1.7283147577389602,4.339882437921097
0.24629667175766518,4.0,1.727366495163238,4.343249107234508
0.25153702647591336,4.0,1.7263982581909103,4.3466063504967485
0.25677738119416155,4.0,1.7254100734109796,4.349954075513708
0.2620177359124098,4.0,1.7244019679602394,4.353292190352656
0.267258090630658,4.0,1.7233739695225307,4.35662060334477
0.27249844534890616,4.0,1.7223261063279802,4.359939223087655
0.27773880006715435,4.0,1.7212584071522263,4.363247958447847
0.28297915478540253,4.0,1.7201709013156274,4.366546718563322
0.2882195095036507,4.0,1.7190636186824593,4.369835412845989
0.29345986422189896,4.0,1.7179365896600913,4.373113950984176
0.29870021894014714,4.0,1.7167898451981554,4.376382242945111
0.30394057365839533,4.0,1.7156234167876931,4.3796401989773965
0.3091809283766435,4.0,1.7144373364602918,4.382887729613474
0.3144212830948917,4.0,1.7132316367872058,4.386124745672074
0.3196616378131399,4.0,1.7120063508784609,4.389351158260677
0.32490199253138813,4.0,1.7107615123819455,4.392566878777943
0.3301423472496363,4.0,1.7094971554824867,4.3957718189161525
0.3353827019678845,4.0,1.7082133149009113,4.398965890663629
0.3406230566861327,4.0,1.7069100258930927,4.402149006307153
0.34586341140438087,4.0,1.7055873242489823,4.405321078434375
0.3511037661226291,4.0,1.7042452462916267,4.408482019936216
0.3563441208408773,4.0,1.7028838288761707,4.411631744009255
0.3615844755591255,4.0,1.7015031093888446,4.414770164158116
0.36682483027737367,4.0,1.700103125745938,4.417897194197845
0.37206518499562186,4.0,1.6986839163927587,4.421012748256275
0.37730553971387004,4.0,1.6972455203025758,4.4241167407763795
0.3825458944321183,4.0,1.695787976975551,4.427209086518631
0.38778624915036647,4.0,1.6943113264376528,4.430289700563335
0.39302660386861465,4.0,1.6928156092395577,4.4333584983129635
0.39826695858686284,4.0,1.6913008664555367,4.436415395494481
0.403507313305111,4.0,1.6897671396823273,4.439460308161655
0.4087476680233592,4.0,1.688214471037991,4.442493152697363
0.41398802274160745,4.0,1.6866429031607568,4.445513845815889
0.41922837745985564,4.0,1.685052479207851,4.448522304565209
0.4244687321781038,4.0,1.6834432428543107,4.451518446329272
0.429709086896352,4.0,1.6818152382917853,4.454502188830266
0.4349494416146002,4.0,1.6801685102273225,4.457473450130876
0.4401897963328484,4.0,1.6785031038821414,4.460432148636541
0.4454301510510966,4.0,1.67681906499039,4.463378203097686
0.4506705057693448,4.0,1.675116439797889,4.46631153261196
0.455910860487593,4.0,1.6733952750608627,4.469232056626454
0.4611512152058412,4.0,1.6716556180446545,4.472139694939913
0.46639156992408937,4.0,1.6698975165224286,4.475034367704942
0.47163192464233755,4.0,1.6681210187738589,4.477915995430194
0.4768722793605858,4.0,1.6663261735838024,4.4807844989825565
0.482112634078834,4.0,1.6645130302409603,4.483639799589322
0.48735298879708217,4.0,1.6626816385365237,4.486481818840354
0.49259334351533035,4.0,1.6608320487628068,4.489310478690237
0.49783369823357854,4.0,1.6589643117118653,4.492125701460424
0.5030740529518267,4.0,1.6570784786741024,4.494927409841363
0.508314407670075,4.0,1.6551746014368591,4.497715526894628
0.5135547623883231,4.0,1.6532527322829937,4.500489976055027
0.5187951171065713,4.0,1.6513129239894444,4.5032506811327035
0.5240354718248196,4.0,1.6493552298257808,4.505997566315232
0.5292758265430677,4.0,1.6473797035527409,4.5087305561697
0.534516181261316,4.0,1.6453863994207552,4.511449575644777
0.5397565359795641,4.0,1.643375372168456,4.514154550072775
0.5449968906978123,4.0,1.641346677021175,4.516845405171703
0.5502372454160606,4.0,1.6393003696894266,4.519522067047305
0.5554776001343087,4.0,1.6372365063673775,4.522184462195085
0.5607179548525569,4.0,1.6351551437313039,4.524832517502334
0.5659583095708051,4.0,1.6330563389380357,4.527466160250129
0.5711986642890533,4.0,1.630940149623386,4.530085318115336
0.5764390190073014,4.0,1.628806633900568,4.5326899191725945
0.5816793737255497,4.0,1.6266558503586013,4.53527989189629
0.5869197284437979,4.0,1.6244878580607,4.537855165162523
0.592160083162046,4.0,1.6223027165426531,4.5404156682510575
0.5974004378802943,4.0,1.6201004858111885,4.542961330847267
0.6026407925985424,4.0,1.617881226342325,4.545492083044062
0.6078811473167907,4.0,1.6156449990797124,4.548007855343811
0.6131215020350389,4.0,1.6133918654329573,4.550508578660251
0.618361856753287,4.0,1.6111218872759365,4.552994184320381
0.6236022114715353,4.0,1.6088351269450984,4.555464604066352
0.6288425661897834,4.0,1.6065316472377509,4.557919770057338
0.6340829209080316,4.0,1.6042115114103372,4.560359614871399
0.6393232756262798,4.0,1.6018747831766984,4.562784071507337
0.644563630344528,4.0,1.5995215267063232,4.565193073386529
0.6498039850627763,4.0,1.5971518066225876,4.567586554354761
0.6550443397810244,4.0,1.5947656880009782,4.569964448684043
0.6602846944992726,4.0,1.5923632363673061,4.572326691074413
0.6655250492175208,4.0,1.589944517695908,4.574673216655731
0.670765403935769,4.0,1.587509598407833,4.577003960989461
0.6760057586540172,4.0,1.5850585453690198,4.579318860070438
0.6812461133722654,4.0,1.5825914258884612,4.5816178503286284
0.6864864680905136,4.0,1.5801083077163527,4.5839008686308755
0.6917268228087617,4.0,1.5776092590422355,4.5861678522826335
0.69696717752701,4.0,1.5750943484931215,4.588418739029685
0.7022075322452582,4.0,1.57256364513161,4.590653467059857
0.7074478869635064,4.0,1.570017218453991,4.592871975004712
0.7126882416817546,4.0,1.5674551383883355,4.595074201941241
0.7179285964000027,4.0,1.5648774752925774,4.5972600873935265
0.723168951118251,4.0,1.5622842999525792,4.599429571334412
0.7284093058364991,4.0,1.55967568358019,4.601582594187148
0.7336496605547473,4.0,1.5570516978112878,4.603719096827024
0.7388900152729956,4.0,1.5544124147038145,4.605839020582996
0.7441303699912437,4.0,1.551757906735796,4.607942307239299
0.749370724709492,4.0,1.5490882468033513,4.610028899037043
0.7546110794277401,4.0,1.5464035082186927,4.6120987386757974
0.7598514341459883,4.0,1.5437037647081095,4.6141517693151695
0.7650917888642366,4.0,1.5409890904099464,4.616187934576362
0.7703321435824847,4.0,1.5382595598725657,4.618207178543722
0.7755724983007329,4.0,1.5355152480523007,4.620209445766276
0.7808128530189811,4.0,1.5327562303113975,4.622194681259255
0.7860532077372293,4.0,1.529982582415945,4.6241628305056
0.7912935624554774,4.0,1.5271943805337944,4.626113839457465
0.7965339171737257,4.0,1.5243917012324681,4.628047654537693
0.8017742718919739,4.0,1.5215746214770565,4.6299642226412985
0.807014626610222,4.0,1.518743218628104,4.631863491136916
0.8122549813284703,4.0,1.5158975704394855,4.633745407868249
0.8174953360467184,4.0,1.5130377550562708,4.635609921155503
0.8227356907649667,4.0,1.5101638510125786,4.637456979796802
0.8279760454832149,4.0,1.5072759372294202,4.639286533069601
0.833216400201463,4.0,1.5043740930125313,4.641098530732071
0.8384567549197113,4.0,1.5014583980501954,4.642892923024481
0.8436971096379594,4.0,1.4985289324110542,4.6446696606705675
0.8489374643562076,4.0,1.49558577654191,4.646428694878887
0.8541778190744559,4.0,1.492629011265516,4.648169977344152
0.859418173792704,4.0,1.4896587177783567,4.649893460248561
0.8646585285109523,4.0,1.4866749776484178,4.65159909626311
0.8698988832292004,4.0,1.4836778728129474,4.653286838548897
0.8751392379474486,4.0,1.4806674855762045,4.654956640758398
0.8803795926656968,4.0,1.4776438986072,4.65660845703675
0.885619947383945,4.0,1.474607194937426,4.6582422420230065
0.8908603021021932,4.0,1.4715574579585753,4.65985795085138
0.8961006568204414,4.0,1.468494771420252,4.661455539152482
0.9013410115386896,4.0,1.4654192194276714,4.66303496305453
0.9065813662569377,4.0,1.46233088643935,4.664596179184563
0.911821720975186,4.0,1.4592298572647868,4.666139144669627
0.9170620756934342,4.0,1.456116217062134,4.667663817137954
0.9223024304116824,4.0,1.4529900513358582,4.669170154720125
0.9275427851299306,4.0,1.4498514459343927,4.67065811605022
0.9327831398481787,4.0,1.44670048704778,4.672127660266954
0.938023494566427,4.0,1.4435372612053046,4.673578747014798
0.9432638492846751,4.0,1.4403618552731174,4.67501133644509
0.9485042040029233,4.0,1.4371743564518493,4.676425389217127
0.9537445587211716,4.0,1.4339748522742175,4.677820866499245
0.9589849134394197,4.0,1.4307634306026213,4.6791977299698875
0.964225268157668,4.0,1.427540179626729,4.680555941818655
0.9694656228759161,4.0,1.4243051878610573,4.681895464747347
0.9747059775941643,4.0,1.4210585441425385,4.683216261970983
0.9799463323124126,4.0,1.4178003376280828,4.684518297218814
0.9851866870306607,4.0,1.4145306577921297,4.685801534735317
0.9904270417489089,4.0,1.4112495944241896,4.687065939281181
0.9956673964671571,4.0,1.4079572376263796,4.68831147613427
1.0009077511854052,4.0,1.4046536778109486,4.689538111090581
1.0061481059036534,4.0,1.401339005697794,4.690745810465177
1.0113884606219017,4.0,1.398013312311971,4.691934541093119
1.01662881534015,4.0,1.3946766889811928,4.693104270330371
1.0218691700583982,4.0,1.3913292273333226,4.694254966054702
1.0271095247766462,4.0,1.387971019293858,4.695386596666562
1.0323498794948944,4.0,1.3846021570834046,4.696499131089957
1.0375902342131427,4.0,1.381222733215146,4.697592538773294
1.042830588931391,4.0,1.377832840492302,4.698666789690225
1.0480709436496392,4.0,1.3744325720055799,4.699721854340475
1.0533112983678872,4.0,1.3710220211306194,4.700757703750642
1.0585516530861354,4.0,1.3676012815254261,4.701774309475003
1.0637920078043837,4.0,1.3641704471278018,4.702771643596289
1.069032362522632,4.0,1.3607296121527641,4.703749678726454
1.0742727172408801,4.0,1.3572788710899588,4.704708388007425
1.0795130719591282,4.0,1.3538183187010648,4.705647745111844
1.0847534266773764,4.0,1.3503480500171932,4.706567724243785
1.0899937813956246,4.0,1.346868160336276,4.707468300139466
1.0952341361138729,4.0,1.3433787452204502,4.708349448067944
1.1004744908321211,4.0,1.3398799004934334,4.709211143831792
1.1057148455503691,4.0,1.3363717222378915,4.710053363767761
1.1109552002686174,4.0,1.3328543067928016,4.7108760847474365
1.1161955549868656,4.0,1.329327750750805,4.711679284177868
1.1214359097051139,4.0,1.3257921509555555,4.712462940002191
1.1266762644233619,4.0,1.32224760449906,4.713227030700233
1.1319166191416101,4.0,1.3186942087190112,4.713971535289105
1.1371569738598584,4.0,1.315132061196116,4.714696433323778
1.1423973285781066,4.0,1.3115612597514148,4.71540170489764
1.1476376832963548,4.0,1.3079819024435957,4.716087330643051
1.1528780380146029,4.0,1.3043940875663018,4.716753291731865
1.158118392732851,4.0,1.300797913645431,4.717399569875957
1.1633587474510994,4.0,1.2971934794364313,4.718026147327719
1.1685991021693476,4.0,1.293580883921589,4.718633006880546
1.1738394568875958,4.0,1.2899602263073096,4.7192201318693145
1.1790798116058439,4.0,1.2863316060213943,4.719787506170834
1.184320166324092,4.0,1.2826951227103087,4.720335114204297
1.1895605210423403,4.0,1.2790508762364476,4.720862940931697
1.1948008757605886,4.0,1.2753989666753918,4.721370971858252
1.2000412304788368,4.0,1.27173949431316,4.721859193032794
1.2052815851970848,4.0,1.2680725596434548,4.722327591048158
1.210521939915333,4.0,1.2643982633649031,4.722776153041545
1.2157622946335813,4.0,1.2607167063782911,4.723204866694881
1.2210026493518296,4.0,1.257027989783793,4.723613720235152
1.2262430040700778,4.0,1.2533322148781951,4.724002702434725
1.2314833587883258,4.0,1.249629483152113,4.724371802611662
1.236723713506574,4.0,1.2459198962872062,4.724721010630009
1.2419640682248223,4.0,1.2422035561533844,4.725050316900075
1.2472044229430705,4.0,1.2384805648060107,4.725359712378697
1.2524447776613188,4.0,1.2347510244830988,4.725649188569486
1.2576851323795668,4.0,1.2310150376025055,4.725918737523065
1.262925487097815,4.0,1.2272727067591185,4.726168351837279
1.2681658418160633,4.0,1.2235241347220378,4.726398024657406
1.2734061965343115,4.0,1.2197694244317554,4.726607749676345
1.2786465512525595,4.0,1.2160086789973272,4.72679752113478
1.2838869059708078,4.0,1.2122420016935411,4.726967333821351
1.289127260689056,4.0,1.2084694959580822,4.727117183072788
1.2943676154073043,4.0,1.2046912653886914,4.727247064774042
1.2996079701255525,4.0,1.2009074137403208,4.7273569753584
1.3048483248438005,4.0,1.1971180449222847,4.7274469118075775
1.3100886795620488,4.0,1.1933232629954051,4.727516871651808
1.315329034280297,4.0,1.1895231721691553,4.727566852969906
1.3205693889985453,4.0,1.1857178767987973,4.727596854389322
1.3258097437167935,4.0,1.1819074813825168,4.727606875086179
1.3310500984350415,4.0,1.1780920905585528,4.7275969147852965
1.3362904531532898,4.0,1.1742718091023248,4.727566973760197
1.341530807871538,4.0,1.1704467419235547,4.7275170528330985
1.3467711625897862,4.0,1.166616994063387,4.727447153374891
1.3520115173080345,4.0,1.162782670691503,4.727357277305104
1.3572518720262825,4.0,1.1589438771032337,4.727247427091844
1.3624922267445307,4.0,1.1551007187166673,4.727117605751738
1.367732581462779,4.0,1.1512533010697557,4.726967816849842
1.3729729361810272,4.0,1.1474017298174146,4.726798064499548
1.3782132908992755,4.0,1.1435461107286236,4.726608353362468
1.3834536456175235,4.0,1.1396865496835205,4.726398688648307
1.3886940003357717,4.0,1.135823152670494,4.726169076114722
1.39393435505402,4.0,1.1319560257832741,4.725919522067161
1.3991747097722682,4.0,1.128085275218017,4.725650033358692
1.4044150644905165,4.0,1.12421100727039,4.725360617389812
1.4096554192087645,4.0,1.1203333283326522,4.7250512821082475
1.4148957739270127,4.0,1.1164523448907326,4.724722036008733
1.420136128645261,4.0,1.1125681635213063,4.72437288813278
1.4253764833635092,4.0,1.1086808908888668,4.724003848068426
1.4306168380817572,4.0,1.1047906337427986,4.723614925949976
1.4358571928000055,4.0,1.1008974989144438,4.723206132457718
1.4410975475182537,4.0,1.0970015933141697,4.722777478817634
1.446337902236502,4.0,1.0931030239284325,4.7223289768010925
1.4515782569547502,4.0,1.0892018978168392,4.72186063872452
1.4568186116729982,4.0,1.0852983221092076,4.721372477449068
1.4620589663912464,4.0,1.0813924040026244,4.720864506380259
1.4672993211094947,4.0,1.0774842507585018,4.720336739467615
1.472539675827743,4.0,1.0735739696996318,4.719789191204276
1.4777800305459912,4.0,1.0696616682072384,4.719221876626607
1.4830203852642392,4.0,1.0657474537180296,4.718634811313777
1.4882607399824874,4.0,1.0618314337212462,4.718028011387336
1.4935010947007357,4.0,1.057913715755711,4.717401493510771
1.498741449418984,4.0,1.0539944074068752,4.716755274889049
1.5039818041372321,4.0,1.0500736163038638,4.7160893732681455
1.5092221588554802,4.0,1.0461514501165199,4.715403806934553
1.5144625135737284,4.0,1.042228016552448,4.7146985947147835
1.5197028682919766,4.0,1.038303423354057,4.713973755974851
1.524943223010225,4.0,1.0343777782956,4.7132293106197345
1.5301835777284731,4.0,1.0304511891802164,4.7124652790928385
1.5354239324467212,4.0,1.02652376383697,4.711681682375428
1.5406642871649694,4.0,1.0225956101178884,4.710878541986052
1.5459046418832176,4.0,1.0186668358950015,4.710055879979952
1.5511449966014659,4.0,1.014737549057379,4.709213718948459
1.5563853513197141,4.0,1.0108078575081678,4.708352082018374
1.5616257060379621,4.0,1.0068778691616287,4.707470992851325
1.5668660607562104,4.0,1.0029476919401725,4.706570475643129
1.5721064154744586,4.0,0.999017433771397,4.705650555123116
1.5773467701927069,4.0,0.9950872025851228,4.704711256553459
1.5825871249109549,4.0,0.9911571063104302,4.703752605728475
1.5878274796292031,4.0,0.9872272528726936,4.702774628973919
1.5930678343474514,4.0,0.9832977501906194,4.701777353146259
1.5983081890656996,4.0,0.9793687061732818,4.700760805631941
1.6035485437839478,4.0,0.9754402287171593,4.699725014346635
1.6087888985021959,4.0,0.9715124257031724,4.69867000773447
1.614029253220444,4.0,0.9675854049937196,4.697595814767251
1.6192696079386923,4.0,0.9636592744297172,4.696502464943663
1.6245099626569406,4.0,0.9597341418276368,4.695389988288467
1.6297503173751888,4.0,0.9558101149765447,4.6942584153516655
1.6349906720934368,4.0,0.9518873016351417,4.693107777207672
1.640231026811685,4.0,0.947965809528804,4.6919381054544536
1.6454713815299333,4.0,0.9440457463466256,4.690749432212664
1.6507117362481816,4.0,0.9401272197384599,4.689541790124763
1.6559520909664298,4.0,0.9362103373119643,4.688315212354116
1.6611924456846778,4.0,0.9322952066296452,4.687069732584089
1.666432800402926,4.0,0.928381935205903,4.685805385017118
1.6716731551211743,4.0,0.9244706305040813,4.684522204373775
1.6769135098394226,4.0,0.9205613999335149,4.683220225891809
1.6821538645576708,4.0,0.9166543508465803,4.681899485325184
1.6873942192759188,4.0,0.9127495905357479,4.680560018943092
1.692634573994167,4.0,0.9088472262306347,4.679201863528961
1.6978749287124153,4.0,0.9049473650950615,4.677825056379444
1.7031152834306635,4.0,0.9010501142241081,4.676429635303391
1.7083556381489118,4.0,0.8971555806411733,4.675015638620817
1.7135959928671598,4.0,0.8932638712950363,4.6735831051618435
1.718836347585408,4.0,0.8893750930569182,4.6721320742656385
1.7240767023036563,4.0,0.8854893527175492,4.670662585779329
1.7293170570219045,4.0,0.8816067569842345,4.669174680056916
1.7345574117401525,4.0,0.8777274124779246,4.6676683979581535
1.7397977664584008,4.0,0.873851425730287,4.666143780847441
1.745038121176649,4.0,0.869978903180781,4.664600870592675
1.7502784758948973,4.0,0.8661099511737351,4.663039709564109
1.7555188306131455,4.0,0.8622446759554256,4.661460340633184
1.7607591853313935,4.0,0.8583831836711604,4.65986280717135
1.7659995400496418,4.0,0.8545255803623621,4.658247153048882
1.77123989476789,4.0,0.8506719719636582,4.6566134226336695
1.7764802494861383,4.0,0.8468224642999703,4.654961660789999
1.7817206042043865,4.0,0.8429771630836091,4.653291912877323
1.7869609589226345,4.0,0.8391361739113711,4.651604224749016
1.7922013136408828,4.0,0.8352996022616378,4.6498986427511095
1.797441668359131,4.0,0.8314675534914808,4.648175213721027
1.8026820230773792,4.0,0.8276401328337677,4.64643398498629
1.8079223777956275,4.0,0.8238174453942719,4.644675004363226
1.8131627325138755,4.0,0.8199995961487871,4.64289832015565
1.8184030872321237,4.0,0.8161866899402439,4.641103981153538
1.823643441950372,4.0,0.8123788314758308,4.6392920366316925
1.8288837966686202,4.0,0.8085761253241192,4.637462536348382
1.8341241513868685,4.0,0.8047786759121913,4.63561553054398
1.8393645061051165,4.0,0.8009865875227731,4.633751069939585
1.8446048608233647,4.0,0.7971999642913692,4.631869205735622
1.849845215541613,4.0,0.793418910203405,4.629969989610445
1.8550855702598612,4.0,0.7896435290913701,4.628053473718912
1.8603259249781094,4.0,0.7858739246319669,4.626119710690952
1.8655662796963575,4.0,0.7821102003432637,4.624168753630127
1.8708066344146057,4.0,0.7783524595818516,4.622200656112164
1.876046989132854,4.0,0.7746008055400071,4.6202154721834905
1.8812873438511022,4.0,0.7708553412428576,4.618213256359748
1.8865276985693502,4.0,0.7671161695455522,4.616194063624296
1.8917680532875985,4.0,0.7633833931304371,4.6141579494267
1.8970084080058467,4.0,0.7596571145042365,4.61210496968121
1.902248762724095,4.0,0.7559374359952369,4.610035180765228
1.9074891174423432,4.0,0.7522244597504772,4.607948639517752
1.9127294721605912,4.0,0.7485182877329445,4.605845403237823
1.9179698268788394,4.0,0.7448190217187718,4.603725529682951
1.9232101815970877,4.0,0.7411267632944458,4.601589077067519
1.928450536315336,4.0,0.7374416138540156,4.599436104061201
1.9336908910335842,4.0,0.7337636745963088,4.597266669787335
1.9389312457518322,4.0,0.7300930465221522,4.595080833821309
1.9441716004700804,4.0,0.7264298304315983,4.592878656188921
1.9494119551883287,4.0,0.7227741269211572,4.5906601973647305
1.954652309906577,4.0,0.7191260363810343,4.588425518270403
1.9598926646248251,4.0,0.7154856589923733,4.586174680273027
1.9651330193430732,4.0,0.711853094724505,4.583907745183442
1.9703733740613214,4.0,0.7082284433322017,4.581624775254527
1.9756137287795696,4.0,0.704611804352939,4.579325833179502
1.9808540834978179,4.0,0.701003277104161,4.577010982090201
1.9860944382160661,4.0,0.6974029606805539,4.574680285555338
1.9913347929343141,4.0,0.6938109539513238,4.572333807578767
1.9965751476525624,4.0,0.6902273555574825,4.569971612597715
2.0018155023708104,4.0,0.6866522639091388,4.567593765481021
2.0070558570890586,4.0,0.6830857771827945,4.56520033152735
2.012296211807307,4.0,0.6795279933186503,4.562791376463402
2.017536566525555,4.0,0.6759790100179154,4.560366966442105
2.0227769212438034,4.0,0.672438924740124,4.557927168040801
2.0280172759620516,4.0,0.6689078347004598,4.555472048259415
2.0332576306803,4.0,0.6653858368670857,4.553001674518616
2.038497985398548,4.0,0.6618730279584817,4.5505161146579685
2.0437383401167963,4.0,0.6583695044407877,4.548015436934063
2.0489786948350446,4.0,0.6548753625251555,4.545499710018648
2.0542190495532924,4.0,0.651390698165107,4.542969002996741
2.0594594042715406,4.0,0.6479156070538967,4.540423385364733
2.064699758989789,4.0,0.6444501846218875,4.537862927028478
2.069940113708037,4.0,0.6409945260339274,4.5352876983013735
2.0751804684262853,4.0,0.637548726186737,4.532697769902433
2.0804208231445336,4.0,0.6341128797063039,4.530093212954339
2.085661177862782,4.0,0.6306870809452835,4.527474098981495
2.09090153258103,4.0,0.627271423980408,4.524840499908054
2.0961418872992783,4.0,0.6238660026099035,4.522192488055953
2.101382242017526,4.0,0.6204709103509142,4.5195301361429205
2.1066225967357743,4.0,0.6170862404369326,4.516853517280479
2.1118629514540226,4.0,0.6137120858152418,4.514162704971943
2.117103306172271,4.0,0.6103485391443613,4.511457773110392
2.122343660890519,4.0,0.6069956927915031,4.50873879597665
2.1275840156087673,4.0,0.603653638830035,4.506005848237242
2.1328243703270156,4.0,0.600322469036952,4.503259004942341
2.138064725045264,4.0,0.5970022748903564,4.500498341523709
2.143305079763512,4.0,0.5936931475669455,4.49772393379263
2.1485454344817603,4.0,0.5903951779395075,4.494935857937819
2.153785789200008,4.0,0.5871084565744269,4.49213419052334
2.1590261439182563,4.0,0.5838330737291956,4.489319008486493
2.1642664986365046,4.0,0.5805691193499366,4.48649038913571
2.169506853354753,4.0,0.5773166830689325,4.483648410148428
2.174747208073001,4.0,0.5740758542021647,4.480793149568955
2.1799875627912493,4.0,0.5708467217468598,4.47792468580633
2.1852279175094975,4.0,0.5676293743790473,4.475043097632166
2.1904682722277458,4.0,0.5644239004511223,4.47214846417849
2.195708626945994,4.0,0.5612303879894212,4.4692408649355695
2.2009489816642422,4.0,0.558048924691803,4.466320379749728
2.20618933638249,4.0,0.554879597925242,4.463387088821152
2.2114296911007383,4.0,0.5517224947234276,4.460441072701692
2.2166700458189865,4.0,0.5485777017843749,4.457482412292647
2.2219104005372348,4.0,0.5454453054680442,4.4545111888425435
2.227150755255483,4.0,0.5423253917939683,4.451527483944905
2.2323911099737312,4.0,0.5392180464388917,4.448531379536013
2.2376314646919795,4.0,0.5361233547344165,4.4455229578926545
2.2428718194102277,4.0,0.5330414016646601,4.44250230162986
2.248112174128476,4.0,0.5299722718639206,4.439469493698643
2.2533525288467238,4.0,0.5269160496143537,4.436424617383714
2.258592883564972,4.0,0.5238728188436564,4.4333677563011955
2.2638332382832203,4.0,0.5208426631227645,4.43029899439633
2.2690735930014685,4.0,0.517825665663556,4.42721841594117
2.2743139477197167,4.0,0.5148219093165669,4.424126105532265
2.279554302437965,4.0,0.5118314765687151,4.421022148088338
2.284794657156213,4.0,0.5088544495410363,4.417906628847955
2.2900350118744615,4.0,0.5058909099864277,4.414779633367186
2.2952753665927097,4.0,0.5029409392874041,4.411641247517247
2.300515721310958,4.0,0.5000046184538625,4.408491557482153
2.3057560760292057,4.0,0.4970820281208571,4.405330649756344
2.310996430747454,4.0,0.49417324854638545,4.402158611142313
2.316236785465702,4.0,0.4912783596091843,4.3989755287482195
2.3214771401839505,4.0,0.48839744080653635,4.395781489985501
2.3267174949021987,4.0,0.48553057125208676,4.392576582566467
2.331957849620447,4.0,0.48267782967367046,4.389360894501899
2.337198204338695,4.0,0.4798392944111507,4.386134514098626
2.3424385590569434,4.0,0.47701504341426737,4.382897529957101
2.3476789137751917,4.0,0.4742051542404966,4.379650030968971
2.35291926849344,4.0,0.4714097040529205,4.376392106314632
2.3581596232116877,4.0,0.4686287696181093,4.373123845460784
2.363399977929936,4.0,0.4658624273040112,4.36984533815797
2.368640332648184,4.0,0.46311075307785743,4.3665566744381135
2.3738806873664324,4.0,0.460373822504075,4.363257944612048
2.3791210420846807,4.0,0.45765171074221145,4.359949239267033
2.384361396802929,4.0,0.45494449254487124,4.35663064926427
2.389601751521177,4.0,0.45225224225566296,4.353302265736401
2.3948421062394254,4.0,0.4495750338071577,4.349964180085018
2.4000824609576736,4.0,0.44691294071885834,4.3466164839781385
2.4053228156759214,4.0,0.4442660360951818,4.3432592693476995
2.4105631703941697,4.0,0.4416343926234496,4.339892628387027
2.415803525112418,4.0,0.4390180825718939,4.336516653548305
2.421043879830666,4.0,0.4364171777876711,4.333131437540039
2.4262842345489144,4.0,0.43383174969489036,4.329737073324509
2.4315245892671626,4.0,0.43126186929265087,4.326333654115214
2.436764943985411,4.0,0.4287076071530932,4.322921273374317
2.442005298703659,4.0,0.42616903341946033,4.319500024810075
2.4472456534219074,4.0,0.42364621780417255,4.316070002374264
2.4524860081401556,4.0,0.42113922958691186,4.312631300259606
2.4577263628584034,4.0,0.4186481376127207,4.309184012897176
2.4629667175766516,4.0,0.41617301029010967,4.3057282349538095
2.4682070722949,4.0,0.413713915589181,4.302264061329504
2.473447427013148,4.0,0.4112709210397607,4.298791587154815
2.4786877817313964,4.0,0.40884409372954433,4.295310907788241
2.4839281364496446,4.0,0.406433500302255,4.291822118813603
2.489168491167893,4.0,0.40403920695581264,4.288325316037425
2.494408845886141,4.0,0.4016612794405169,4.2848205954862975
2.4996492006043893,4.0,0.3992997830572409,4.2813080534042465
2.5048895553226376,4.0,0.39695478265563844,4.277787786250082
2.5101299100408854,4.0,0.39462634263236296,4.27425989069476
2.5153702647591336,4.0,0.3923145269292988,4.270724463618717
2.520610619477382,4.0,0.39001939903180605,4.267181602109217
2.52585097419563,4.0,0.3877410219669766,4.2636314034576825
2.5310913289138783,4.0,0.3854794583019032,4.260073965157023
2.5363316836321266,4.0,0.38323477014196183,4.2565093848989575
2.541572038350375,4.0,0.38100701912910595,4.252937760571333
2.546812393068623,4.0,0.3787962664401735,4.249359190255435
2.5520527477868713,4.0,0.37660257278520726,4.245773772223294
2.557293102505119,4.0,0.3744259984057876,4.242181604934988
2.5625334572233673,4.0,0.37226660307337767,4.238582787035939
2.5677738119416156,4.0,0.3701244460876829,4.2349774173542
2.573014166659864,4.0,0.36799958627502194,4.231365594897747
2.578254521378112,4.0,0.3658920819867115,4.2277474188517585
2.5834948760963603,4.0,0.3638019910974635,4.2241229885758855
2.5887352308146085,4.0,0.36172937100379643,4.220492403601534
2.593975585532857,4.0,0.3596742786224585,4.21685576362912
2.599215940251105,4.0,0.3576367703888652,4.213213168525342
2.6044562949693533,4.0,0.3556169022555491,4.209564718320431
2.609696649687601,4.0,0.3536147296906236,4.205910513205408
2.6149370044058493,4.0,0.35163030767625936,4.2022506535293305
2.6201773591240975,4.0,0.34966369070717485,4.198585239796538
2.625417713842346,4.0,0.34771493278913956,4.194914372663889
2.630658068560594,4.0,0.34578408743749134,4.191238152938002
2.6358984232788423,4.0,0.34387120767566604,4.187556681572483
2.6411387779970905,4.0,0.34197634603374194,4.183870059665155
2.6463791327153388,4.0,0.3400995545469975,4.180178388455282
2.651619487433587,4.0,0.3382408847544818,4.1764817693207865
2.6568598421518352,4.0,0.3364003876975994,4.172780303775469
2.662100196870083,4.0,0.33457811391870884,4.169074093466217
2.6673405515883313,4.0,0.3327741134597344,4.165363240170216
2.6725809063065795,4.0,0.3309884358607924,4.161647845792155
2.6778212610248278,4.0,0.32922113015883014,4.157928012361423
2.683061615743076,4.0,0.3274722448862797,4.154203842029315
2.6883019704613242,4.0,0.32574182806972507,4.15047543706622
2.6935423251795725,4.0,0.32402992722858326,4.146742899858818
2.6987826798978207,4.0,0.3223365893737993,4.143006332907263
2.704023034616069,4.0,0.32066186100655536,4.139265838822372
2.7092633893343168,4.0,0.31900578811699387,4.135521520322807
2.714503744052565,4.0,0.3173684161829542,4.131773480232249
2.7197440987708132,4.0,0.31574979016872406,4.128021821476586
2.7249844534890615,4.0,0.3141499545238047,4.124266647081071
2.7302248082073097,4.0,0.3125689531816904,4.120508060167507
2.735465162925558,4.0,0.31100682955866166,4.116746163951405
2.740705517643806,4.0,0.3094636265525934,4.1129810617391565
2.7459458723620545,4.0,0.3079393865417763,4.1092128569251924
2.7511862270803027,4.0,0.30643415138375363,4.1054416529891435
2.756426581798551,4.0,0.3049479624141713,4.101667553493003
2.7616669365167987,4.0,0.3034808604456436,4.09789066207828
2.766907291235047,4.0,0.302032885766631,4.094111082463148
2.772147645953295,4.0,0.3006040781403352,4.090328918439608
2.7773880006715435,4.0,0.2991944768036062,4.08654427387063
2.7826283553897917,4.0,0.2978041204658657,4.082757252687301
2.78786871010804,4.0,0.296433047308043,4.078967958885976
2.793109064826288,4.0,0.29508129498152735,4.075176496525416
2.7983494195445364,4.0,0.29374890060713377,4.071382969723936
2.8035897742627847,4.0,0.29243590077408355,4.067587482656541
2.808830128981033,4.0,0.2911423315389997,4.063790139552068
2.8140704836992807,4.0,0.28986822842491644,4.059991044690323
2.819310838417529,4.0,0.28861362642030375,4.0561903023992185
2.824551193135777,4.0,0.287378559978107,4.052388017051907
2.8297915478540254,4.0,0.28616306301480043,4.0485842930639135
2.8350319025722737,4.0,0.2849671689094556,4.044779234890274
2.840272257290522,4.0,0.28379091050282546,4.040972947022657
2.84551261200877,4.0,0.2826343200964414,4.037165533986505
2.8507529667270184,4.0,0.2814974294517274,4.033357100338157
2.8559933214452666,4.0,0.280380269789127,4.029547750661981
2.8612336761635144,4.0,0.2792828717872463,4.025737589567496
2.8664740308817627,4.0,0.2782052655820113,4.0219267216865076
2.871714385600011,4.0,0.2771474807658405,4.01811525167023
2.876954740318259,4.0,0.27610954638683227,4.014303284186412
2.8821950950365074,4.0,0.2750914909479668,4.010490923916463
2.8874354497547556,4.0,0.2740933424063241,4.006678275552581
2.892675804473004,4.0,0.2731151281723154,4.002865443794872
2.897916159191252,4.0,0.27215687510893094,3.999052533348481
2.9031565139095004,4.0,0.2712186095310022,3.9952396489207134
2.9083968686277486,4.0,0.2703003572044792,3.9914268952181593
2.9136372233459964,4.0,0.269402143345723,3.98761437694382
2.9188775780642446,4.0,0.26852399262081317,3.98380219879423
2.924117932782493,4.0,0.26766592914487053,3.9799904654565847
2.929358287500741,4.0,0.26682797648139456,3.9761792816058645
2.9345986422189894,4.0,0.26601015764161706,3.97236875190196
2.9398389969372376,4.0,0.26521249508386946,3.9685589809867983
2.945079351655486,4.0,0.26443501071296627,3.9647500734814685
2.950319706373734,4.0,0.2636777258796039,3.96094213398335
2.9555600610919823,4.0,0.26294066137977423,3.957135267063239
2.9608004158102306,4.0,0.2622238374541932,3.953329577262479
2.9660407705284784,4.0,0.2615272737877452,3.949525169090086
2.9712811252467266,4.0,0.26085098950894237,3.9457221470198816
2.976521479964975,4.0,0.2601950031893996,3.941920615487624
2.981761834683223,4.0,0.25955933284332444,3.938120678888139
2.9870021894014713,4.0,0.2589439959270221,3.9343224415724536
2.9922425441197196,4.0,0.2583490093384164,3.9305260078449304
2.997482898837968,4.0,0.2577743894165857,3.9267314819604024
3.002723253556216,4.0,0.25722015194131387,3.9229389681213123
3.0079636082744643,4.0,0.25668631213265747,3.9191485704748485
3.013203962992712,4.0,0.2561728846505277,3.915360393110086
3.0184443177109603,4.0,0.25567988359428706,3.9115745400551285
3.0236846724292086,4.0,0.2552073225023632,3.907791115274251
3.028925027147457,4.0,0.25475521435187687,3.904010222665045
3.034165381865705,4.0,0.254323571558285,3.9002319660555664
3.0394057365839533,4.0,0.2539124059750404,3.8964564492014815
3.0446460913022015,4.0,0.25352172889326563,3.8926837757832207
3.04988644602045,4.0,0.2531515510414438,3.88891404940313
3.055126800738698,4.0,0.25280188258512315,3.8851473735826247
3.0603671554569463,4.0,0.2524727331266382,3.8813838517593506
3.065607510175194,4.0,0.2521641117048461,3.8776235872843383
3.0708478648934423,4.0,0.2518760267948783,3.873866683419168
3.0760882196116905,4.0,0.2516084863079079,3.8701132433331344
3.081328574329939,4.0,0.2513614975909324,3.866363370100412
3.086568929048187,4.0,0.25113506742657166,3.8626171666972238
3.0918092837664353,4.0,0.2509292020328825,3.858874735999017
3.0970496384846835,4.0,0.2507439070631866,3.855136180777633
3.1022899932029318,4.0,0.25057918760591635,3.8514016036984904
3.10753034792118,4.0,0.25043504818447504,3.8476711073177605
3.1127707026394282,4.0,0.2503114927571116,3.8439447940795555
3.118011057357676,4.0,0.25020852471681343,3.8402227663131123
3.1232514120759243,4.0,0.25012614689121193,3.836505126229983
3.1284917667941725,4.0,0.25006436154250566,3.83279197592123
3.1337321215124208,4.0,0.25002317036739774,3.829083417354618
3.138972476230669,4.0,0.25000257449704955,3.82537955237182
3.1442128309489172,4.0,0.25000257449704955,3.821680482685615
3.1494531856671655,4.0,0.25002317036739774,3.8179863098770985
3.1546935403854137,4.0,0.25006436154250566,3.814297135392891
3.159933895103662,4.0,0.25012614689121193,3.810613060542352
3.1651742498219098,4.0,0.25020852471681343,3.8069341864948005
3.170414604540158,4.0,0.2503114927571116,3.8032606142767325
3.1756549592584062,4.0,0.25043504818447493,3.7995924447690514
3.1808953139766545,4.0,0.25057918760591635,3.795929778704294
3.1861356686949027,4.0,0.2507439070631866,3.7922727166638666
3.191376023413151,4.0,0.2509292020328825,3.788621359075281
3.196616378131399,4.0,0.25113506742657166,3.7849758062093986
3.2018567328496474,4.0,0.2513614975909323,3.781336158177674
3.2070970875678957,4.0,0.2516084863079079,3.777702514929411
3.212337442286144,4.0,0.2518760267948783,3.7740749762490102
3.2175777970043917,4.0,0.2521641117048461,3.770453641753237
3.22281815172264,4.0,0.2524727331266382,3.7668386108884797
3.228058506440888,4.0,0.25280188258512315,3.7632299829280216
3.2332988611591365,4.0,0.2531515510414437,3.7596278569693147
3.2385392158773847,4.0,0.25352172889326563,3.7560323319312574
3.243779570595633,4.0,0.2539124059750403,3.752443506551479
3.249019925313881,4.0,0.254323571558285,3.748861479383627
3.2542602800321294,4.0,0.25475521435187687,3.7452863487946617
3.2595006347503777,4.0,0.2552073225023632,3.7417182129621556
3.264740989468626,4.0,0.25567988359428706,3.738157169871595
3.2699813441868737,4.0,0.25617288465052757,3.734603317313692
3.275221698905122,4.0,0.25668631213265747,3.7310567528816967
3.28046205362337,4.0,0.25722015194131387,3.727517573968718
3.2857024083416184,4.0,0.2577743894165856,3.72398587776505
3.2909427630598667,4.0,0.2583490093384164,3.7204617612555015
3.296183117778115,4.0,0.2589439959270221,3.7169453212167336
3.301423472496363,4.0,0.25955933284332444,3.7134366542146022
3.3066638272146114,4.0,0.2601950031893996,3.7099358566015055
3.3119041819328596,4.0,0.26085098950894225,3.7064430245137387
3.3171445366511074,4.0,0.2615272737877451,3.7029582538688537
3.3223848913693557,4.0,0.2622238374541932,3.6994816403630244
3.327625246087604,4.0,0.26294066137977423,3.6960132794684193
3.332865600805852,4.0,0.2636777258796039,3.6925532664305813
3.3381059555241004,4.0,0.26443501071296627,3.68910169626581
3.3433463102423486,4.0,0.26521249508386946,3.6856586637585522
3.348586664960597,4.0,0.26601015764161706,3.682224263458801
3.353827019678845,4.0,0.26682797648139456,3.6787985896794977
3.3590673743970934,4.0,0.2676659291448704,3.675381736493943
3.3643077291153416,4.0,0.26852399262081317,3.671973797733212
3.3695480838335894,4.0,0.269402143345723,3.66857486698358
3.3747884385518376,4.0,0.2703003572044791,3.665185037583949
3.380028793270086,4.0,0.2712186095310021,3.6618044026232877
3.385269147988334,4.0,0.27215687510893094,3.658433054938075
3.3905095027065824,4.0,0.2731151281723154,3.6550710871097474
3.3957498574248306,4.0,0.2740933424063241,3.6517185914621604
3.400990212143079,4.0,0.2750914909479668,3.6483756600590507
3.406230566861327,4.0,0.27610954638683216,3.6450423847015094
3.4114709215795753,4.0,0.2771474807658405,3.6417188569254595
3.4167112762978236,4.0,0.2782052655820112,3.638405167999145
3.4219516310160714,4.0,0.2792828717872462,3.6351014089206206
3.4271919857343196,4.0,0.2803802697891269,3.631807670415256
3.432432340452568,4.0,0.2814974294517273,3.6285240429332437
3.437672695170816,4.0,0.2826343200964414,3.6252506166471146
3.4429130498890643,4.0,0.28379091050282534,3.621987481449261
3.4481534046073126,4.0,0.2849671689094556,3.6187347269494707
3.453393759325561,4.0,0.28616306301480043,3.615492442472463
3.458634114043809,4.0,0.2873785599781069,3.6122607170554377
3.4638744687620573,4.0,0.28861362642030364,3.6090396394456303
3.469114823480305,4.0,0.28986822842491633,3.6058292980978734
3.4743551781985533,4.0,0.2911423315389996,3.602629781172168
3.4795955329168016,4.0,0.29243590077408355,3.599441176531264
3.48483588763505,4.0,0.29374890060713366,3.5962635717382447
3.490076242353298,4.0,0.29508129498152724,3.5930970540541263
3.4953165970715463,4.0,0.2964330473080429,3.5899417104354563
3.5005569517897945,4.0,0.2978041204658657,3.5867976275319298
3.5057973065080428,4.0,0.2991944768036062,3.5836648916840086
3.511037661226291,4.0,0.3006040781403351,3.5805435889205497
3.5162780159445393,4.0,0.302032885766631,3.5774338049564434
3.521518370662787,4.0,0.3034808604456435,3.574335625190259
3.5267587253810353,4.0,0.3049479624141713,3.5712491347019006
3.5319990800992835,4.0,0.3064341513837535,3.56817441825027
3.537239434817532,4.0,0.3079393865417762,3.565111560270938
3.54247978953578,4.0,0.3094636265525933,3.562060644873829
3.5477201442540283,4.0,0.31100682955866166,3.5590217558409063
3.5529604989722765,4.0,0.3125689531816904,3.555994976623877
3.5582008536905247,4.0,0.3141499545238047,3.552980390341896
3.563441208408773,4.0,0.31574979016872395,3.5499780797792844
3.5686815631270212,4.0,0.3173684161829541,3.5469881273832584
3.573921917845269,4.0,0.31900578811699376,3.5440106152616617
3.5791622725635173,4.0,0.32066186100655525,3.541045625180713
3.5844026272817655,4.0,0.3223365893737993,3.5380932385627606
3.5896429820000137,4.0,0.32402992722858315,3.5351535364840454
3.594883336718262,4.0,0.32574182806972496,3.5322265996724744
3.6001236914365102,4.0,0.3274722448862796,3.529312508505406
3.6053640461547585,4.0,0.32922113015883003,3.526411343007439
3.6106044008730067,4.0,0.3309884358607923,3.5235231828482187
3.615844755591255,4.0,0.3327741134597344,3.5206481073402474
3.6210851103095028,4.0,0.3345781139187085,3.5177861954367047
3.626325465027751,4.0,0.3364003876975993,3.514937525729284
3.6315658197459992,4.0,0.3382408847544818,3.5121021764460285
3.6368061744642475,4.0,0.34009955454699736,3.5092802254491873
3.6420465291824957,4.0,0.34197634603374194,3.5064717502330764
3.647286883900744,4.0,0.3438712076756659,3.5036768279219483
3.652527238618992,4.0,0.34578408743749134,3.5008955352678766
3.6577675933372404,4.0,0.34771493278913956,3.498127948648648
3.6630079480554887,4.0,0.34966369070717485,3.4953741440656625
3.668248302773737,4.0,0.35163030767625925,3.49263419714185
3.6734886574919847,4.0,0.35361472969062335,3.4899081831195917
3.678729012210233,4.0,0.3556169022555491,3.4871961768586512
3.683969366928481,4.0,0.3576367703888651,3.4844982528341246
3.6892097216467294,4.0,0.3596742786224585,3.4818144851343904
3.6944500763649777,4.0,0.3617293710037963,3.479144947459077
3.699690431083226,4.0,0.3638019910974635,3.4764897131170387
3.704930785801474,4.0,0.3658920819867114,3.4738488550243414
3.7101711405197224,4.0,0.36799958627502183,3.471222445702263
3.7154114952379707,4.0,0.3701244460876828,3.4686105572752983
3.720651849956219,4.0,0.37226660307337744,3.4660132614691808
3.7258922046744667,4.0,0.3744259984057873,3.4634306296089123
3.731132559392715,4.0,0.37660257278520715,3.4608627326168038
3.736372914110963,4.0,0.3787962664401734,3.4583096410105294
3.7416132688292114,4.0,0.38100701912910584,3.4557714249011875
3.7468536235474597,4.0,0.38323477014196183,3.4532481539913777
3.752093978265708,4.0,0.385479458301903,3.4507398975732846
3.757334332983956,4.0,0.38774102196697646,3.4482467245267774
3.7625746877022044,4.0,0.39001939903180594,3.4457687033175155
3.7678150424204526,4.0,0.3923145269292987,3.443305901995071
3.7730553971387004,4.0,0.3946263426323626,3.4408583881910584
3.7782957518569487,4.0,0.3969547826556382,3.438426229117277
3.783536106575197,4.0,0.3992997830572408,3.4360094915638673
3.788776461293445,4.0,0.40166127944051677,3.433608241897475
3.7940168160116934,4.0,0.4040392069558125,3.431222546059429
3.7992571707299416,4.0,0.4064335003022548,3.428852469563929
3.80449752544819,4.0,0.40884409372954433,3.426498077496251
3.809737880166438,4.0,0.4112709210397606,3.4241594345109547
3.8149782348846863,4.0,0.4137139155891809,3.4218366048301108
3.8202185896029346,4.0,0.41617301029010956,3.419529652241537
3.8254589443211824,4.0,0.41864813761272035,3.417238640097046
3.8306992990394306,4.0,0.42113922958691175,3.4149636313107052
3.835939653757679,4.0,0.42364621780417244,3.4127046883571115
3.841180008475927,4.0,0.42616903341946033,3.410461873269672
3.8464203631941754,4.0,0.428707607153093,3.4082352476389035
3.8516607179124236,4.0,0.43126186929265076,3.4060248726107396
3.856901072630672,4.0,0.43383174969489013,3.4038308088848517
3.86214142734892,4.0,0.436417177787671,3.401653116712983
3.8673817820671683,4.0,0.4390180825718937,3.3994918558972924
3.8726221367854166,4.0,0.4416343926234496,3.3973470857887147
3.8778624915036644,4.0,0.44426603609518156,3.3952188652853277
3.8831028462219126,4.0,0.44691294071885834,3.3931072528307364
3.888343200940161,4.0,0.44957503380715746,3.3910123064124686
3.893583555658409,4.0,0.45225224225566285,3.388934083560381
3.8988239103766573,4.0,0.4549444925448711,3.3868726413450823
3.9040642650949056,4.0,0.4576517107422112,3.3848280363763603
3.909304619813154,4.0,0.46037382250407477,3.382800324801634
3.914544974531402,4.0,0.4631107530778572,3.3807895623044075
3.9197853292496503,4.0,0.46586242730401095,3.3787958041027415
3.925025683967898,4.0,0.46862876961810884,3.3768191049477383
3.9302660386861463,4.0,0.4714097040529204,3.3748595191220363
3.9355063934043946,4.0,0.47420515424049636,3.372917100438322
3.940746748122643,4.0,0.47701504341426726,3.370991902237848
3.945987102840891,4.0,0.4798392944111506,3.3690839773889745
3.9512274575591393,4.0,0.48267782967367034,3.36719337828571
3.9564678122773875,4.0,0.48553057125208665,3.3653201568462796
3.9617081669956358,4.0,0.48839744080653635,3.3634643645116933
3.966948521713884,4.0,0.4912783596091843,3.361626052244338
3.9721888764321323,4.0,0.4941732485463852,3.359805270526574
3.97742923115038,4.0,0.4970820281208568,3.3580020693593537
3.9826695858686283,4.0,0.5000046184538622,3.3562164982608413
3.9879099405868765,4.0,0.502940939287404,3.3544486062650614
3.9931502953051248,4.0,0.5058909099864275,3.3526984419205457
3.998390650023373,4.0,0.5088544495410361,3.350966053289003
4.003631004741621,4.0,0.5118314765687149,3.3492514879439987
4.008871359459869,4.0,0.5148219093165666,3.3475547929696496
4.014111714178117,4.0,0.5178256656635558,3.345876014959327
4.0193520688963655,4.0,0.5208426631227642,3.3442152000143825
4.024592423614614,4.0,0.523872818843656,3.3425723937428784
4.029832778332862,4.0,0.5269160496143532,3.3409476412583357
4.03507313305111,4.0,0.5299722718639205,3.3393409871784963
4.0403134877693585,4.0,0.5330414016646599,3.3377524756240975
4.045553842487607,4.0,0.5361233547344164,3.3361821502176596
4.050794197205855,4.0,0.5392180464388916,3.3346300540822886
4.056034551924103,4.0,0.5423253917939681,3.3330962298404914
4.0612749066423515,4.0,0.5454453054680439,3.331580719613007
4.0665152613606,4.0,0.5485777017843747,3.330083565017647
4.071755616078848,4.0,0.5517224947234274,3.3286048071681558
4.076995970797096,4.0,0.5548795979252419,3.3271444866730793
4.082236325515344,4.0,0.558048924691803,3.3257026436346497
4.087476680233593,4.0,0.5612303879894213,3.324279317647687
4.092717034951841,4.0,0.5644239004511225,3.3228745477985084
4.097957389670089,4.0,0.5676293743790473,3.3214883726638567
4.1031977443883365,4.0,0.5708467217468595,3.32012083030984
4.108438099106585,4.0,0.5740758542021642,3.3187719582908874
4.113678453824833,4.0,0.577316683068932,3.317441793648717
4.118918808543081,4.0,0.5805691193499362,3.316130372911319
4.1241591632613295,4.0,0.5838330737291951,3.314837732091952
4.129399517979578,4.0,0.5871084565744265,3.313563906688155
4.134639872697826,4.0,0.5903951779395074,3.3123089316807723
4.139880227416074,4.0,0.5936931475669454,3.311072841532992
4.145120582134322,4.0,0.5970022748903563,3.3098556701893997
4.150360936852571,4.0,0.6003224690369519,3.308657451075049
4.155601291570819,4.0,0.6036536388300349,3.3074782170945394
4.160841646289067,4.0,0.606995692791503,3.3063180006311157
4.166082001007315,4.0,0.6103485391443612,3.3051768335457785
4.171322355725564,4.0,0.6137120858152416,3.304054747176407
4.176562710443812,4.0,0.6170862404369324,3.3029517723369004
4.18180306516206,4.0,0.6204709103509141,3.301867939316333
4.187043419880308,4.0,0.6238660026099038,3.300803277878119
4.192283774598557,4.0,0.6272714239804081,3.299757817259197
4.197524129316805,4.0,0.6306870809452836,3.298731586169227
4.202764484035052,4.0,0.6341128797063035,3.2977246127898034
4.2080048387533004,4.0,0.6375487261867365,3.2967369247736786
4.213245193471549,4.0,0.6409945260339269,3.295768549244004
4.218485548189797,4.0,0.6444501846218871,3.294819512793587
4.223725902908045,4.0,0.6479156070538963,3.2938898414841598
4.228966257626293,4.0,0.6513906981651065,3.2929795608456622
4.234206612344542,4.0,0.6548753625251555,3.2920886958755435
4.23944696706279,4.0,0.6583695044407876,3.291217271038073
4.244687321781038,4.0,0.6618730279584815,3.2903653102636703
4.249927676499286,4.0,0.6653858368670856,3.2895328369482475
4.255168031217535,4.0,0.6689078347004597,3.2887198739525663
4.260408385935783,4.0,0.6724389247401238,3.2879264436016102
4.265648740654031,4.0,0.6759790100179153,3.2871525676839726
4.270889095372279,4.0,0.6795279933186502,3.2863982674512573
4.276129450090528,4.0,0.6830857771827943,3.2856635636174945
4.281369804808776,4.0,0.6866522639091386,3.284948476358574
4.286610159527024,4.0,0.6902273555574825,3.284253025311689
4.291850514245272,4.0,0.6938109539513238,3.2835772295747976
4.2970908689635205,4.0,0.6974029606805539,3.2829211077060987
4.302331223681769,4.0,0.7010032771041612,3.2822846777235224
4.307571578400016,4.0,0.7046118043529386,3.281667957104234
4.312811933118264,4.0,0.7082284433322013,3.281070962784156
4.318052287836513,4.0,0.7118530947245045,3.2804937111575017
4.323292642554761,4.0,0.7154856589923729,3.2799362180763247
4.328532997273009,4.0,0.719126036381034,3.2793984988500844
4.333773351991257,4.0,0.722774126921157,3.278880568245226
4.339013706709506,4.0,0.7264298304315979,3.278382440484773
4.344254061427754,4.0,0.730093046522152,3.277904129247939
4.349494416146002,4.0,0.7337636745963086,3.2774456476697513
4.35473477086425,4.0,0.7374416138540155,3.2770070083406884
4.359975125582499,4.0,0.7411267632944456,3.2765882233063373
4.365215480300747,4.0,0.7448190217187716,3.27618930406706
4.370455835018995,4.0,0.7485182877329443,3.27581026157768
4.375696189737243,4.0,0.7522244597504772,3.275451106247179
4.3809365444554915,4.0,0.7559374359952369,3.275111847938413
4.38617689917374,4.0,0.7596571145042365,3.2747924959678416
4.391417253891988,4.0,0.763383393130437,3.27449305910527
4.396657608610236,4.0,0.7671161695455522,3.2742135455736108
4.4018979633284845,4.0,0.7708553412428577,3.273953963048655
4.407138318046732,4.0,0.7746008055400067,3.2737143186588655
4.41237867276498,4.0,0.7783524595818512,3.273494618985178
4.417619027483228,4.0,0.7821102003432632,3.2732948700608206
4.422859382201477,4.0,0.7858739246319666,3.2731150773711493
4.428099736919725,4.0,0.7896435290913699,3.272955245853498
4.433340091637973,4.0,0.7934189102034048,3.2728153798970396
4.438580446356221,4.0,0.7971999642913689,3.2726954833426696
4.4438208010744695,4.0,0.8009865875227726,3.272595559482897
4.449061155792718,4.0,0.8047786759121911,3.272515611061757
4.454301510510966,4.0,0.808576125324119,3.272455640274733
4.459541865229214,4.0,0.8123788314758306,3.272415648768699
4.4647822199474625,4.0,0.8161866899402437,3.272395637641871
4.470022574665711,4.0,0.8199995961487869,3.2723956074437797
4.475262929383959,4.0,0.8238174453942719,3.272415558175255
4.480503284102207,4.0,0.8276401328337677,3.272455489288424
4.4857436388204555,4.0,0.8314675534914808,3.2725153996867293
4.490983993538704,4.0,0.8352996022616378,3.2725952877249553
4.496224348256952,4.0,0.839136173911371,3.2726951512092763
4.5014647029752,4.0,0.8429771630836093,3.2728149873973162
4.5067050576934475,4.0,0.8468224642999698,3.2729547929982226
4.511945412411696,4.0,0.8506719719636576,3.273114564172758
4.517185767129944,4.0,0.8545255803623616,3.273294296533406
4.522426121848192,4.0,0.85838318367116,3.2734939851444906
4.5276664765664405,4.0,0.8622446759554253,3.273713624522311
4.532906831284689,4.0,0.8661099511737347,3.2739532086352954
4.538147186002937,4.0,0.8699789031807806,3.274212730904163
4.543387540721185,4.0,0.8738514257302865,3.2744921842021064
4.5486278954394335,4.0,0.8777274124779242,3.2747915608549873
4.553868250157682,4.0,0.8816067569842343,3.275110852641548
4.55910860487593,4.0,0.885489352717549,3.275450050793635
4.564348959594178,4.0,0.8893750930569181,3.2758091459964414
4.569589314312426,4.0,0.893263871295036,3.2761881283887617
4.574829669030675,4.0,0.8971555806411733,3.276586987563265
4.580070023748923,4.0,0.901050114224108,3.2770057125667775
4.585310378467171,4.0,0.9049473650950615,3.277444291900585
4.590550733185419,4.0,0.9088472262306347,3.2779027135207492
4.595791087903668,4.0,0.9127495905357479,3.278380964838436
4.601031442621916,4.0,0.9166543508465804,3.278879032720266
4.606271797340164,4.0,0.920561399933515,3.2793969034886685
4.6115121520584115,4.0,0.9244706305040808,3.2799345629222634
4.61675250677666,4.0,0.9283819352059025,3.2804919962562478
4.621992861494908,4.0,0.9322952066296447,3.281069188182803
4.627233216213156,4.0,0.936210337311964,3.2816661228515143
4.632473570931404,4.0,0.9401272197384596,3.2822827838698068
4.637713925649653,4.0,0.9440457463466253,3.282919154303395
4.642954280367901,4.0,0.9479658095288037,3.2835752166767485
4.648194635086149,4.0,0.9518873016351413,3.2842509529735713
4.653434989804397,4.0,0.9558101149765444,3.284946344637297
4.658675344522646,4.0,0.9597341418276367,3.2856613725715977
4.663915699240894,4.0,0.9636592744297171,3.28639601714091
4.669156053959142,4.0,0.9675854049937195,3.2871502581709704
4.67439640867739,4.0,0.9715124257031722,3.287924074949376
4.679636763395639,4.0,0.9754402287171593,3.2887174462261455
4.684877118113887,4.0,0.9793687061732818,3.289530350214309
4.690117472832135,4.0,0.9832977501906194,3.290362764590503
4.695357827550383,4.0,0.9872272528726935,3.2912146664955837
4.700598182268632,4.0,0.9911571063104302,3.2920860325352566
4.70583853698688,4.0,0.9950872025851231,3.2929768387807163
4.711078891705127,4.0,0.9990174337713964,3.293887060769306
4.716319246423375,4.0,1.0029476919401719,3.2948166735051876
4.721559601141624,4.0,1.0068778691616282,3.2957656514600293
4.726799955859872,4.0,1.0108078575081676,3.2967339685737054
4.73204031057812,4.0,1.0147375490573787,3.297721598255013
4.737280665296368,4.0,1.018666835895001,3.298728513382402
4.742521020014617,4.0,1.022595610117888,3.29975468630472
4.747761374732865,4.0,1.0265237638369695,3.3008000888419695
4.753001729451113,4.0,1.0304511891802162,3.3018646922860864
4.758242084169361,4.0,1.0343777782955998,3.302948467401724
4.76348243888761,4.0,1.0383034233540567,3.3040513844270585
4.768722793605858,4.0,1.0422280165524478,3.3051734130746038
4.773963148324106,4.0,1.0461514501165197,3.3063145225320447
4.779203503042354,4.0,1.0500736163038638,3.307474681463085
4.7844438577606025,4.0,1.0539944074068752,3.308653858008304
4.789684212478851,4.0,1.057913715755711,3.309852019786035
4.794924567197099,4.0,1.0618314337212462,3.311069133893251
4.800164921915347,4.0,1.0657474537180296,3.3123051669064725
4.8054052766335955,4.0,1.0696616682072384,3.3135600848826816
4.810645631351843,4.0,1.0735739696996314,3.314833853360256
4.815885986070091,4.0,1.0774842507585014,3.3161264373599155
4.821126340788339,4.0,1.081392404002624,3.3174378013856813
4.826366695506588,4.0,1.085298322109207,3.318767909425852
4.831607050224836,4.0,1.0892018978168387,3.3201167249539925
4.836847404943084,4.0,1.0931030239284323,3.3214842109299347
4.842087759661332,4.0,1.0970015933141695,3.322870329800798
4.8473281143795806,4.0,1.1008974989144433,3.3242750435020203
4.852568469097829,4.0,1.1047906337427982,3.3256983134584
4.857808823816077,4.0,1.1086808908888666,3.327140100585158
4.863049178534325,4.0,1.112568163521306,3.3286003652890113
4.8682895332525735,4.0,1.1164523448907324,3.3300790674692586
4.873529887970822,4.0,1.1203333283326522,3.3315761665188828
4.87877024268907,4.0,1.12421100727039,3.333091621325665
4.884010597407318,4.0,1.128085275218017,3.334625390273316
4.8892509521255665,4.0,1.1319560257832741,3.3361774312426147
4.894491306843815,4.0,1.135823152670494,3.337747701612569
4.899731661562063,4.0,1.1396865496835205,3.339336158261585
4.904972016280311,4.0,1.1435461107286238,3.3409427575686497
4.9102123709985595,4.0,1.1474017298174148,3.3425674554145295
4.915452725716807,4.0,1.1512533010697552,3.3442102071829836
4.920693080435055,4.0,1.1551007187166669,3.3458709677619876
4.925933435153303,4.0,1.158943877103233,3.3475496915449714
4.9311737898715515,4.0,1.1627826706915025,3.3492463324320743
4.9364141445898,4.0,1.1666169940633866,3.3509608438314085
4.941654499308048,4.0,1.1704467419235545,3.3526931786603393
4.946894854026296,4.0,1.1742718091023243,3.3544432893467793
4.9521352087445445,4.0,1.1780920905585526,3.356211127830493
4.957375563462793,4.0,1.1819074813825166,3.357996645564417
4.962615918181041,4.0,1.185717876798797,3.3597997935159944
4.967856272899289,4.0,1.189523172169155,3.3616205221685203
4.9730966276175375,4.0,1.193323262995405,3.3634587815225006
4.978336982335786,4.0,1.1971180449222847,3.365314521097027
4.983577337054034,4.0,1.2009074137403208,3.3671876899311632
4.988817691772282,4.0,1.2046912653886914,3.369078236585342
4.99405804649053,4.0,1.2084694959580822,3.3709861091427804
4.999298401208779,4.0,1.2122420016935411,3.3729112552109037
5.004538755927027,4.0,1.2160086789973272,3.3748536219227856
5.009779110645275,4.0,1.2197694244317556,3.376813155938599
5.0150194653635225,4.0,1.2235241347220374,3.3787898034470816
5.020259820081771,4.0,1.2272727067591178,3.380783510167012
5.025500174800019,4.0,1.231015037602505,3.3827942213487026
5.030740529518267,4.0,1.2347510244830984,3.384821881775501
5.0359808842365155,4.0,1.2384805648060102,3.386866435765308
5.041221238954764,4.0,1.242203556153384,3.388927827172106
5.046461593673012,4.0,1.245919896287206,3.3910059993874997
5.05170194839126,4.0,1.2496294831521129,3.393100895342273
5.056942303109508,4.0,1.253332214878195,3.395212457507955
5.062182657827757,4.0,1.257027989783793,3.397340627898398
5.067423012546005,4.0,1.260716706378291,3.3994853480713734
5.072663367264253,4.0,1.264398263364903,3.401646559130174
5.077903721982501,4.0,1.2680725596434546,3.403824201725233
5.08314407670075,4.0,1.27173949431316,3.4060182160557515
5.088384431418998,4.0,1.2753989666753918,3.408228541871344
5.093624786137246,4.0,1.2790508762364476,3.4104551184736898
5.098865140855494,4.0,1.2826951227103087,3.4126978847182015
5.104105495573743,4.0,1.2863316060213943,3.414956779015704
5.109345850291991,4.0,1.2899602263073098,3.4172317393341256
5.114586205010238,4.0,1.2935808839215885,3.4195227032002014
5.119826559728486,4.0,1.2971934794364308,3.4218296077011896
5.125066914446735,4.0,1.3007979136454306,3.424152389486598
5.130307269164983,4.0,1.3043940875663014,3.4264909847699236
5.135547623883231,4.0,1.3079819024435955,3.4288453293304064
5.140787978601479,4.0,1.3115612597514146,3.43121535851479
5.146028333319728,4.0,1.3151320611961157,3.4336010072391003
5.151268688037976,4.0,1.318694208719011,3.436002209990429
5.156509042756224,4.0,1.3222476044990596,3.438418900828736
5.161749397474472,4.0,1.3257921509555555,3.4408510133886585
5.166989752192721,4.0,1.3293277507508048,3.4432984808813343
5.172230106910969,4.0,1.3328543067928016,3.4457612360962346
5.177470461629217,4.0,1.3363717222378915,3.4482392114030116
5.182710816347465,4.0,1.3398799004934332,3.4507323387533537
5.187951171065714,4.0,1.3433787452204502,3.453240549682856
5.193191525783962,4.0,1.346868160336276,3.4557637753128994
5.19843188050221,4.0,1.3503480500171932,3.4583019463525417
5.203672235220458,4.0,1.3538183187010648,3.460854993100422
5.2089125899387065,4.0,1.3572788710899588,3.4634228454466727
5.214152944656955,4.0,1.3607296121527643,3.4660054328748466
5.219393299375202,4.0,1.3641704471278013,3.468602684463852
5.22463365409345,4.0,1.3676012815254255,3.4712145288899023
5.229874008811699,4.0,1.371022021130619,3.473840894428472
5.235114363529947,4.0,1.3744325720055797,3.4764817089562685
5.240354718248195,4.0,1.3778328404923017,3.47913689995321
5.245595072966443,4.0,1.3812227332151457,3.4818063945044218
5.250835427684692,4.0,1.3846021570834042,3.484490119302233
5.25607578240294,4.0,1.3879710192938577,3.4871880006481937
5.261316137121188,4.0,1.3913292273333226,3.489899964455097
5.266556491839436,4.0,1.3946766889811926,3.4926259362490137
5.2717968465576845,4.0,1.3980133123119707,3.4953658411713384
5.277037201275933,4.0,1.401339005697794,3.4981196039808435
5.282277555994181,4.0,1.4046536778109484,3.500887149055748
5.287517910712429,4.0,1.4079572376263796,3.5036684003957905
5.2927582654306775,4.0,1.4112495944241896,3.50646328162432
5.297998620148926,4.0,1.4145306577921297,3.5092717159903914
5.303238974867174,4.0,1.417800337628083,3.5120936263708726
5.308479329585422,4.0,1.4210585441425385,3.5149289352725646
5.3137196843036705,4.0,1.4243051878610573,3.517777564834327
5.318960039021918,4.0,1.4275401796267289,3.520639436829217
5.324200393740166,4.0,1.430763430602621,3.5235144726666396
5.329440748458414,4.0,1.4339748522742173,3.526402593394504
5.3346811031766626,4.0,1.437174356451849,3.52930371970139
5.339921457894911,4.0,1.4403618552731172,3.5322177719187295
5.345161812613159,4.0,1.4435372612053046,3.5351446700229925
5.350402167331407,4.0,1.4467004870477798,3.538084333637884
5.3556425220496555,4.0,1.4498514459343925,3.541036682036553
5.360882876767904,4.0,1.452990051335858,3.5440016341438083
5.366123231486152,4.0,1.4561162170621338,3.5469791085383444
5.3713635862044,4.0,1.4592298572647868,3.549969023454979
5.3766039409226485,4.0,1.46233088643935,3.5529712967868963
5.381844295640897,4.0,1.4654192194276712,3.555985846087904
5.387084650359145,4.0,1.4684947714202519,3.5590125885746957
5.392325005077393,4.0,1.4715574579585753,3.562051441129125
5.3975653597956414,4.0,1.474607194937426,3.5651023203004883
5.40280571451389,4.0,1.4776438986072,3.568165142307815
5.408046069232138,4.0,1.4806674855762045,3.5712398230421694
5.413286423950386,4.0,1.4836778728129474,3.5743262780689613
5.4185267786686335,4.0,1.4866749776484174,3.5774244226302625
5.423767133386882,4.0,1.4896587177783562,3.5805341716471366
5.42900748810513,4.0,1.4926290112655158,3.5836554397219733
5.434247842823378,4.0,1.4955857765419098,3.586788141140835
5.4394881975416265,4.0,1.4985289324110538,3.5899321898758103
5.444728552259875,4.0,1.501458398050195,3.5930874995873756
5.449968906978123,4.0,1.504374093012531,3.5962539836267675
5.455209261696371,4.0,1.50727593722942,3.5994315550383607
5.4604496164146195,4.0,1.5101638510125786,3.602620126562058
5.465689971132868,4.0,1.5130377550562706,3.6058196106356837
5.470930325851116,4.0,1.5158975704394853,3.6090299193973916
5.476170680569364,4.0,1.5187432186281038,3.6122509646880743
5.481411035287612,4.0,1.5215746214770565,3.6154826580537867
5.486651390005861,4.0,1.5243917012324681,3.618724910748174
5.491891744724109,4.0,1.5271943805337944,3.6219776337349097
5.497132099442357,4.0,1.5299825824159448,3.6252407376901385
5.502372454160605,4.0,1.5327562303113975,3.628514133004932
5.507612808878854,4.0,1.5355152480523007,3.6317977297877473
5.512853163597102,4.0,1.5382595598725657,3.635091437866897
5.518093518315349,4.0,1.540989090409946,3.638395166793024
5.5233338730335975,4.0,1.543703764708109,3.6417088258415875
5.528574227751846,4.0,1.5464035082186922,3.6450323240153515
5.533814582470094,4.0,1.5490882468033513,3.648365570046887
5.539054937188342,4.0,1.5517579067357956,3.651708472401075
5.54429529190659,4.0,1.5544124147038143,3.655060939277622
5.549535646624839,4.0,1.5570516978112874,3.658422878613582
5.554776001343087,4.0,1.5596756835801897,3.6617941980858824
5.560016356061335,4.0,1.5622842999525792,3.66517480511386
5.565256710779583,4.0,1.5648774752925774,3.668564606861804
5.570497065497832,4.0,1.5674551383883355,3.6719635102415054
5.57573742021608,4.0,1.570017218453991,3.6753714219148126
5.580977774934328,4.0,1.57256364513161,3.678788248296195
5.586218129652576,4.0,1.5750943484931215,3.6822138955553134
5.591458484370825,4.0,1.5776092590422355,3.685648269619595
5.596698839089073,4.0,1.5801083077163527,3.6890912761768195
5.601939193807321,4.0,1.5825914258884612,3.6925428206777062
5.607179548525569,4.0,1.58505854536902,3.696002808338513
5.612419903243818,4.0,1.587509598407833,3.699471144143637
5.617660257962066,4.0,1.589944517695908,3.702947732848225
5.622900612680313,4.0,1.5923632363673057,3.7064324789807888
5.628140967398561,4.0,1.594765688000978,3.7099252868458286
5.63338132211681,4.0,1.5971518066225874,3.7134260605264564
5.638621676835058,4.0,1.5995215267063232,3.716934703887035
5.643862031553306,4.0,1.6018747831766982,3.7204511205758153
5.649102386271554,4.0,1.604211511410337,3.7239752140275826
5.654342740989803,4.0,1.6065316472377509,3.7275068874663093
5.659583095708051,4.0,1.608835126945098,3.7310460439078112
5.664823450426299,4.0,1.6111218872759363,3.734592586162412
5.670063805144547,4.0,1.6133918654329573,3.738146416837611
5.675304159862796,4.0,1.6156449990797124,3.7417074383407596
5.680544514581044,4.0,1.617881226342325,3.745275552881738
5.685784869299292,4.0,1.6201004858111885,3.748850662475645
5.69102522401754,4.0,1.6223027165426531,3.7524326689454846
5.6962655787357885,4.0,1.6244878580607,3.756021473924865
5.701505933454037,4.0,1.6266558503586013,3.759616978860699
5.706746288172285,4.0,1.628806633900568,3.7632190850159084
5.711986642890533,4.0,1.630940149623386,3.76682769347214
5.7172269976087815,4.0,1.6330563389380357,3.7704427051324765
5.722467352327029,4.0,1.6351551437313037,3.7740640207241616
5.727707707045277,4.0,1.637236506367377,3.777691540801327
5.732948061763525,4.0,1.6393003696894264,3.781325165747719
5.738188416481774,4.0,1.6413466770211749,3.7849647957794375
5.743428771200022,4.0,1.6433753721684559,3.7886103309476744
5.74866912591827,4.0,1.645386399420755,3.792261671141461
5.753909480636518,4.0,1.6473797035527409,3.7959187160904126
5.7591498353547665,4.0,1.6493552298257805,3.7995813653674877
5.764390190073015,4.0,1.6513129239894444,3.803249518391741
5.769630544791263,4.0,1.6532527322829935,3.806923074431088
5.774870899509511,4.0,1.6551746014368591,3.81060193260507
5.7801112542277595,4.0,1.6570784786741022,3.814285991887626
5.785351608946008,4.0,1.6589643117118653,3.817975151109866
5.790591963664256,4.0,1.6608320487628068,3.8216693089628486
5.795832318382504,4.0,1.6626816385365237,3.8253683640003633
5.8010726731007525,4.0,1.6645130302409603,3.829072214641718
5.806313027819001,4.0,1.6663261735838024,3.8327807591745273
5.811553382537249,4.0,1.6681210187738589,3.8364938957575045
5.816793737255497,4.0,1.6698975165224286,3.84021152242326
5.8220340919737446,4.0,1.6716556180446542,3.8439335370811003
5.827274446691993,4.0,1.6733952750608627,3.847659837519834
5.832514801410241,4.0,1.6751164397978888,3.8513903214105754
5.837755156128489,4.0,1.6768190649903898,3.8551248863095555
5.8429955108467375,4.0,1.6785031038821412,3.858863429660937
5.848235865564986,4.0,1.6801685102273223,3.862605848799628
5.853476220283234,4.0,1.681815238291785,3.8663520409541037
5.858716575001482,4.0,1.6834432428543105,3.8701019032492265
5.8639569297197305,4.0,1.685052479207851,3.8738553327090735
5.869197284437979,4.0,1.6866429031607568,3.877612226259761
5.874437639156227,4.0,1.6882144710379907,3.8813724807322796
5.879677993874475,4.0,1.689767139682327,3.8851359928653224
5.8849183485927234,4.0,1.6913008664555367,3.8889026593081244
5.890158703310972,4.0,1.6928156092395574,3.8926723766232993
5.89539905802922,4.0,1.6943113264376528,3.8964450412896787
5.900639412747468,4.0,1.695787976975551,3.9002205497051583
5.905879767465716,4.0,1.6972455203025758,3.9039987981895385
5.911120122183965,4.0,1.6986839163927587,3.9077796829873765
5.916360476902213,4.0,1.700103125745938,3.9115631002708313
5.921600831620461,4.0,1.7015031093888446,3.9153489461425166
5.9268411863387085,4.0,1.7028838288761703,3.9191371166383546
5.932081541056957,4.0,1.7042452462916264,3.9229275077304315
5.937321895775205,4.0,1.7055873242489819,3.926720015329851
5.942562250493453,4.0,1.7069100258930925,3.9305145352895963
5.9478026052117015,4.0,1.708213314900911,3.934310963407388
5.95304295992995,4.0,1.7094971554824865,3.938109195428546
5.958283314648198,4.0,1.7107615123819453,3.9419091270488544
5.963523669366446,4.0,1.7120063508784606,3.945710653917422
5.968764024084694,4.0,1.7132316367872056,3.949513671639552
5.974004378802943,4.0,1.7144373364602918,3.953318075779605
5.979244733521191,4.0,1.715623416787693,3.9571237618638704
5.984485088239439,4.0,1.7167898451981554,3.960930625383433
5.989725442957687,4.0,1.7179365896600913,3.964738561797044
5.994965797675936,4.0,1.7190636186824593,3.968547466533992
6.000206152394184,4.0,1.7201709013156274,3.9723572349969727
6.005446507112432,4.0,1.7212584071522263,3.976167762564965
6.01068686183068,4.0,1.7223261063279802,3.9799789445961005
6.015927216548929,4.0,1.7233739695225307,3.983790676430538
6.021167571267177,4.0,1.7244019679602394,3.9876028533933394
6.026407925985424,4.0,1.7254100734109792,3.9914153707973408
6.031648280703672,4.0,1.72639825819091,3.995228123946032
6.036888635421921,4.0,1.7273664951632377,3.9990410081364276
6.042128990140169,4.0,1.7283147577389602,4.002853918661943
6.047369344858417,4.0,1.7292430198775968,4.0066667508152705
6.052609699576665,4.0,1.7301512560879049,4.010479399891255
6.057850054294914,4.0,1.7310394414285786,4.014291761189771
6.063090409013162,4.0,1.7319075515089342,4.018103730018592
6.06833076373141,4.0,1.732755562489579,4.021915201696272
6.073571118449658,4.0,1.733583451083068,4.025726071555015
6.078811473167907,4.0,1.7343911945545414,4.029536234943554
6.084051827886155,4.0,1.7351787707223503,4.033345587230022
6.089292182604403,4.0,1.7359461579586646,4.037154023804824
6.094532537322651,4.0,1.736693335190068,4.040961440083514
6.0997728920409,4.0,1.7374202818981361,4.044767731509665
6.105013246759148,4.0,1.7381269781200008,4.048572793557736
6.110253601477396,4.0,1.7388134044488963,4.052376521735951
6.115493956195644,4.0,1.7394795420346947,4.05617881158916
6.1207343109138925,4.0,1.7401253725844221,4.0599795587017145
6.12597466563214,4.0,1.740750878362761,4.063778658700328
6.131215020350388,4.0,1.7413560421925385,4.06757600725695
6.136455375068636,4.0,1.7419408474551958,4.0713715000916215
6.141695729786885,4.0,1.7425052780912471,4.07516503297535
6.146936084505133,4.0,1.7430493186007188,4.078956501732961
6.152176439223381,4.0,1.7435729540435758,4.082745802245964
6.157416793941629,4.0,1.744076170040132,4.086532830455415
6.162657148659878,4.0,1.7445589527714445,4.0903174823647666
6.167897503378126,4.0,1.7450212889796939,4.0940996540427275
6.173137858096374,4.0,1.7454631659685476,4.097879241626119
6.178378212814622,4.0,1.7458845716035092,4.101656141322724
6.1836185675328705,4.0,1.7462854943122514,4.1054302494141375
6.188858922251119,4.0,1.7466659230849333,4.109201462258615
6.194099276969367,4.0,1.7470258474745035,4.112969676293921
6.199339631687615,4.0,1.7473652575969867,4.116734788040169
6.2045799864058635,4.0,1.7476841441317554,4.120496694102667
6.209820341124112,4.0,1.7479824983217847,4.124255291174754
6.21506069584236,4.0,1.7482603119738942,4.1280104760406395
6.220301050560608,4.0,1.748517577458973,4.131762145578234
6.2255414052788565,4.0,1.7487542877121873,4.1355101967619845
6.230781759997104,4.0,1.7489704362331773,4.139254526665703
6.236022114715352,4.0,1.749166017086233,4.142995032465394
6.2412624694336,4.0,1.7493410249004588,4.146731611442072
6.2465028241518485,4.0,1.7494954548699206,4.150464160984592
6.251743178870097,4.0,1.7496293027537777,4.15419257859246
6.256983533588345,4.0,1.7497425648763991,4.157916761878649
6.262223888306593,4.0,1.7498352381274649,4.161636608572414
6.2674642430248415,4.0,1.7499073199620514,4.165352016522099
6.27270459774309,4.0,1.749958808400701,4.169062883697936
6.277944952461338,4.0,1.7499897020294766,4.17276910819486
6.283185307179586,4.0,1.75,4.176470588235294
