time,conductance,surface_state,deep_state
0.0,0.05,0.0,0.0
0.5561735261401557,0.05,0.0003210592211116796,0.027789507918142952
1.1123470522803114,0.05,0.0010850026966530727,0.05554118697357137
1.668520578420467,0.05,0.002095140499610935,0.08325555519639129
2.2246941045606228,0.05,0.0032417922375581414,0.11093292291599088
2.7808676307007785,0.05,0.0044637971798622954,0.13857348461193478
3.337041156840934,0.05,0.005727050912648396,0.16617737013338177
3.89321468298109,0.05,0.007012536601394595,0.1937446732609226
4.4493882091212456,0.05,0.00830965079011285,0.2212754676337303
5.005561735261401,0.05,0.009612481625604189,0.24876981563115336
5.561735261401557,0.05,0.010917733460708488,0.27622777332545023
6.117908787541713,0.05,0.012223569538022637,0.30364939324365037
6.674082313681868,0.05,0.013528966628489604,0.3310347259077057
7.230255839822024,0.05,0.01483335515453826,0.3583838206933718
7.78642936596218,0.05,0.016136418509733172,0.38569672630918767
8.342602892102335,0.05,0.017437981152155446,0.4129734910636099
8.898776418242491,0.05,0.018737946201226766,0.4402141630140135
9.454949944382648,0.05,0.020036260639443283,0.467418790049817
10.011123470522802,0.05,0.02133289590760585,0.494587419938872
10.567296996662957,0.05,0.022627837084020434,0.5217201003533714
11.123470522803114,0.05,0.023921076850430482,0.5488168788843298
11.67964404894327,0.05,0.025212612127204676,0.575877803049698
12.235817575083425,0.05,0.026502442196997336,0.6029029202989247
12.79199110122358,0.05,0.027790567658435628,0.6298922780155338
13.348164627363737,0.05,0.029076989842659384,0.656845923518603
13.904338153503893,0.05,0.03036171048796424,0.6837639040636216
14.460511679644048,0.05,0.03164473155837279,0.7106462668430056
15.016685205784203,0.05,0.03292605514246503,0.7374930589864237
15.57285873192436,0.05,0.03420568339696412,0.7643043275610126
16.129032258064516,0.05,0.035483618515279744,0.7910801195715371
16.68520578420467,0.05,0.0367598627099682,0.8178204819605112
17.241379310344826,0.05,0.03803441820295374,0.8445254616083064
17.797552836484982,0.05,0.03930728722007667,0.871195105333246
18.35372636262514,0.05,0.040578471988055545,0.8978294598916938
18.909899888765295,0.05,0.04184797473279452,0.9244285719781411
19.46607341490545,0.05,0.04311579767844129,0.9509924882252895
20.022246941045605,0.05,0.0443819430468637,0.9775212552041361
20.57842046718576,0.05,0.04564641305735918,1.0040149194240549
21.134593993325915,0.05,0.04690920992649482,1.0304735273328756
21.69076751946607,0.05,0.04817033586801962,1.0568971253169708
22.246941045606228,0.05,0.04942979309281759,1.0832857597013348
22.803114571746384,0.05,0.05068758380888305,1.109639476749662
23.35928809788654,0.05,0.05194371022130851,1.1359583226644339
23.915461624026694,0.05,0.05319817453227991,1.1622423435869957
24.47163515016685,0.05,0.05445097894107559,1.1884915855976377
25.027808676307007,0.05,0.055702125644067006,1.214706094715678
25.58398220244716,0.05,0.0569516168347215,1.2408859168995425
26.140155728587317,0.05,0.058199454703605095,1.2670310980468442
26.696329254727473,0.05,0.05944564143838578,1.2931416839944645
27.25250278086763,0.05,0.060690179223837265,1.319217720518635
27.808676307007786,0.05,0.06193307024184238,1.3452592533350143
28.36484983314794,0.05,0.06317431667139714,1.3712663280987716
28.921023359288096,0.05,0.06441392068861462,1.3972389904046654
29.477196885428253,0.05,0.0656518844667281,1.4231772857871223
30.033370411568406,0.05,0.06688821017609524,1.4490812597203204
30.589543937708562,0.05,0.06812289998420232,1.4749509576182622
31.14571746384872,0.05,0.06935595605566719,1.5007864248348626
31.701890989988875,0.05,0.07058738055224384,1.5265877066640239
32.25806451612903,0.05,0.07181717563282555,1.5523548483397134
32.81423804226919,0.05,0.07304534345344905,1.5780878950360466
33.37041156840934,0.05,0.07427188616729834,1.6037868918673643
33.926585094549495,0.05,0.07549680592470837,1.6294518838883136
34.48275862068965,0.05,0.07672010487316824,1.6550829160939227
35.03893214682981,0.05,0.0779417851573263,1.6806800334196867
35.595105672969964,0.05,0.07916184891899246,1.7062432807416357
36.15127919911012,0.05,0.08038029829714302,1.7317727028764272
36.70745272525028,0.05,0.08159713542792374,1.757268344581414
37.263626251390434,0.05,0.0828123624446539,1.7827302505547258
37.81979977753059,0.05,0.08402598147783015,1.8081584654353482
38.37597330367074,0.05,0.08523799465512968,1.8335530338031996
38.9321468298109,0.05,0.08644840410141479,1.8589140001792157
39.48832035595105,0.05,0.08765721193873607,1.8842414090254165
40.04449388209121,0.05,0.08886442028633577,1.9095353047449894
40.60066740823137,0.05,0.0900700312606527,1.934795731682375
41.15684093437152,0.05,0.09127404697532465,1.9600227341233303
41.71301446051168,0.05,0.09247646954119298,1.9852163562950156
42.26918798665183,0.05,0.09367730106630556,2.010376642366069
42.825361512791986,0.05,0.09487654365592138,2.03550363644669
43.38153503893214,0.05,0.09607419941251358,2.0605973825887043
43.9377085650723,0.05,0.09727027043577344,2.085657924785656
44.493882091212456,0.05,0.09846475882261332,2.1106853069728686
45.05005561735261,0.05,0.09965766666717202,2.135679573027539
45.60622914349277,0.05,0.10084899606081645,2.160640766768798
46.162402669632925,0.05,0.10203874909214662,2.185568931957804
46.71857619577308,0.05,0.10322692784699898,2.2104641122978017
47.27474972191323,0.05,0.10441353440844986,2.2353263514342148
47.83092324805339,0.05,0.10559857085681912,2.2601556929547115
48.387096774193544,0.05,0.10678203926967447,2.2849521803892854
48.9432703003337,0.05,0.10796394172183413,2.309715857210335
49.49944382647386,0.05,0.1091442802853708,2.33444676683273
50.055617352614014,0.05,0.11032305702961628,2.3591449526139012
50.61179087875417,0.05,0.11150027402116314,2.3838104578539037
51.16796440489432,0.05,0.11267593332387002,2.4084433257954974
51.72413793103448,0.05,0.11385003699886465,2.433043599624227
52.28031145717463,0.05,0.11502258710454763,2.4576113224684963
52.83648498331479,0.05,0.11619358569659527,2.4821465373996316
53.39265850945495,0.05,0.11736303482796474,2.5066492874319817
53.9488320355951,0.05,0.11853093654889586,2.531119615522967
54.50500556173526,0.05,0.11969729290691622,2.555557564573173
55.061179087875416,0.05,0.12086210594684338,2.5799631774264142
55.61735261401557,0.05,0.12202537771079043,2.6043364968698235
56.17352614015572,0.05,0.12318711023816709,2.628677565633909
56.72969966629588,0.05,0.12434730556568506,2.652986426392639
57.285873192436036,0.05,0.12550596572736195,2.677263121763523
57.84204671857619,0.05,0.12666309275452162,2.701507694307672
58.39822024471635,0.05,0.12781868867580265,2.7257201865298812
58.954393770856505,0.05,0.12897275551715803,2.749900640878707
59.51056729699666,0.05,0.13012529530186004,2.774049099746537
60.06674082313681,0.05,0.131276310050504,2.798165605469662
60.62291434927697,0.05,0.1324258017810117,2.822250200328355
61.179087875417125,0.05,0.13357377250863461,2.8463029265469455
61.73526140155728,0.05,0.13472022424595753,2.8703238262938933
62.29143492769744,0.05,0.1358651590029027,2.8943129416818576
62.847608453837594,0.05,0.13700857878673234,2.9182703147677787
63.40378197997775,0.05,0.13815048560205295,2.94219598755294
63.95995550611791,0.05,0.13929088145081814,2.9660900019830545
64.51612903225806,0.05,0.14042976833233334,2.9899523999483337
65.07230255839822,0.05,0.14156714824325764,3.013783223283556
65.62847608453838,0.05,0.14270302317760844,3.0375825137681476
66.18464961067853,0.05,0.1438373951267653,3.0613503131262525
66.74082313681868,0.05,0.1449702660794714,3.0850866630267957
67.29699666295883,0.05,0.14610163802184023,3.1087916050835886
67.85317018909899,0.05,0.1472315129373558,3.132465180855351
68.40934371523915,0.05,0.14835989280687795,3.156107431845835
68.9655172413793,0.05,0.14948677960864565,3.1797183995038596
69.52169076751946,0.05,0.1506121753182806,3.203298125223417
70.07786429365962,0.05,0.15173608190878973,3.2268466503437088
70.63403781979977,0.05,0.15285850135056953,3.2503640161492413
71.19021134593993,0.05,0.1539794356114088,3.273850263869896
71.74638487208009,0.05,0.15509888665649413,3.297305434681009
72.30255839822024,0.05,0.15621685644840966,3.3207295697034076
72.8587319243604,0.05,0.15733334694714446,3.3441227100035418
73.41490545050056,0.05,0.15844836011009283,3.3674848965934885
73.97107897664071,0.05,0.15956189789206,3.390816170431086
74.52725250278087,0.05,0.16067396224526387,3.4141165724199567
75.08342602892102,0.05,0.16178455511933973,3.4373861434096087
75.63959955506118,0.05,0.16289367846134314,3.4606249241955083
76.19577308120132,0.05,0.1640013342157524,3.483832955519115
76.75194660734148,0.05,0.1651075243244742,3.5070102780680035
77.30812013348164,0.05,0.16621225072684498,3.530156932475907
77.8642936596218,0.05,0.16731551535963488,3.5532729593227783
78.42046718576195,0.05,0.16841732015705202,3.576358399134889
78.9766407119021,0.05,0.16951766705074447,3.599413292384882
79.53281423804226,0.05,0.17061655796980457,3.6224376794918456
80.08898776418242,0.05,0.171713994840772,3.645431600821378
80.64516129032258,0.05,0.17280997958763805,3.6683950966856917
81.20133481646273,0.05,0.17390451413184713,3.6913282073436333
81.75750834260289,0.05,0.17499760039230183,3.714230973000788
82.31368186874305,0.05,0.17608924028536507,3.737103433809538
82.8698553948832,0.05,0.1771794357248649,3.759945629869139
83.42602892102336,0.05,0.17826818862209626,3.7827576012257857
83.98220244716352,0.05,0.17935550088582497,3.805539387872683
84.53837597330366,0.05,0.18044137442229236,3.8282910297501234
85.09454949944381,0.05,0.181525811135216,3.851012566745543
85.65072302558397,0.05,0.18260881292579545,3.8737040386936092
86.20689655172413,0.05,0.18369038169271415,3.8963654853762617
86.76307007786428,0.05,0.18477051933214295,3.9189969465228165
87.31924360400444,0.05,0.18584922773774476,3.941598461810024
87.8754171301446,0.05,0.18692650880067566,3.9641700708621133
88.43159065628475,0.05,0.1880023644095894,3.9867118132508983
88.98776418242491,0.05,0.18907679645064154,4.009223728495835
89.54393770856507,0.05,0.19014980680749172,4.031705856064081
90.10011123470522,0.05,0.19122139736130644,4.0541582353705685
90.65628476084538,0.05,0.1922915699907631,4.076580905778075
91.21245828698554,0.05,0.1933603265720543,4.098973906597304
91.7686318131257,0.05,0.1944276689788889,4.121337277086943
92.32480533926585,0.05,0.19549359908249675,4.143671056453708
92.88097886540601,0.05,0.1965581187516323,4.165975283852467
93.43715239154616,0.05,0.19762122985257652,4.188249998386267
93.9933259176863,0.05,0.1986829342491413,4.2104952391064066
94.54949944382646,0.05,0.1997432338026725,4.232711045012531
95.10567296996662,0.05,0.20080213037205236,4.254897455052653
95.66184649610678,0.05,0.20185962581370426,4.277054508123284
96.21802002224693,0.05,0.20291572198159485,4.29918224306943
96.77419354838709,0.05,0.20397042072723762,4.321280698684729
97.33036707452725,0.05,0.2050237238996962,4.343349913711474
97.8865406006674,0.05,0.20607563334558704,4.365389926840691
98.44271412680756,0.05,0.20712615090908393,4.387400776712216
98.99888765294772,0.05,0.2081752784319197,4.409382501914754
99.55506117908787,0.05,0.20922301775339214,4.43133514098596
100.11123470522803,0.05,0.2102693707103615,4.453258732412479
100.66740823136819,0.05,0.21131433913726103,4.4751533146300355
101.22358175750834,0.05,0.21235792486609578,4.4970189260235145
101.7797552836485,0.05,0.2134001297264454,4.518855604926976
102.33592880978864,0.05,0.21444095554547016,4.540663389623792
102.8921023359288,0.05,0.21548040414791145,4.562442318346646
103.44827586206895,0.05,0.21651847735609775,4.584192429277662
104.00444938820911,0.05,0.21755517698994498,4.605913760548431
104.56062291434927,0.05,0.2185905048669607,4.627606350240068
105.11679644048942,0.05,0.21962446280224784,4.649270236383317
105.67296996662958,0.05,0.22065705260850893,4.670905456958615
106.22914349276974,0.05,0.22168827609604663,4.6925120498961235
106.7853170189099,0.05,0.22271813507276766,4.7140900530758065
107.34149054505005,0.05,0.22374663134418765,4.735639504327529
107.8976640711902,0.05,0.2247737667134333,4.757160441431083
108.45383759733036,0.05,0.22579954298124433,4.77865290211628
109.01001112347052,0.05,0.2268239619459792,4.800116924063004
109.56618464961068,0.05,0.22784702540361434,4.821552544901268
110.12235817575083,0.05,0.2288687351477529,4.842959802211324
110.67853170189099,0.05,0.22988909296962245,4.864338733523667
111.23470522803115,0.05,0.23090810065808223,4.885689376319158
111.79087875417129,0.05,0.23192575999962173,4.907011768029037
112.34705228031144,0.05,0.23294207277836948,4.928305946035032
112.9032258064516,0.05,0.23395704077609136,4.949571947669396
113.45939933259176,0.05,0.23497066577219594,4.970809810215004
114.01557285873191,0.05,0.23598294954373955,4.992019570905391
114.57174638487207,0.05,0.23699389386542322,5.013201266924801
115.12791991101223,0.05,0.23800350050960184,5.034354935408308
115.68409343715238,0.05,0.23901177124628528,5.055480613441834
116.24026696329254,0.05,0.2400187078431416,5.07657833806223
116.7964404894327,0.05,0.2410243120654985,5.097648146257336
117.35261401557285,0.05,0.24202858567634883,5.118690074966061
117.90878754171301,0.05,0.2430315304363534,5.139704161078435
118.46496106785317,0.05,0.24403314810384094,5.160690441435663
119.02113459399332,0.05,0.24503344043481595,5.181648952830219
119.57730812013348,0.05,0.24603240918295743,5.202579732005864
120.13348164627362,0.05,0.2470300560996262,5.2234828156577855
120.68965517241378,0.05,0.24802638293386378,5.244358240432565
121.24582869855394,0.05,0.24902139143239743,5.26520604292834
121.80200222469409,0.05,0.25001508333964395,5.286026259694776
122.35817575083425,0.05,0.251007460397713,5.3068189272332305
122.9143492769744,0.05,0.25199852434640624,5.32758408199672
123.47052280311456,0.05,0.2529882769232252,5.348321760390023
124.02669632925472,0.05,0.253976719863373,5.369031998769782
124.58286985539488,0.05,0.2549638548997531,5.389714833444508
125.13904338153503,0.05,0.2559496837629815,5.410370300674673
125.69521690767519,0.05,0.25693420818137913,5.430998436672782
126.25139043381535,0.05,0.2579174298809831,5.451599277603392
126.8075639599555,0.05,0.25889935058554653,5.472172859583248
127.36373748609566,0.05,0.2598799720165397,5.492719218681271
127.91991101223581,0.05,0.2608592958931558,5.51323839091867
128.47608453837597,0.05,0.26183732393231507,5.533730412269003
129.03225806451613,0.05,0.26281405784866396,5.554195318658204
129.58843159065628,0.05,0.26378949935457974,5.574633145964681
130.14460511679644,0.05,0.2647636501601765,5.595043930019387
130.7007786429366,0.05,0.26573651197330206,5.615427706605826
131.25695216907675,0.05,0.26670808649954686,5.6357845114601774
131.8131256952169,0.05,0.26767837544224404,5.656114380271333
132.36929922135707,0.05,0.26864738050247255,5.676417348680962
132.92547274749722,0.05,0.2696151033790595,5.696693452283541
133.48164627363735,0.05,0.27058154576858606,5.71694272662651
134.0378197997775,0.05,0.2715467093653879,5.73716520721022
134.59399332591767,0.05,0.27251059586155907,5.757360929488101
135.15016685205782,0.05,0.27347320694695176,5.777529928866571
135.70634037819798,0.05,0.2744345443091869,5.797672240705324
136.26251390433814,0.05,0.27539460963364804,5.817787900317175
136.8186874304783,0.05,0.2763534046034917,5.837876942968261
137.37486095661845,0.05,0.27731093089964487,5.8579394038780155
137.9310344827586,0.05,0.27826719020081264,5.8779753182193115
138.48720800889876,0.05,0.27922218418347783,5.897984721118473
139.04338153503892,0.05,0.28017591452190443,5.9179676476553205
139.59955506117907,0.05,0.281128382888141,5.937924132863262
140.15572858731923,0.05,0.28207959095202517,5.957854211729384
140.7119021134594,0.05,0.283029540381182,5.977757919194409
141.26807563959954,0.05,0.2839782328410353,5.9976352901529335
141.8242491657397,0.05,0.2849256699947986,6.017486359453269
142.38042269187986,0.05,0.285871853503489,6.037311161897668
142.93659621802001,0.05,0.2868167850259255,6.057109732242358
143.49276974416017,0.05,0.2877604662187311,6.076882105197532
144.04894327030033,0.05,0.28870289873633553,6.096628315427457
144.60511679644048,0.05,0.2896440842309823,6.116348397550562
145.16129032258064,0.05,0.29058402435272757,6.136042386139471
145.7174638487208,0.05,0.2915227207494428,6.155710315721027
146.27363737486095,0.05,0.2924601750668193,6.175352220776379
146.8298109010011,0.05,0.2933963889483737,6.1949681357411315
147.38598442714127,0.05,0.29433136403544413,6.214558095005225
147.94215795328142,0.05,0.29526510196719935,6.234122132913173
148.49833147942158,0.05,0.29619760438063725,6.253660283763974
149.05450500556174,0.05,0.29712887291059187,6.2731725818113055
149.6106785317019,0.05,0.2980589091897329,6.292659061263485
150.16685205784205,0.05,0.2989877148485681,6.312119756283564
150.7230255839822,0.05,0.2999152915154513,6.3315547009894235
151.27919911012236,0.05,0.3008416408165798,6.35096392945378
151.8353726362625,0.05,0.3017667643759964,6.370347475704218
152.39154616240265,0.05,0.3026906638156014,6.389705373723395
152.9477196885428,0.05,0.30361334075514246,6.409037657448909
153.50389321468296,0.05,0.3045347968122285,6.428344360773515
154.06006674082312,0.05,0.30545503360232584,6.447625517545106
154.61624026696327,0.05,0.30637405273876284,6.46688116156674
155.17241379310343,0.05,0.3072918558327346,6.48611132659681
155.7285873192436,0.05,0.3082084444933038,6.5053160463490265
156.28476084538374,0.05,0.3091238203274044,6.524495354492469
156.8409343715239,0.05,0.31003798493984214,6.543649284651664
157.39710789766406,0.05,0.310950939933301,6.562777870406665
157.9532814238042,0.05,0.31186268690834634,6.581881145293126
158.50945494994437,0.05,0.31277322746342,6.600959142802233
159.06562847608453,0.05,0.3136825631948546,6.62001189638095
159.62180200222468,0.05,0.3145906956968656,6.639039439431892
160.17797552836484,0.05,0.3154976265615632,6.658041805313592
160.734149054505,0.05,0.31640335737894965,6.677019027340361
161.29032258064515,0.05,0.31730788973692065,6.6959711387824274
161.8464961067853,0.05,0.318211225221274,6.714898172866029
162.40266963292547,0.05,0.31911336541570945,6.733800162773447
162.95884315906562,0.05,0.32001431190182866,6.752677141643025
163.51501668520578,0.05,0.32091406625914076,6.771529142569235
164.07119021134594,0.05,0.3218126300650672,6.790356198602829
164.6273637374861,0.05,0.3227100048949395,6.809158342750772
165.18353726362625,0.05,0.3236061923220078,6.827935607976377
165.7397107897664,0.05,0.3245011939174377,6.8466880271993515
166.29588431590656,0.05,0.3253950112503162,6.865415633295783
166.85205784204672,0.05,0.32628764588765746,6.884118459098369
167.40823136818688,0.05,0.32717909939439604,6.902796537396229
167.96440489432703,0.05,0.3280693733334017,6.921449900935204
168.5205784204672,0.05,0.3289584692654732,6.940078582417755
169.07675194660732,0.05,0.3298463887493443,6.958682614503071
169.63292547274747,0.05,0.3307331333416871,6.977262029807156
170.18909899888763,0.05,0.33161870459711196,6.995816860902803
170.7452725250278,0.05,0.3325031040681756,7.014347140319783
171.30144605116794,0.05,0.33338633330537765,7.032852900544757
171.8576195773081,0.05,0.33426839385716645,7.05133417402141
172.41379310344826,0.05,0.3351492872699423,7.0697909931505265
172.9699666295884,0.05,0.3360290150880587,7.088223390289999
173.52614015572857,0.05,0.3369075788538255,7.1066313977548985
174.08231368186873,0.05,0.33778498010751357,7.125015047817569
174.63848720800888,0.05,0.3386612203873531,7.143374372707608
175.19466073414904,0.05,0.3395363012295393,7.161709404611973
175.7508342602892,0.05,0.34041022416823835,7.180020175675093
176.30700778642935,0.05,0.3412829907355804,7.198306717998771
176.8631813125695,0.05,0.34215460246167206,7.216569063642385
177.41935483870967,0.05,0.3430250608745963,7.234807244622923
177.97552836484982,0.05,0.34389436750041036,7.253021292914912
178.53170189098998,0.05,0.3447625238631573,7.27121124045069
179.08787541713014,0.05,0.34562953148485737,7.289377119120242
179.6440489432703,0.05,0.34649539188552214,7.307518960771413
180.20022246941045,0.05,0.3473601065831496,7.32563679720988
180.7563959955506,0.05,0.3482236770937297,7.343730660199261
181.31256952169076,0.05,0.3490861049312435,7.361800581461079
181.86874304783092,0.05,0.3499473916076754,7.379846592675005
182.42491657397107,0.05,0.35080753863300335,7.397868725478668
182.98109010011123,0.05,0.3516665475152095,7.4158670114679275
183.5372636262514,0.05,0.35252441976028037,7.433841482196762
184.09343715239154,0.05,0.3533811568722078,7.451792169177402
184.6496106785317,0.05,0.3542367603529986,7.469719103880475
185.20578420467186,0.05,0.3550912317026669,7.487622317734851
185.76195773081201,0.05,0.3559445724192451,7.505501842127895
186.31813125695217,0.05,0.3567967839987815,7.523357708405385
186.87430478309233,0.05,0.35764786793534664,7.541189947871655
187.43047830923246,0.05,0.35849782572103284,7.5589985917896145
187.9866518353726,0.05,0.3593466588459573,7.576783671380751
188.54282536151277,0.05,0.36019436879826866,7.59454521782536
189.09899888765293,0.05,0.36104095706414374,7.6122832622623715
189.65517241379308,0.05,0.36188642512779284,7.629997835789551
190.21134593993324,0.05,0.3627307744714635,7.6476889694634895
190.7675194660734,0.05,0.36357400657544164,7.665356694299749
191.32369299221355,0.05,0.3644161229180553,7.683001041272811
191.8798665183537,0.05,0.365257124975674,7.700622041316118
192.43604004449386,0.05,0.3660970142227159,7.718219725322297
192.99221357063402,0.05,0.3669357921316473,7.735794124142995
193.54838709677418,0.05,0.36777346017298684,7.753345268589094
194.10456062291433,0.05,0.36861001981530617,7.770873189430672
194.6607341490545,0.05,0.36944547252523574,7.788377917397151
195.21690767519465,0.05,0.3702798197674619,7.805859483177201
195.7730812013348,0.05,0.37111306300473745,7.823317917418966
196.32925472747496,0.05,0.37194520369787587,7.840753250729987
196.88542825361512,0.05,0.37277624330575954,7.858165513677342
197.44160177975527,0.05,0.3736061832853395,7.875554736787629
197.99777530589543,0.05,0.37443502509164084,7.892920950547078
198.5539488320356,0.05,0.37526277017776233,7.910264185401584
199.11012235817574,0.05,0.376089419994879,7.927584471756711
199.6662958843159,0.05,0.37691497599224555,7.94488183997786
200.22246941045606,0.05,0.3777394396172,7.962156320390163
200.7786429365962,0.05,0.3785628123151669,7.979407943278721
201.33481646273637,0.05,0.37938509552965394,7.996636738888485
201.89098998887653,0.05,0.3802062907022634,8.013842737424449
202.44716351501668,0.05,0.38102639927268933,8.031025969051633
203.00333704115684,0.05,0.38184542267871646,8.048186463895066
203.559510567297,0.05,0.38266336235622994,8.065324252039975
204.11568409343715,0.05,0.38348021973921687,8.08243936353181
204.67185761957728,0.05,0.38429599625976485,8.099531828376207
205.22803114571744,0.05,0.3851106933480649,8.116601676539105
205.7842046718576,0.05,0.3859243124324193,8.133648937946823
206.34037819799775,0.05,0.38673685493923937,8.150673642486082
206.8965517241379,0.05,0.38754832229304514,8.167675820004005
207.45272525027806,0.05,0.3883587159164782,8.184655500308303
208.00889877641822,0.05,0.38916803723029275,8.201612713167169
208.56507230255838,0.05,0.38997628765336323,8.218547488309415
209.12124582869853,0.05,0.39078346860269064,8.235459855424594
209.6774193548387,0.05,0.3915895814933959,8.252349844162856
210.23359288097885,0.05,0.39239462773873074,8.269217484135218
210.789766407119,0.05,0.39319860875007717,8.286062804913492
211.34593993325916,0.05,0.3940015259369486,8.30288583603032
211.90211345939932,0.05,0.3948033807069923,8.319686606979298
212.45828698553947,0.05,0.39560417446599483,8.336465147215018
213.01446051167963,0.05,0.39640390861787983,8.353221486153027
213.5706340378198,0.05,0.3972025845647176,8.36995565317001
214.12680756395994,0.05,0.39800020370671874,8.386667677603763
214.6829810901001,0.05,0.39879676744224557,8.403357588753295
215.23915461624026,0.05,0.3995922771678062,8.420025415878774
215.7953281423804,0.05,0.4003867342780626,8.436671188201714
216.35150166852057,0.05,0.4011801401658308,8.45329493490494
216.90767519466073,0.05,0.40197249622208553,8.469896685132664
217.46384872080088,0.05,0.4027638038359588,8.486476467990526
218.02002224694104,0.05,0.40355406439474595,8.50303431254569
218.5761957730812,0.05,0.40434327928390434,8.519570247826794
219.13236929922135,0.05,0.40513144988706057,8.536084302824097
219.6885428253615,0.05,0.4059185775860123,8.552576506489572
220.24471635150167,0.05,0.4067046637607221,8.56904688773672
220.80088987764182,0.05,0.40748970978933474,8.585495475440963
221.35706340378198,0.05,0.40827371704816295,8.601922298439355
221.91323692992214,0.05,0.4090566869117087,8.618327385530959
222.4694104560623,0.05,0.4098386207526439,8.634710765476548
223.02558398220242,0.05,0.4106195199418322,8.651072466998981
223.58175750834258,0.05,0.4113993858483188,8.667412518783058
224.13793103448273,0.05,0.412178219839341,8.683730949475596
224.6941045606229,0.05,0.41295602328032543,8.700027787685595
225.25027808676305,0.05,0.41373279753488956,8.716303061984068
225.8064516129032,0.05,0.4145085439648519,8.732556800904366
226.36262513904336,0.05,0.41528326393022363,8.748789032941977
226.91879866518352,0.05,0.41605695878921806,8.76499978655473
227.47497219132367,0.05,0.4168296298982548,8.781189090162805
228.03114571746383,0.05,0.41760127861195495,8.79735697214877
228.587319243604,0.05,0.4183719062831438,8.813503460857554
229.14349276974414,0.05,0.4191415142628674,8.829628584596769
229.6996662958843,0.05,0.4199101039003722,8.845732371636394
230.25583982202446,0.05,0.4206776765431257,8.861814850209047
230.8120133481646,0.05,0.42144423353681176,8.87787604851004
231.36818687430477,0.05,0.42220977622533445,8.893915994697357
231.92436040044493,0.05,0.42297430595081686,8.909934716891666
232.48053392658508,0.05,0.4237378240536083,8.925932243176522
233.03670745272524,0.05,0.42450033187228264,8.941908601598204
233.5928809788654,0.05,0.42526183074364565,8.957863820166011
234.14905450500555,0.05,0.4260223220027316,8.973797926852077
234.7052280311457,0.05,0.42678180698280754,8.989710949591549
235.26140155728586,0.05,0.42754028701538166,9.00560291628267
235.81757508342602,0.05,0.428297763430193,9.021473854786667
236.37374860956618,0.05,0.429054237555226,9.037323792927996
236.92992213570633,0.05,0.4298097107167056,9.0531527584942
237.4860956618465,0.05,0.4305641842391041,9.068960779236155
238.04226918798665,0.05,0.43131765944513956,9.084747882867976
238.5984427141268,0.05,0.4320701376557796,9.10051409706705
239.15461624026696,0.05,0.4328216201902432,9.116259449474207
239.71078976640712,0.05,0.43357210836600996,9.131983967693731
240.26696329254725,0.05,0.4343216034988058,9.147687679293295
240.8231368186874,0.05,0.4350701069026234,9.163370611804119
241.37931034482756,0.05,0.4358176198897169,9.179032792721054
241.93548387096772,0.05,0.43656414377059793,9.194674249502516
242.49165739710787,0.05,0.4373096798540506,9.210295009570586
243.04783092324803,0.05,0.4380542294471227,9.225895100311053
243.60400444938819,0.05,0.4387977938551347,9.24147454907352
244.16017797552834,0.05,0.43954037438168236,9.25703338317141
244.7163515016685,0.05,0.4402819723286304,9.272571629881872
245.27252502780865,0.05,0.4410225889961247,9.288089316446115
245.8286985539488,0.05,0.4417622256825928,9.303586470069265
246.38487208008897,0.05,0.4425008836847374,9.319063117920328
246.94104560622912,0.05,0.4432385642975538,9.334519287132569
247.49721913236928,0.05,0.4439752688143182,9.349955004803183
248.05339265850944,0.05,0.444710998526597,9.365370297993584
248.6095661846496,0.05,0.4454457547242475,9.380765193729395
249.16573971078975,0.05,0.44617953869541727,9.396139719000352
249.7219132369299,0.05,0.4469123517265596,9.41149390076069
250.27808676307006,0.05,0.4476441951024117,9.426827765928747
250.83426028921022,0.05,0.4483750701060216,9.442141341387474
251.39043381535038,0.05,0.44910497801873406,9.457434653984057
251.94660734149053,0.05,0.4498339201202003,9.472707730530253
252.5027808676307,0.05,0.45056189768837684,9.4879605978023
253.05895439377085,0.05,0.45128891199953514,9.503193282541108
253.615127919911,0.05,0.45201496432824484,9.51840581145202
254.17130144605116,0.05,0.45274005594740196,9.533598211205208
254.72747497219132,0.05,0.4534641881282159,9.548770508435492
255.28364849833147,0.05,0.45418736214020805,9.56392272974244
255.83982202447163,0.05,0.454909579251222,9.579054901690409
256.39599555061176,0.05,0.4556308407274303,9.594167050808666
256.95216907675194,0.05,0.4563511478333221,9.609259203591364
257.50834260289207,0.05,0.4570705018317176,9.624331386497524
258.06451612903226,0.05,0.4577889039837632,9.6393836259512
258.6206896551724,0.05,0.45850635554893926,9.654415948341526
259.17686318131257,0.05,0.45922285778505817,9.669428380022662
259.7330367074527,0.05,0.45993841194827095,9.684420947313955
260.2892102335929,0.05,0.46065301929306,9.69939367649983
260.845383759733,0.05,0.46136668107225237,9.714346593829994
261.4015572858732,0.05,0.4620793985370198,9.729279725519472
261.9577308120133,0.05,0.46279117293687244,9.744193097748488
262.5139043381535,0.05,0.46350200551967025,9.759086736662699
263.07007786429364,0.05,0.46421189753162306,9.773960668373157
263.6262513904338,0.05,0.4649208502172899,9.788814918956344
264.18242491657395,0.05,0.4656288648195823,9.803649514454236
264.73859844271414,0.05,0.4663359425797725,9.81846448087444
265.29477196885426,0.05,0.46704208473747966,9.83325984418993
265.85094549499445,0.05,0.4677472925306946,9.84803563033958
266.4071190211346,0.05,0.4684515671957633,9.862791865227795
266.9632925472747,0.05,0.46915490996739595,9.877528574724685
267.5194660734149,0.05,0.46985732207867414,9.892245784666237
268.075639599555,0.05,0.4705588047610365,9.906943520854067
268.6318131256952,0.05,0.4712593592443076,9.92162180905591
269.18798665183533,0.05,0.47195898675667514,9.93628067500524
269.7441601779755,0.05,0.4726576885246966,9.950920144401348
270.30033370411564,0.05,0.4733554657733213,9.965540242909855
270.85650723025583,0.05,0.47405231972586764,9.980140996162199
271.41268075639596,0.05,0.4747482516040348,9.994722429755893
271.96885428253614,0.05,0.4754432626279086,10.009284569254662
272.52502780867627,0.05,0.4761373540159615,10.023827440188393
273.08120133481646,0.05,0.47683052698505013,10.03835106805314
273.6373748609566,0.05,0.47752278275042603,10.052855478311326
274.19354838709677,0.05,0.4782141225257243,10.067340696391497
274.7497219132369,0.05,0.478904547522983,10.081806747688756
275.3058954393771,0.05,0.47959405895263263,10.096253657564493
275.8620689655172,0.05,0.48028265802350056,10.110681451346526
276.4182424916574,0.05,0.4809703459428179,10.125090154329246
276.9744160177975,0.05,0.48165712391621807,10.139479791773539
277.5305895439377,0.05,0.4823429931477361,10.153850388906815
278.08676307007784,0.05,0.48302795483981353,10.168201970923086
278.642936596218,0.05,0.4837120101933049,10.182534562983129
279.19911012235815,0.05,0.48439516040747455,10.196848190214391
279.75528364849833,0.05,0.4850774066799993,10.211142877711058
280.31145717463846,0.05,0.48575875020697035,10.2254186505341
280.86763070077865,0.05,0.4864391921828961,10.239675533711315
281.4238042269188,0.05,0.4871187338007041,10.253913552237378
281.97997775305896,0.05,0.4877973762517512,10.268132731074067
282.5361512791991,0.05,0.488475120725806,10.282333095149855
283.0923248053393,0.05,0.48915196841106645,10.296514669360352
283.6484983314794,0.05,0.4898279204941655,10.310677478568337
284.2046718576196,0.05,0.4905029781601552,10.324821547603467
284.7608453837597,0.05,0.49117714259252654,10.338946901262723
285.31701890989984,0.05,0.49185041497320414,10.35305356431023
285.87319243604003,0.05,0.4925227964825465,10.367141561477325
286.42936596218016,0.05,0.49319428829935064,10.38121091746261
286.98553948832034,0.05,0.4938648916008543,10.395261656932025
287.54171301446047,0.05,0.4945346075627362,10.409293804518859
288.09788654060065,0.05,0.4952034373591207,10.423307384823813
288.6540600667408,0.05,0.49587138216257987,10.437302422415062
289.21023359288097,0.05,0.4965384431441331,10.45127894182825
289.7664071190211,0.05,0.497204621473251,10.465236967566607
290.3225806451613,0.05,0.4978699183178524,10.479176524100785
290.8787541713014,0.05,0.498534334844316,10.493097635869233
291.4349276974416,0.05,0.4991978722174758,10.507000327277979
291.9911012235817,0.05,0.4998605316006215,10.520884622700727
292.5472747497219,0.05,0.5005223141555064,10.534750546478978
293.10344827586204,0.05,0.5011832210423531,10.54859812292218
293.6596218020022,0.05,0.5018432534198307,10.562427376307188
294.21579532814235,0.05,0.5025024124450945,10.576238330879185
294.77196885428253,0.05,0.5031606992737574,10.590031010851014
295.32814238042266,0.05,0.5038181150599079,10.603805440403589
295.88431590656285,0.05,0.5044746609561078,10.617561643685832
296.440489432703,0.05,0.5051303381133869,10.631299644814556
296.99666295884316,0.05,0.5057851476812609,10.645019467874853
297.5528364849833,0.05,0.5064390908077199,10.658721136919862
298.1090100111235,0.05,0.5070921686392357,10.672404675970906
298.6651835372636,0.05,0.5077443823207632,10.686070109017516
299.2213570634038,0.05,0.508395732995742,10.699717460017473
299.7775305895439,0.05,0.5090462218060952,10.713346752896829
300.3337041156841,0.05,0.5096958498922466,10.726958011550135
300.8898776418242,0.05,0.5103446183930973,10.740551259840128
301.4460511679644,0.05,0.5109925284460494,10.754126521598053
302.00222469410454,0.05,0.5116395811869985,10.767683820623674
302.5583982202447,0.05,0.5122857777503338,10.781223180685123
303.11457174638485,0.05,0.512931119268946,10.794744625519186
303.670745272525,0.05,0.5135756068742262,10.808248178831208
304.22691879866517,0.05,0.5142192416960755,10.821733864295272
304.7830923248053,0.05,0.5148620248628868,10.835201705553956
305.3392658509455,0.05,0.5155039575015692,10.848651726218659
305.8954393770856,0.05,0.516145040737537,10.862083949869518
306.4516129032258,0.05,0.5167852756947191,10.875498400055509
307.0077864293659,0.05,0.5174246634955524,10.88889510029436
307.5639599555061,0.05,0.5180632052609914,10.902274074072773
308.12013348164623,0.05,0.5187009021105081,10.91563534484633
308.6763070077864,0.05,0.5193377551620867,10.928978936039465
309.23248053392655,0.05,0.5199737655322447,10.942304871045904
309.78865406006673,0.05,0.5206089343360096,10.955613173228132
310.34482758620686,0.05,0.5212432626869395,10.968903865917824
310.90100111234705,0.05,0.5218767516971206,10.982176972415864
311.4571746384872,0.05,0.5225094024771623,10.995432515992174
312.01334816462736,0.05,0.5231412161362085,11.008670519885936
312.5695216907675,0.05,0.5237721937819372,11.021891007305673
313.1256952169077,0.05,0.5244023365205538,11.035094001429027
313.6818687430478,0.05,0.5250316454568037,11.048279525403025
314.238042269188,0.05,0.5256601216939739,11.061447602344195
314.7942157953281,0.05,0.5262877663338854,11.074598255338302
315.3503893214683,0.05,0.5269145804769105,11.087731507440765
315.9065628476084,0.05,0.5275405652219542,11.100847381676274
316.4627363737486,0.05,0.5281657216664719,11.113945901039147
317.01890989988874,0.05,0.5287900509064696,11.12702708849331
317.5750834260289,0.05,0.5294135540365019,11.140090966972304
318.13125695216905,0.05,0.5300362321496731,11.15313755937926
318.68743047830924,0.05,0.5306580863376409,11.166166888587018
319.24360400444937,0.05,0.5312791176906185,11.179178977438147
319.79977753058955,0.05,0.5318993272973844,11.19217384874518
320.3559510567297,0.05,0.5325187162452636,11.205151525290123
320.9121245828698,0.05,0.5331372856201531,11.218112029825136
321.46829810901,0.05,0.5337550365065069,11.231055385072114
322.0244716351501,0.05,0.5343719699873427,11.243981613722873
322.5806451612903,0.05,0.5349880871442532,11.256890738439349
323.13681868743043,0.05,0.535603389057393,11.269782781853358
323.6929922135706,0.05,0.5362178768054865,11.282657766566766
324.24916573971075,0.05,0.5368315514658428,11.295515715151742
324.80533926585093,0.05,0.5374444141143229,11.30835665015016
325.36151279199106,0.05,0.5380564658253898,11.321180594074573
325.91768631813125,0.05,0.5386677076720651,11.33398756940737
326.4738598442714,0.05,0.5392781407259578,11.346777598601289
327.03003337041156,0.05,0.5398877660572668,11.359550704079552
327.5862068965517,0.05,0.5404965847347608,11.372306908235423
328.1423804226919,0.05,0.5411045978258032,11.385046233432721
328.698553948832,0.05,0.5417118063963392,11.397768702005537
329.2547274749722,0.05,0.5423182115109142,11.410474336258629
329.8109010011123,0.05,0.5429238142326525,11.423163158466979
330.3670745272525,0.05,0.5435286156232795,11.435835190876276
330.9232480533926,0.05,0.5441326167431095,11.448490455702654
331.4794215795328,0.05,0.5447358186510662,11.461128975133086
332.03559510567294,0.05,0.5453382224046533,11.473750771324763
332.5917686318131,0.05,0.5459398290599908,11.486355866405965
333.14794215795325,0.05,0.5465406396717964,11.498944282475517
333.70411568409344,0.05,0.5471406552933928,11.511516041603052
334.26028921023357,0.05,0.5477398769767001,11.524071165828811
334.81646273637375,0.05,0.5483383057722646,11.536609677164236
335.3726362625139,0.05,0.548935942729228,11.549131597591355
335.92880978865406,0.05,0.549532788895344,11.561636949063104
336.4849833147942,0.05,0.550128845316991,11.574125753503615
337.0411568409344,0.05,0.5507241130391488,11.586598032807693
337.5973303670745,0.05,0.5513185931054275,11.599053808841482
338.15350389321463,0.05,0.551912286558045,11.61149310344191
338.7096774193548,0.05,0.5525051944378505,11.623915938417287
339.26585094549495,0.05,0.5530973177843066,11.636322335546787
339.82202447163513,0.05,0.5536886576355049,11.648712316580951
340.37819799777526,0.05,0.5542792150281659,11.661085903241514
340.93437152391544,0.05,0.5548689909976364,11.673443117221495
341.4905450500556,0.05,0.555457986577888,11.685783980185034
342.04671857619576,0.05,0.5560462028015302,11.698108513767767
342.6028921023359,0.05,0.5566336406998096,11.710416739576814
343.15906562847607,0.05,0.5572203013025956,11.722708679190344
343.7152391546162,0.05,0.5578061856384068,11.734984354158302
344.2714126807564,0.05,0.5583912947343955,11.747243786001977
344.8275862068965,0.05,0.558975629616356,11.759486996214196
345.3837597330367,0.05,0.5595591913087238,11.771714006259344
345.9399332591768,0.05,0.5601419808345852,11.783924837573512
346.496106785317,0.05,0.5607239992156624,11.796119511564221
347.05228031145714,0.05,0.5613052474723325,11.808298049610812
347.6084538375973,0.05,0.5618857266236243,11.820460473064358
348.16462736373745,0.05,0.5624654376872107,11.832606803247536
348.72080088987764,0.05,0.563044381679425,11.84473706145497
349.27697441601777,0.05,0.563622559615251,11.856851268952962
349.83314794215795,0.05,0.564199972508332,11.86894944697979
350.3893214682981,0.05,0.5647766213709694,11.881031616745563
350.94549499443826,0.05,0.5653525072141296,11.893097799432446
351.5016685205784,0.05,0.5659276310474313,11.90514801619435
352.0578420467186,0.05,0.5665019938791627,11.917182288157356
352.6140155728587,0.05,0.5670755967162828,11.929200636419614
353.1701890989989,0.05,0.5676484405644093,11.941203082051244
353.726362625139,0.05,0.5682205264278336,11.95318964609453
354.2825361512792,0.05,0.5687918553095227,11.965160349564023
354.83870967741933,0.05,0.5693624282111063,11.977115213446297
355.3948832035595,0.05,0.5699322461328974,11.989054258700232
355.95105672969964,0.05,0.5705013100738778,12.00097750625692
356.5072302558398,0.05,0.5710696210317185,12.012884977019926
357.06340378197996,0.05,0.5716371800027628,12.024776691865034
357.6195773081201,0.05,0.5722039879820309,12.036652671640319
358.17575083426027,0.05,0.5727700459632377,12.048512937166436
358.7319243604004,0.05,0.5733353549387755,12.060357509236377
359.2880978865406,0.05,0.5738999158997253,12.072186408615691
359.8442714126807,0.05,0.5744637298358566,12.083999656042359
360.4004449388209,0.05,0.5750267977356334,12.095797272227095
360.956618464961,0.05,0.5755891205862017,12.10757927785296
361.5127919911012,0.05,0.5761506993734167,12.119345693575955
362.06896551724134,0.05,0.576711535081808,12.131096540024355
362.6251390433815,0.05,0.5772716286946229,12.142831837799516
363.18131256952165,0.05,0.5778309811938016,12.154551607475423
363.73748609566184,0.05,0.5783895935599739,12.166255869598636
364.29365962180196,0.05,0.5789474667724863,12.177944644688775
364.84983314794215,0.05,0.5795046018093852,12.18961795323824
365.4060066740823,0.05,0.5800609996474196,12.20127581571229
365.96218020022246,0.05,0.5806166612620483,12.212918252549102
366.5183537263626,0.05,0.5811715876274388,12.224545284159777
367.0745272525028,0.05,0.5817257797164712,12.236156930928525
367.6307007786429,0.05,0.5822792385007322,12.24775321321236
368.1868743047831,0.05,0.5828319649505335,12.259334151341662
368.7430478309232,0.05,0.5833839600348955,12.27089976561971
369.2992213570634,0.05,0.5839352247215603,12.28245007632299
369.85539488320353,0.05,0.5844857599769828,12.293985103701072
370.4115684093437,0.05,0.5850355667663455,12.305504867976797
370.96774193548384,0.05,0.5855846460535552,12.31700938934635
371.52391546162403,0.05,0.586132998801231,12.328498687978875
372.08008898776416,0.05,0.5866806259707378,12.339972784017263
372.63626251390434,0.05,0.5872275285221465,12.351431697577311
373.19243604004447,0.05,0.5877737074142778,12.36287544874857
373.74860956618465,0.05,0.5883191636046733,12.374304057593836
374.3047830923248,0.05,0.5888638980496057,12.385717544149315
374.8609566184649,0.05,0.5894079117040903,12.397115928424833
375.4171301446051,0.05,0.5899512055218672,12.408499230403532
375.9733036707452,0.05,0.5904937804554279,12.419867470042371
376.5294771968854,0.05,0.5910356374559973,12.431220667271813
377.08565072302554,0.05,0.5915767774735362,12.442558841995783
377.6418242491657,0.05,0.5921172014567588,12.453882014092105
378.19799777530585,0.05,0.5926569103531156,12.465190203412128
378.75417130144604,0.05,0.5931959051088078,12.476483429781048
379.31034482758616,0.05,0.5937341866687841,12.48776171299776
379.86651835372635,0.05,0.5942717559767401,12.499025072834954
380.4226918798665,0.05,0.5948086139751271,12.510273529039218
380.97886540600666,0.05,0.5953447616051465,12.521507101331006
381.5350389321468,0.05,0.5958801998067551,12.532725809404637
382.091212458287,0.05,0.5964149295186667,12.543929672928403
382.6473859844271,0.05,0.5969489516783505,12.555118711544516
383.2035595105673,0.05,0.5974822672220388,12.566292944869256
383.7597330367074,0.05,0.5980148770847151,12.577452392492805
384.3159065628476,0.05,0.5985467822001471,12.588597073979809
384.87208008898773,0.05,0.5990779835008408,12.599727008868493
385.4282536151279,0.05,0.5996084819180899,12.610842216671665
385.98442714126804,0.05,0.6001382783819418,12.621942716876056
386.5406006674082,0.05,0.6006673738212215,12.633028528942763
387.09677419354836,0.05,0.6011957691635215,12.644099672307041
387.65294771968854,0.05,0.6017234653352046,12.65515616637845
388.20912124582867,0.05,0.6022504632614144,12.66619803054088
388.76529477196885,0.05,0.6027767638660659,12.67722528415263
389.321468298109,0.05,0.6033023680718506,12.688237946546263
389.87764182424917,0.05,0.603827276800238,12.699236037028774
390.4338153503893,0.05,0.6043514909714873,12.710219574881755
390.9899888765295,0.05,0.6048750115046281,12.721188579361083
391.5461624026696,0.05,0.6053978393174867,12.732143069697432
392.10233592880974,0.05,0.6059199753266612,12.743083065095702
392.6585094549499,0.05,0.606441420447544,12.75400858473554
393.21468298109005,0.05,0.6069621755943173,12.764919647771269
393.77085650723023,0.05,0.6074822416799536,12.775816273331827
394.32703003337036,0.05,0.6080016196162151,12.786698480520798
394.88320355951055,0.05,0.6085203103136534,12.797566288416455
395.4393770856507,0.05,0.6090383146816284,12.808419716072002
395.99555061179086,0.05,0.6095556336282815,12.819258782515185
396.551724137931,0.05,0.6100722680605655,12.830083506748831
397.1078976640712,0.05,0.6105882188842235,12.840893907750436
397.6640711902113,0.05,0.6111034870038025,12.851690004472395
398.2202447163515,0.05,0.6116180733226586,12.862471815842163
398.7764182424916,0.05,0.6121319787429407,12.873239360761996
399.3325917686318,0.05,0.6126452041656206,12.883992658109307
399.88876529477193,0.05,0.613157750490456,12.894731726736214
400.4449388209121,0.05,0.6136696186160386,12.905456585470326
401.00111234705224,0.05,0.6141808094397512,12.916167253113986
401.5572858731924,0.05,0.6146913238578022,12.926863748444868
402.11345939933256,0.05,0.6152011627652009,12.937546090215601
402.66963292547274,0.05,0.6157103270557899,12.94821429715427
403.22580645161287,0.05,0.616218817622217,12.958868387963996
403.78197997775305,0.05,0.6167266353559432,12.96950838132303
404.3381535038932,0.05,0.6172337811472692,12.980134295885282
404.89432703003337,0.05,0.6177402558853033,12.990746150279666
405.4505005561735,0.05,0.6182460604579743,13.001343963110454
406.0066740823137,0.05,0.6187511957520518,13.011927752957552
406.5628476084538,0.05,0.6192556626531118,13.022497538375926
407.119021134594,0.05,0.6197594620455793,13.033053337896355
407.6751946607341,0.05,0.6202625948126939,13.043595170024833
408.2313681868743,0.05,0.6207650618365332,13.054123053243007
408.78754171301443,0.05,0.6212668639980041,13.064637006007928
409.34371523915456,0.05,0.6217680021768546,13.07513704675247
409.89988876529475,0.05,0.6222684772516561,13.085623193884771
410.4560622914349,0.05,0.6227682900998316,13.09609546578896
411.01223581757506,0.05,0.6232674415976361,13.106553880824631
411.5684093437152,0.05,0.6237659326201612,13.116998457327082
412.1245828698554,0.05,0.6242637640413535,13.127429213607549
412.6807563959955,0.05,0.6247609367339856,13.137846167952702
413.2369299221357,0.05,0.6252574515696909,13.148249338625375
413.7931034482758,0.05,0.6257533094189366,13.158638743863918
414.349276974416,0.05,0.6262485111510516,13.169014401882839
414.9054505005561,0.05,0.626743057634208,13.179376330872394
415.4616240266963,0.05,0.6272369497354244,13.189724548998734
416.01779755283644,0.05,0.6277301883205757,13.200059074403958
416.5739710789766,0.05,0.6282227742543923,13.210379925206269
417.13014460511675,0.05,0.628714708400461,13.220687119499864
417.68631813125694,0.05,0.6292059916212238,13.230980675354944
418.24249165739707,0.05,0.6296966247779886,13.241260610818001
418.79866518353725,0.05,0.6301866087309058,13.251526943911212
419.3548387096774,0.05,0.6306759443390096,13.261779692633372
419.91101223581757,0.05,0.6311646324601825,13.272018874959205
420.4671857619577,0.05,0.6316526739511756,13.282244508839685
421.0233592880979,0.05,0.6321400696676138,13.292456612202177
421.579532814238,0.05,0.6326268204639746,13.302655202950056
422.1357063403782,0.05,0.6331129271936209,13.312840298963252
422.6918798665183,0.05,0.6335983907087761,13.323011918097935
423.2480533926585,0.05,0.6340832118605386,13.333170078186637
423.80422691879863,0.05,0.6345673914988823,13.3433147970383
424.3604004449388,0.05,0.6350509304726552,13.353446092438372
424.91657397107895,0.05,0.6355338296295832,13.363563982148703
425.47274749721913,0.05,0.6360160898162632,13.373668483907526
426.02892102335926,0.05,0.6364977118781867,13.383759615429922
426.58509454949944,0.05,0.6369786966597102,13.39383739440714
427.1412680756396,0.05,0.6374590450040891,13.40390183850738
427.6974416017797,0.05,0.6379387577534482,13.413952965375241
428.2536151279199,0.05,0.6384178357488021,13.423990792631898
428.80978865406,0.05,0.6388962798300608,13.434015337875529
429.3659621802002,0.05,0.6393740908360164,13.44402661868082
429.9221357063403,0.05,0.6398512696043499,13.454024652599177
430.4783092324805,0.05,0.6403278169716322,13.464009457158742
431.03448275862064,0.05,0.6408037337733355,13.4739810498647
431.5906562847608,0.05,0.6412790208438202,13.483939448198825
432.14682981090095,0.05,0.6417536790163437,13.493884669619922
432.70300333704114,0.05,0.6422277091230618,13.503816731563584
433.25917686318127,0.05,0.6427011119950307,13.513735651442431
433.81535038932145,0.05,0.6431738884621996,13.523641446645897
434.3715239154616,0.05,0.6436460393534282,13.533534134540577
434.92769744160177,0.05,0.644117565496478,13.543413732469995
435.4838709677419,0.05,0.6445884677180103,13.553280257754766
436.0400444938821,0.05,0.6450587468435984,13.563133727692525
436.5962180200222,0.05,0.6455284036977145,13.57297415955802
437.1523915461624,0.05,0.6459974391037523,13.582801570603262
437.7085650723025,0.05,0.6464658538840029,13.592615978057218
438.2647385984427,0.05,0.6469336488596829,13.602417399126345
438.82091212458283,0.05,0.6474008248509138,13.612205850994144
439.377085650723,0.05,0.6478673826767309,13.621981350821361
439.93325917686315,0.05,0.6483333231550862,13.631743915746021
440.48943270300333,0.05,0.6487986471028546,13.641493562883637
441.04560622914346,0.05,0.6492633553358279,13.651230309326978
441.60177975528364,0.05,0.6497274486687181,13.660954172146184
442.1579532814238,0.05,0.650190927915154,13.670665168388759
442.71412680756396,0.05,0.6506537938876915,13.680363315079667
443.2703003337041,0.05,0.651116047397821,13.69004862922155
443.82647385984427,0.05,0.6515776892559461,13.699721127794328
444.3826473859844,0.05,0.6520387202713942,13.709380827755343
444.9388209121246,0.05,0.6524991412524436,13.719027746039913
445.4949944382647,0.05,0.6529589530062783,13.728661899560532
446.05116796440484,0.05,0.6534181563390333,13.73828330520757
446.607341490545,0.05,0.6538767520557626,13.747891979848935
447.16351501668515,0.05,0.6543347409604638,13.757487940330222
447.71968854282534,0.05,0.6547921238560677,13.767071203474742
448.27586206896547,0.05,0.6552489015444443,13.776641786083605
448.83203559510565,0.05,0.6557050748264005,13.786199704935648
449.3882091212458,0.05,0.6561606445016881,13.795744976787553
449.94438264738596,0.05,0.6566156113689895,13.805277618373609
450.5005561735261,0.05,0.6570699762259428,13.814797646406282
451.0567296996663,0.05,0.6575237398691275,13.824305077575783
451.6129032258064,0.05,0.6579769030940632,13.833799928550135
452.1690767519466,0.05,0.6584294666952214,13.84328221597543
452.7252502780867,0.05,0.6588814314660253,13.852751956475794
453.2814238042269,0.05,0.6593327981988405,13.862209166653152
453.83759733036703,0.05,0.6597835676849896,13.87165386308764
454.3937708565072,0.05,0.6602337407147532,13.881086062337443
454.94994438264735,0.05,0.660683318077349,13.890505780938623
455.50611790878753,0.05,0.6611323005609699,13.899913035405664
456.06229143492766,0.05,0.6615806889527573,13.909307842231087
456.61846496106784,0.05,0.6620284840388055,13.918690217885413
457.174638487208,0.05,0.6624756866041724,13.928060178817535
457.73081201334816,0.05,0.6629222974328918,13.937417741454762
458.2869855394883,0.05,0.6633683173079374,13.946762922202286
458.84315906562847,0.05,0.6638137470112555,13.956095737443805
459.3993325917686,0.05,0.664258587323767,13.965416203541377
459.9555061179088,0.05,0.6647028390253404,13.974724336835179
460.5116796440489,0.05,0.6651465028948352,13.984020153644135
461.0678531701891,0.05,0.6655895797100615,13.993303670265256
461.6240266963292,0.05,0.6660320702478058,14.002574902974061
462.1802002224694,0.05,0.6664739752838366,14.01183386802473
462.73637374860954,0.05,0.6669152955928762,14.021080581649596
463.29254727474967,0.05,0.6673560319486428,14.030315060059827
463.84872080088985,0.05,0.6677961851238117,14.039537319444875
464.40489432703,0.05,0.6682357558900557,14.048747375973115
464.96106785317016,0.05,0.668674745018007,14.057945245791126
465.5172413793103,0.05,0.6691131532772903,14.067130945024353
466.0734149054505,0.05,0.6695509814365094,14.076304489776927
466.6295884315906,0.05,0.6699882302632512,14.085465896131623
467.1857619577308,0.05,0.6704249005240855,14.094615180149852
467.7419354838709,0.05,0.6708609929845695,14.103752357871912
468.2981090100111,0.05,0.6712965084092405,14.112877445316666
468.85428253615123,0.05,0.6717314475616376,14.121990458482086
469.4104560622914,0.05,0.6721658112042725,14.131091413344649
469.96662958843154,0.05,0.6725996000986723,14.14018032586008
470.52280311457173,0.05,0.6730328150053271,14.149257211962539
471.07897664071186,0.05,0.673465456683744,14.158322087565478
471.63515016685204,0.05,0.6738975258924093,14.167374968560985
472.19132369299217,0.05,0.6743290233888196,14.176415870820477
472.74749721913236,0.05,0.6747599499294589,14.18544481019402
473.3036707452725,0.05,0.6751903062698137,14.194461802510899
473.85984427141267,0.05,0.6756200931643691,14.203466863579383
474.4160177975528,0.05,0.6760493113666164,14.212460009186923
474.972191323693,0.05,0.6764779616290482,14.221441255099977
475.5283648498331,0.05,0.6769060447031601,14.230410617064265
476.0845383759733,0.05,0.6773335613394467,14.239368110804351
476.6407119021134,0.05,0.6777605122874208,14.248313752024352
477.1968854282536,0.05,0.6781868982956019,14.257247556407542
477.75305895439374,0.05,0.6786127201115078,14.26616953961623
478.3092324805339,0.05,0.6790379784816856,14.2750797172923
478.86540600667405,0.05,0.6794626741516813,14.283978105056754
479.42157953281423,0.05,0.6798868078660554,14.292864718509874
479.97775305895436,0.05,0.6803103803683807,14.30173957323136
480.5339265850945,0.05,0.6807333924012627,14.31060268478053
481.0901001112347,0.05,0.6811558447063025,14.31945406869566
481.6462736373748,0.05,0.6815777380241309,14.328293740494791
482.202447163515,0.05,0.6819990730944033,14.337121715675408
482.7586206896551,0.05,0.6824198506557859,14.345938009714372
483.3147942157953,0.05,0.6828400714459718,14.354742638068142
483.87096774193543,0.05,0.6832597362016811,14.363535616172715
484.4271412680756,0.05,0.6836788456586544,14.3723169594436
484.98331479421574,0.05,0.6840974005516633,14.381086683276067
485.53948832035593,0.05,0.6845154016145018,14.389844803044788
486.09566184649606,0.05,0.6849328495799943,14.398591334104255
486.65183537263624,0.05,0.6853497451800031,14.407326291788698
487.20800889877637,0.05,0.6857660891454077,14.416049691411764
487.76418242491656,0.05,0.6861818822061406,14.424761548267288
488.3203559510567,0.05,0.6865971250911468,14.43346187762846
488.87652947719687,0.05,0.6870118185284183,14.442150694748364
489.432703003337,0.05,0.6874259632449841,14.450828014860047
489.9888765294772,0.05,0.6878395599669084,14.459493853176276
490.5450500556173,0.05,0.6882526094192949,14.468148224889736
491.1012235817575,0.05,0.6886651123262919,14.47679114517301
491.6573971078976,0.05,0.6890770694110838,14.485422629178558
492.2135706340378,0.05,0.6894884813958957,14.494042692038695
492.76974416017794,0.05,0.6898993490020064,14.502651348865985
493.3259176863181,0.05,0.6903096729497397,14.511248614752889
493.88209121245825,0.05,0.6907194539584538,14.519834504771701
494.43826473859843,0.05,0.6911286927465684,14.528409033975013
494.99443826473856,0.05,0.691537390031548,14.536972217395398
495.55061179087875,0.05,0.6919455465299058,14.545524070045587
496.1067853170189,0.05,0.692353162957208,14.554064606918287
496.66295884315906,0.05,0.6927602400280761,14.562593842986654
497.2191323692992,0.05,0.6931667784561844,14.571111793203805
497.7753058954394,0.05,0.6935727789542568,14.57961847250302
498.3314794215795,0.05,0.6939782422340866,14.588113895798035
498.88765294771963,0.05,0.6943831690065202,14.596598077982797
499.4438264738598,0.05,0.6947875599814619,14.605071033931473
500.0,0.05,0.6951914158678698,14.613532778498485
0.0,0.2,0.0,0.0
0.5561735261401557,0.2,0.0012507072616291595,0.02773392659605082
1.1123470522803114,0.2,0.004136810555978402,0.05532601674218434
1.668520578420467,0.2,0.007850782214915817,0.08278363840423597
2.2246941045606228,0.2,0.011978765447751744,0.11011085331679783
2.7808676307007785,0.2,0.01630868234855741,0.13731002726256164
3.337041156840934,0.2,0.020731878146448484,0.164382655439748
3.89321468298109,0.2,0.025192708193178447,0.19132978551673013
4.4493882091212456,0.2,0.029662698377970375,0.21815223447803578
5.005561735261401,0.2,0.03412730084582774,0.24485069977646945
5.561735261401557,0.2,0.03857910553774563,0.27142581631097756
6.117908787541713,0.2,0.043014360713228464,0.29787818563704394
6.674082313681868,0.2,0.04743118951772136,0.324208390944623
7.230255839822024,0.2,0.05182867587120231,0.35041700474108517
7.78642936596218,0.2,0.056206395934171,0.37650459279503123
8.342602892102335,0.2,0.060564177957834066,0.4024717161635599
8.898776418242491,0.2,0.06490197919440242,0.42831893223716555
9.454949944382648,0.2,0.06921982280746514,0.4540467952810881
10.011123470522802,0.2,0.07351776553587137,0.4796558567185408
10.567296996662957,0.2,0.07779588112055966,0.5051466652816063
11.123470522803114,0.2,0.08205425181080489,0.5305197670942801
11.67964404894327,0.2,0.08629296401163142,0.5557757057207082
12.235817575083425,0.2,0.09051210605380722,0.5809150221955607
12.79199110122358,0.2,0.09471176705178201,0.6059382550452203
13.348164627363737,0.2,0.09889203631925103,0.6308459403042386
13.904338153503893,0.2,0.10305300307053541,0.6556386115293402
14.460511679644048,0.2,0.10719475626844994,0.6803167998121464
15.016685205784203,0.2,0.11131738454725452,0.7048810337912115
15.57285873192436,0.2,0.11542097617408385,0.72933183966369
16.129032258064516,0.2,0.11950561903009499,0.7536697411967799
16.68520578420467,0.2,0.12357140060171753,0.7778952597390316
17.241379310344826,0.2,0.12761840797708035,0.8020089142315647
17.797552836484982,0.2,0.1316467278450809,0.8260112212192032
18.35372636262514,0.2,0.13565644649581313,0.8499026948615565
18.909899888765295,0.2,0.13964764982168096,0.8736838469440364
19.46607341490545,0.2,0.143620423318862,0.8973551868888263
20.022246941045605,0.2,0.1475748520889466,0.9209172217657936
20.57842046718576,0.2,0.15151102084066234,0.9443704563033524
21.134593993325915,0.2,0.15542901389163666,0.9677153928992761
21.69076751946607,0.2,0.15932891517017872,0.9909525316314605
22.246941045606228,0.2,0.16321080821706252,1.0140823702686346
22.803114571746384,0.2,0.16707477618731081,1.0371054042810253
23.35928809788654,0.2,0.17092090185197212,1.0600221268509693
23.915461624026694,0.2,0.17474926759989198,1.0828330288834795
24.47163515016685,0.2,0.17855995543947725,1.1055385990167585
25.027808676307007,0.2,0.18235304700045293,1.1281393236326687
25.58398220244716,0.2,0.18612862353560922,1.1506356868671486
26.140155728587317,0.2,0.1898867659225421,1.173028170620585
26.696329254727473,0.2,0.19362755466538717,1.1953172545681352
27.25250278086763,0.2,0.19735106989654327,1.2175034161700033
27.808676307007786,0.2,0.20105739137838768,1.239587130681667
28.36484983314794,0.2,0.20474659850498725,1.261568871164059
28.921023359288096,0.2,0.20841877030379738,1.2834491084937003
29.477196885428253,0.2,0.2120739854373548,1.3052283113727827
30.033370411568406,0.2,0.215712322204964,1.3269069463392207
30.589543937708562,0.2,0.21933385854437365,1.3484854777766322
31.14571746384872,0.2,0.2229386720334448,1.3699643679242905
31.701890989988875,0.2,0.22652683989181582,1.3913440768870333
32.25806451612903,0.2,0.2300984389825539,1.4126250626451053
32.81423804226919,0.2,0.2336535458138015,1.4338077810639809
33.37041156840934,0.2,0.2371922365404176,1.4548926859041234
33.926585094549495,0.2,0.24071458696560766,1.475880228830707
34.48275862068965,0.2,0.24422067254254595,1.4967708594232887
35.03893214682981,0.2,0.24771056837599373,1.5175650251854438
35.595105672969964,0.2,0.2511843492239087,1.5382631715543493
36.15127919911012,0.2,0.2546420894990439,1.5588657419103251
36.70745272525028,0.2,0.25808386327054356,1.579373177586334
37.263626251390434,0.2,0.2615097442655301,1.599785917877433
37.81979977753059,0.2,0.2649198058706812,1.620104400050184
38.37597330367074,0.2,0.2683141211338048,1.6403290593520259
38.9321468298109,0.2,0.27169276276540144,1.6604603290205895
39.48832035595105,0.2,0.27505580314022293,1.6804986402929836
40.04449388209121,0.2,0.27840331429882326,1.7004444224150321
40.60066740823137,0.2,0.2817353679491007,1.7202981026504678
41.15684093437152,0.2,0.28505203546783275,1.7400601062900816
41.71301446051168,0.2,0.28835338790220894,1.7597308566608434
42.26918798665183,0.2,0.29163949597134947,1.7793107751349568
42.825361512791986,0.2,0.29491043006782097,1.798800281138897
43.38153503893214,0.2,0.2981662602591443,1.8181997921623867
43.9377085650723,0.2,0.3014070562892961,1.837509723767345
44.493882091212456,0.2,0.3046328875802019,1.856730489596786
45.05005561735261,0.2,0.307843823233225,1.8758625013836823
45.60622914349277,0.2,0.31103993203064295,1.894906168959782
46.162402669632925,0.2,0.31422128243712655,1.9138619002643908
46.71857619577308,0.2,0.3173879426012002,1.9327301013531035
47.27474972191323,0.2,0.3205399803567068,1.9515111764065165
47.83092324805339,0.2,0.32367746322425894,1.9702055277388713
48.387096774193544,0.2,0.32680045841268357,1.9888135558066764
48.9432703003337,0.2,0.32990903282046513,2.007335659217294
49.49944382647386,0.2,0.3330032530371762,2.0257722347374667
50.055617352614014,0.2,0.3360831853449038,2.044123677301822
50.61179087875417,0.2,0.33914889571967144,2.062390380021337
51.16796440489432,0.2,0.34220044983284925,2.080572734191751
51.72413793103448,0.2,0.3452379130525629,2.0986711293019504
52.28031145717463,0.2,0.34826135044509515,2.116685953042319
52.83648498331479,0.2,0.35127082677627575,2.134617591313029
53.39265850945495,0.2,0.3542664065128714,2.152466428232322
53.9488320355951,0.2,0.35724815382396746,2.1702328461447236
54.50500556173526,0.2,0.3602161325823402,2.187917225629247
55.061179087875416,0.2,0.36317040636582576,2.205519945507538
55.61735261401557,0.2,0.3661110384586843,2.223041382851984
56.17352614015572,0.2,0.369038091852952,2.2404819129938107
56.72969966629588,0.2,0.3719516292497933,2.257841909531098
57.285873192436036,0.2,0.3748517130608424,2.275121744336804
57.84204671857619,0.2,0.37773840540954173,2.2923217875667152
58.39822024471635,0.2,0.38061176813246944,2.30944240766738
58.954393770856505,0.2,0.38347186278066925,2.326483971384013
59.51056729699666,0.2,0.3863187506209646,2.343446843768338
60.06674082313681,0.2,0.3891524926372723,2.360331388186408
60.62291434927697,0.2,0.3919731495319104,2.377137966326397
61.179087875417125,0.2,0.3947807817268948,2.393866938206336
61.73526140155728,0.2,0.3975754493652376,2.4105186621818375
62.29143492769744,0.2,0.40035721231223365,2.427093494953769
62.847608453837594,0.2,0.40312613015674414,2.4435917915758916
63.40378197997775,0.2,0.40588226221246926,2.4600139054624615
63.95995550611791,0.2,0.4086256675192236,2.4763601883957995
64.51612903225806,0.2,0.4113564048441996,2.4926309905338524
65.07230255839822,0.2,0.41407453268322203,2.5088266604176512
65.62847608453838,0.2,0.41678010926200837,2.5249475449788106
66.18464961067853,0.2,0.4194731925374109,2.5409939895469487
66.74082313681868,0.2,0.42215384019865837,2.5569663378570864
67.29699666295883,0.2,0.4248221096685967,2.5728649320570067
67.85317018909899,0.2,0.42747805810491035,2.5886901127145854
68.40934371523915,0.2,0.4301217424013559,2.6044422188250937
68.9655172413793,0.2,0.43275321918897425,2.6201215878184465
69.52169076751946,0.2,0.43537254483730764,2.6357285555664483
70.07786429365962,0.2,0.4379797754556034,2.651263456389964
70.63403781979977,0.2,0.4405749668940218,2.6667266230661104
71.19021134593993,0.2,0.44315817474482544,2.682118386835357
71.74638487208009,0.2,0.4457294543435743,2.697439077408637
72.30255839822024,0.2,0.4482888607703114,2.7126890229744065
72.8587319243604,0.2,0.4508364488507393,2.7278685502056743
73.41490545050056,0.2,0.45337227315739886,2.742977984267003
73.97107897664071,0.2,0.45589638801083454,2.7580176488214585
74.52725250278087,0.2,0.4584088474807616,2.7729878660375813
75.08342602892102,0.2,0.4609097053872192,2.7878889565962326
75.63959955506118,0.2,0.46339901530172856,2.802721239697516
76.19577308120132,0.2,0.46587683054843865,2.8174850330675856
76.75194660734148,0.2,0.4683432042052682,2.8321806529654556
77.30812013348164,0.2,0.47079818910504073,2.846808414189786
77.8642936596218,0.2,0.4732418378366202,2.86136863008561
78.42046718576195,0.2,0.47567420274603556,2.875861612551067
78.9766407119021,0.2,0.47809533593759956,2.8902876720440522
79.53281423804226,0.2,0.48050528927503244,2.9046471175889153
80.08898776418242,0.2,0.4829041143825622,2.918940256783018
80.64516129032258,0.2,0.48529186264604207,2.933167395803391
81.20133481646273,0.2,0.48766858521403844,2.9473288394132258
81.75750834260289,0.2,0.49003433299893806,2.9614248909684537
82.31368186874305,0.2,0.49238915667803473,2.975455852424231
82.8698553948832,0.2,0.4947331066946124,2.9894220243413905
83.42602892102336,0.2,0.49706623325902527,3.0033237058928917
83.98220244716352,0.2,0.499388586349781,3.0171611948702366
84.53837597330366,0.2,0.5017002157146003,3.0309347876898336
85.09454949944381,0.2,0.504001170871492,3.0446447793993654
85.65072302558397,0.2,0.5062915011098098,3.0582914636840903
86.20689655172413,0.2,0.5085712554913057,3.0718751328731435
86.76307007786428,0.2,0.5108404828511843,3.085396077945801
87.31924360400444,0.2,0.5130992317991507,3.0988545885377046
87.8754171301446,0.2,0.5153475507204465,3.112250952947076
88.43159065628475,0.2,0.5175854877768904,3.1255854581408844
88.98776418242491,0.2,0.519813090907907,3.138858389760994
89.54393770856507,0.2,0.5220304078315574,3.1520700321302924
90.10011123470522,0.2,0.524237486045559,3.1652206682587734
90.65628476084538,0.2,0.5264343728282996,3.1783105798495948
91.21245828698554,0.2,0.5286211152398588,3.1913400473051228
91.7686318131257,0.2,0.5307977601230076,3.204309349732932
92.32480533926585,0.2,0.5329643541042168,3.2172187649517925
92.88097886540601,0.2,0.5351209435946522,3.2300685694976
93.43715239154616,0.2,0.5372675747911737,3.242859038629332
93.9933259176863,0.2,0.5394042936773193,3.255590446334918
94.54949944382646,0.2,0.5415311460242971,3.2682630653371256
95.10567296996662,0.2,0.5436481773919558,3.2808771670993773
95.66184649610678,0.2,0.5457554331297709,3.2934330218316052
96.21802002224693,0.2,0.5478529583778078,3.3059308984959905
96.77419354838709,0.2,0.5499407980676964,3.3183710648127773
97.33036707452725,0.2,0.5520189969235882,3.3307537872659663
97.8865406006674,0.2,0.5540875994631145,3.343079331109044
98.44271412680756,0.2,0.5561466499983444,3.355347960370657
98.99888765294772,0.2,0.5581961926367274,3.367559937860265
99.55506117908787,0.2,0.5602362712820447,3.379715525173783
100.11123470522803,0.2,0.5622669296353467,3.391814982699181
100.66740823136819,0.2,0.5642882111958885,3.4038585696220505
101.22358175750834,0.2,0.5663001592620618,3.415846543931159
101.7797552836485,0.2,0.5683028169323232,3.427779162423999
102.33592880978864,0.2,0.5702962271061216,3.439656680712262
102.8921023359288,0.2,0.5722804324848052,3.451479353227314
103.44827586206895,0.2,0.5742554755725494,3.463247433225676
104.00444938820911,0.2,0.5762213986772612,3.474961172794418
104.56062291434927,0.2,0.578178243911487,3.4866208228565663
105.11679644048942,0.2,0.5801260531933096,3.498226633176489
105.67296996662958,0.2,0.5820648682472532,3.5097788523652276
106.22914349276974,0.2,0.583994730605175,3.5212777278858556
106.7853170189099,0.2,0.5859156816071523,3.532723506058736
107.34149054505005,0.2,0.5878277624023716,3.544116432066825
107.8976640711902,0.2,0.5897310139500083,3.555456749960936
108.45383759733036,0.2,0.591625477020102,3.5667447026649293
109.01001112347052,0.2,0.593511192194436,3.577980531980943
109.56618464961068,0.2,0.5953881998673974,3.5891644785945758
110.12235817575083,0.2,0.5972565402468538,3.600296782080023
110.67853170189099,0.2,0.5991162533550027,3.611377680905213
111.23470522803115,0.2,0.6009673790292394,3.622407412436947
111.79087875417129,0.2,0.6028099569230003,3.6333862129459313
112.34705228031144,0.2,0.6046440265066256,3.6443143176118946
112.9032258064516,0.2,0.6064696270681869,3.655191960528554
113.45939933259176,0.2,0.6082867977143473,3.6660193747087195
114.01557285873191,0.2,0.610095577371185,3.676796792089209
114.57174638487207,0.2,0.6118960047850347,3.6875244435358527
115.12791991101223,0.2,0.6136881185233166,3.698202558848436
115.68409343715238,0.2,0.6154719569753586,3.7088313667656108
116.24026696329254,0.2,0.6172475583532223,3.7194110949697974
116.7964404894327,0.2,0.6190149606925256,3.7299419700921037
117.35261401557285,0.2,0.6207742018532462,3.7404242177170968
117.90878754171301,0.2,0.6225253195205427,3.750858062387703
118.46496106785317,0.2,0.6242683512055575,3.7612437276100037
119.02113459399332,0.2,0.6260033342462202,3.7715814358579944
119.57730812013348,0.2,0.6277303058080503,3.7818714085783975
120.13348164627362,0.2,0.6294493028849477,3.792113866195349
120.68965517241378,0.2,0.6311603622999952,3.802309028115192
121.24582869855394,0.2,0.632863520706233,3.812457112731094
121.80200222469409,0.2,0.6345588145874568,3.822558337427796
122.35817575083425,0.2,0.6362462802589937,3.8326129185862277
122.9143492769744,0.2,0.637925953868479,3.8426210715881615
123.47052280311456,0.2,0.639597871396635,3.852583010820822
124.02669632925472,0.2,0.6412620686580375,3.8624989496814797
124.58286985539488,0.2,0.6429185813018808,3.872369100581987
125.13904338153503,0.2,0.6445674448127543,3.882193674953422
125.69521690767519,0.2,0.6462086945113836,3.891972883250496
126.25139043381535,0.2,0.6478423655554009,3.9017069349561515
126.8075639599555,0.2,0.6494684929400975,3.9113960385860334
127.36373748609566,0.2,0.6510871114991618,3.9210404016928857
127.91991101223581,0.2,0.6526982559054415,3.930640230871128
128.47608453837597,0.2,0.654301960671676,3.940195731761161
129.03225806451613,0.2,0.6558982601512383,3.9497071090538336
129.58843159065628,0.2,0.6574871885388669,3.9591745664947924
130.14460511679644,0.2,0.6590687798714081,3.9685983068888904
130.7007786429366,0.2,0.660643068028536,3.9779785321044834
131.25695216907675,0.2,0.6622100867334847,3.987315443077817
131.8131256952169,0.2,0.663769869553764,3.9966092398172472
132.36929922135707,0.2,0.6653224499018806,4.00586012140757
132.92547274749722,0.2,0.6668678610360603,4.015068286014326
133.48164627363735,0.2,0.6684061360609522,4.024233930887973
134.0378197997775,0.2,0.6699373079283439,4.03335725236815
134.59399332591767,0.2,0.6714614094378578,4.0424384458878615
135.15016685205782,0.2,0.6729784732376668,4.051477705977707
135.70634037819798,0.2,0.6744885318251843,4.060475226269989
136.26251390433814,0.2,0.6759916175477662,4.069431199502922
136.8186874304783,0.2,0.677487762603395,4.0783458175247
137.37486095661845,0.2,0.6789769990413821,4.08721927129766
137.9310344827586,0.2,0.6804593587630412,4.096051750902319
138.48720800889876,0.2,0.6819348735223855,4.104843445541525
139.04338153503892,0.2,0.6834035749267938,4.113594543544414
139.59955506117907,0.2,0.6848654944376973,4.122305232370509
140.15572858731923,0.2,0.6863206633712483,4.130975698613715
140.7119021134594,0.2,0.6877691128990004,4.139606128006339
141.26807563959954,0.2,0.689210874048558,4.148196705423005
141.8242491657397,0.2,0.6906459777042611,4.156747614884699
142.38042269187986,0.2,0.6920744546078333,4.1652590395626525
142.93659621802001,0.2,0.6934963353590466,4.173731161782282
143.49276974416017,0.2,0.6949116504163727,4.182164163027091
144.04894327030033,0.2,0.6963204300976414,4.190558223942576
144.60511679644048,0.2,0.6977227045806864,4.198913524340082
145.16129032258064,0.2,0.6991185039039867,4.207230243200637
145.7174638487208,0.2,0.7005078579673214,4.215508558678829
146.27363737486095,0.2,0.7018907965324006,4.223748648106577
146.8298109010011,0.2,0.7032673492235073,4.23195068799696
147.38598442714127,0.2,0.7046375455281302,4.240114854047972
147.94215795328142,0.2,0.7060014147975975,4.248241321146331
148.49833147942158,0.2,0.7073589862477043,4.256330263371179
149.05450500556174,0.2,0.7087102889593404,4.264381853997837
149.6106785317019,0.2,0.7100553518791034,4.2723962655014756
150.16685205784205,0.2,0.7113942038199366,4.280373669560881
150.7230255839822,0.2,0.7127268734617296,4.288314237062079
151.27919911012236,0.2,0.7140533893519432,4.2962181381020095
151.8353726362625,0.2,0.7153737799062168,4.304085541992175
152.39154616240265,0.2,0.7166880734089726,4.311916617262248
152.9477196885428,0.2,0.7179962980140326,4.319711531663709
153.50389321468296,0.2,0.7192984817452144,4.327470452173438
154.06006674082312,0.2,0.7205946524969273,4.335193544997258
154.61624026696327,0.2,0.7218848380347809,4.342880975573534
155.17241379310343,0.2,0.7231690659961698,4.350532908576685
155.7285873192436,0.2,0.7244473638908739,4.358149507920746
156.28476084538374,0.2,0.72571975910164,4.365730936762848
156.8409343715239,0.2,0.726986278884775,4.373277357506744
157.39710789766406,0.2,0.7282469503707215,4.380788931806226
157.9532814238042,0.2,0.7295018005646496,4.388265820568673
158.50945494994437,0.2,0.7307508563470322,4.395708183958462
159.06562847608453,0.2,0.7319941444742094,4.403116181400355
159.62180200222468,0.2,0.7332316915789776,4.410489971582969
160.17797552836484,0.2,0.7344635241711519,4.417829712462166
160.734149054505,0.2,0.7356896686381384,4.42513556126444
161.29032258064515,0.2,0.7369101512454908,4.432407674490245
161.8464961067853,0.2,0.7381249981374771,4.439646207917377
162.40266963292547,0.2,0.739334235337653,4.4468513166043495
162.95884315906562,0.2,0.7405378887493935,4.454023154893631
163.51501668520578,0.2,0.7417359841564701,4.461161876415014
164.07119021134594,0.2,0.7429285472235957,4.468267634088917
164.6273637374861,0.2,0.7441156034969658,4.475340580129565
165.18353726362625,0.2,0.7452971784048246,4.482380866048397
165.7397107897664,0.2,0.7464732972579855,4.489388642657148
166.29588431590656,0.2,0.7476439852503962,4.496364060071227
166.85205784204672,0.2,0.7488092674596655,4.503307267712848
167.40823136818688,0.2,0.7499691688476062,4.5102184143142505
167.96440489432703,0.2,0.751123714260759,4.517097647920863
168.5205784204672,0.2,0.7522729284309404,4.523945115894533
169.07675194660732,0.2,0.7534168359757654,4.530760964916641
169.63292547274747,0.2,0.7545554613991713,4.5375453409912465
170.18909899888763,0.2,0.755688829091942,4.54429838944819
170.7452725250278,0.2,0.7568169633322451,4.551020254946284
171.30144605116794,0.2,0.7579398882861292,4.557711081476331
171.8576195773081,0.2,0.7590576280080614,4.564371012364254
172.41379310344826,0.2,0.7601702064414315,4.571000190274131
172.9699666295884,0.2,0.7612776474190677,4.577598757211307
173.52614015572857,0.2,0.7623799746637484,4.584166854525373
174.08231368186873,0.2,0.7634772117887088,4.590704622913233
174.63848720800888,0.2,0.764569382298151,4.597212202422105
175.19466073414904,0.2,0.7656565095877381,4.603689732452538
175.7508342602892,0.2,0.7667386169451009,4.61013735176134
176.30700778642935,0.2,0.7678157275503417,4.616555198464644
176.8631813125695,0.2,0.7688878644765291,4.622943410040812
177.41935483870967,0.2,0.7699550506901771,4.6293021233333365
177.97552836484982,0.2,0.7710173090517571,4.635631474553866
178.53170189098998,0.2,0.7720746623161844,4.641931599285069
179.08787541713014,0.2,0.7731271331332861,4.648202632483514
179.6440489432703,0.2,0.7741747440483202,4.654444708482652
180.20022246941045,0.2,0.7752175175024238,4.66065796099557
180.7563959955506,0.2,0.7762554758331158,4.6668425231179675
181.31256952169076,0.2,0.7772886412747724,4.672998527330934
181.86874304783092,0.2,0.7783170359590923,4.679126105503813
182.42491657397107,0.2,0.7793406819155864,4.6852253888970585
182.98109010011123,0.2,0.7803596010720348,4.691296508164962
183.5372636262514,0.2,0.7813738152549692,4.697339593358546
184.09343715239154,0.2,0.7823833461901315,4.703354773928289
184.6496106785317,0.2,0.7833882155029448,4.7093421787269305
185.20578420467186,0.2,0.784388444718969,4.7153019360121835
185.76195773081201,0.2,0.7853840552643794,4.7212341734495835
186.31813125695217,0.2,0.7863750684664008,4.727139018115093
186.87430478309233,0.2,0.7873615055537799,4.733016596497891
187.43047830923246,0.2,0.7883433876572433,4.738867034503128
187.9866518353726,0.2,0.7893207358099386,4.744690457454526
188.54282536151277,0.2,0.7902935709478954,4.750486990097144
189.09899888765293,0.2,0.7912619139104613,4.756256756599978
189.65517241379308,0.2,0.7922257854407623,4.761999880558695
190.21134593993324,0.2,0.7931852061861362,4.767716484998213
190.7675194660734,0.2,0.7941401966985853,4.773406692375414
191.32369299221355,0.2,0.7950907774352054,4.779070624581685
191.8798665183537,0.2,0.7960369687586281,4.78470840294556
192.43604004449386,0.2,0.7969787909374664,4.790320148235351
192.99221357063402,0.2,0.7979162641467342,4.795905980661711
193.54838709677418,0.2,0.7988494084682829,4.80146601988017
194.10456062291433,0.2,0.7997782438912413,4.807000384993775
194.6607341490545,0.2,0.8007027903124313,4.812509194555586
195.21690767519465,0.2,0.8016230675367989,4.817992566571233
195.7730812013348,0.2,0.8025390952778377,4.82345061850142
196.32925472747496,0.2,0.8034508931580184,4.828883467264502
196.88542825361512,0.2,0.8043584807091929,4.834291229238923
197.44160177975527,0.2,0.8052618773730309,4.8396740202657424
197.99777530589543,0.2,0.8061611025014224,4.845031955651109
198.5539488320356,0.2,0.8070561753569035,4.850365150168743
199.11012235817574,0.2,0.8079471151130562,4.8556737180623735
199.6662958843159,0.2,0.8088339408549365,4.860957773048212
200.22246941045606,0.2,0.809716671579459,4.866217428317334
200.7786429365962,0.2,0.8105953261958316,4.87145279653819
201.33481646273637,0.2,0.8114699235259403,4.876663989858953
201.89098998887653,0.2,0.8123404823047585,4.8818511199099195
202.44716351501668,0.2,0.8132070211807468,4.887014297805935
203.00333704115684,0.2,0.8140695587162619,4.892153634148781
203.559510567297,0.2,0.8149281133879402,4.897269239029496
204.11568409343715,0.2,0.8157827035871041,4.902361222030766
204.67185761957728,0.2,0.8166333476201517,4.907429692229283
205.22803114571744,0.2,0.8174800637089412,4.912474758198027
205.7842046718576,0.2,0.8183228699912012,4.917496528008663
206.34037819799775,0.2,0.8191617845208994,4.922495109233824
206.8965517241379,0.2,0.8199968252686423,4.927470608949404
207.45272525027806,0.2,0.8208280101220524,4.93242313373686
208.00889877641822,0.2,0.8216553568861507,4.937352789685498
208.56507230255838,0.2,0.8224788832837515,4.942259682394748
209.12124582869853,0.2,0.8232986069558197,4.947143916976419
209.6774193548387,0.2,0.8241145454618708,4.952005598056965
210.23359288097885,0.2,0.8249267162803317,4.956844829779699
210.789766407119,0.2,0.8257351368089231,4.961661715807047
211.34593993325916,0.2,0.8265398243650276,4.9664563593227715
211.90211345939932,0.2,0.8273407961860689,4.971228863034173
212.45828698553947,0.2,0.8281380694298648,4.975979329174266
213.01446051167963,0.2,0.8289316611750139,4.980707859504019
213.5706340378198,0.2,0.8297215884212499,4.985414555314487
214.12680756395994,0.2,0.8305078680898053,4.990099517429009
214.6829810901001,0.2,0.8312905170237803,4.994762846205381
215.23915461624026,0.2,0.8320695519885036,4.9994046415379785
215.7953281423804,0.2,0.8328449896718736,5.004025002859853
216.35150166852057,0.2,0.833616846684749,5.008624029144985
216.90767519466073,0.2,0.8343851395612738,5.0132018189103
217.46384872080088,0.2,0.8351498847592498,5.017758470217798
218.02002224694104,0.2,0.8359110986604791,5.02229408067668
218.5761957730812,0.2,0.8366687975711198,5.026808747445434
219.13236929922135,0.2,0.837422997722037,5.031302567233902
219.6885428253615,0.2,0.8381737152691473,5.035775636305342
220.24471635150167,0.2,0.838920966293761,5.040228050478526
220.80088987764182,0.2,0.8396647668029353,5.0446599051297465
221.35706340378198,0.2,0.8404051327298145,5.049071295194921
221.91323692992214,0.2,0.8411420799339666,5.05346231517157
222.4694104560623,0.2,0.8418756242017287,5.057833059120864
223.02558398220242,0.2,0.8426057812465406,5.062183620669639
223.58175750834258,0.2,0.8433325667092775,5.0665140930123505
224.13793103448273,0.2,0.8440559961586122,5.070824568913234
224.6941045606229,0.2,0.8447760850913006,5.075115140708048
225.25027808676305,0.2,0.8454928489325572,5.079385900306239
225.8064516129032,0.2,0.8462063030363647,5.083636939192871
226.36262513904336,0.2,0.8469164626858109,5.087868348430547
226.91879866518352,0.2,0.8476233430934011,5.092080218661332
227.47497219132367,0.2,0.848326959401408,5.096272640108824
228.03114571746383,0.2,0.8490273266821753,5.100445702579938
228.587319243604,0.2,0.8497244599384524,5.104599495466939
229.14349276974414,0.2,0.850418374103707,5.108734107749263
229.6996662958843,0.2,0.8511090840424553,5.112849627995522
230.25583982202446,0.2,0.8517966045505756,5.116946144365357
230.8120133481646,0.2,0.852480950355614,5.121023744611248
231.36818687430477,0.2,0.8531621361171269,5.125082516080575
231.92436040044493,0.2,0.8538401764269608,5.129122545717268
232.48053392658508,0.2,0.8545150858095975,5.13314392006388
233.03670745272524,0.2,0.8551868787224467,5.137146725263318
233.5928809788654,0.2,0.8558555695561517,5.141131047060675
234.14905450500555,0.2,0.856521172634913,5.145096970805136
234.7052280311457,0.2,0.8571837022167876,5.14904458145179
235.26140155728586,0.2,0.8578431724939903,5.1529739635634115
235.81757508342602,0.2,0.8584995975932022,5.156885201312289
236.37374860956618,0.2,0.8591529915758772,5.160778378482087
236.92992213570633,0.2,0.8598033684385349,5.164653578469533
237.4860956618465,0.2,0.8604507421130647,5.168510884286292
238.04226918798665,0.2,0.8610951264670246,5.172350378560688
238.5984427141268,0.2,0.861736535303939,5.1761721435395405
239.15461624026696,0.2,0.8623749823635924,5.179976261089856
239.71078976640712,0.2,0.8630104813223219,5.183762812700611
240.26696329254725,0.2,0.8636430457933102,5.18753187948447
240.8231368186874,0.2,0.8642726893268957,5.19128354217966
241.37931034482756,0.2,0.864899425410821,5.195017881151429
241.93548387096772,0.2,0.8655232674705665,5.198734976394051
242.49165739710787,0.2,0.8661442288696172,5.202434907532395
243.04783092324803,0.2,0.8667623229097421,5.206117753823618
243.60400444938819,0.2,0.8673775628312941,5.2097835941589175
244.16017797552834,0.2,0.8679899618134825,5.213432507065187
244.7163515016685,0.2,0.8685995329746745,5.217064570706788
245.27252502780865,0.2,0.8692062893726368,5.2206798628870175
245.8286985539488,0.2,0.8698102440048661,5.2242784610500435
246.38487208008897,0.2,0.8704114098088247,5.227860442282331
246.94104560622912,0.2,0.8710097996622371,5.231425883314407
247.49721913236928,0.2,0.8716054263833704,5.2349748605225255
248.05339265850944,0.2,0.8721983027313005,5.238507449930259
248.6095661846496,0.2,0.8727884414061757,5.242023727210054
249.16573971078975,0.2,0.8733758550495143,5.245523767685037
249.7219132369299,0.2,0.8739605562444575,5.2490076463304804
250.27808676307006,0.2,0.8745425575160362,5.252475437775431
250.83426028921022,0.2,0.8751218713314493,5.255927216304334
251.39043381535038,0.2,0.8756985101003281,5.259363055858633
251.94660734149053,0.2,0.8762724861750008,5.2627830300383405
252.5027808676307,0.2,0.8768438118507526,5.266187212103575
253.05895439377085,0.2,0.877412499366105,5.269575674976239
253.615127919911,0.2,0.877978560903056,5.272948491241453
254.17130144605116,0.2,0.8785420085873537,5.276305733149152
254.72747497219132,0.2,0.8791028544887537,5.279647472615691
255.28364849833147,0.2,0.8796611106212888,5.2829737812253725
255.83982202447163,0.2,0.8802167889434991,5.286284730231854
256.39599555061176,0.2,0.8807699013587202,5.2895803905598715
256.95216907675194,0.2,0.8813204597153097,5.292860832806582
257.50834260289207,0.2,0.8818684758069264,5.296126127243218
258.06451612903226,0.2,0.8824139613727549,5.299376343816441
258.6206896551724,0.2,0.8829569280977856,5.302611552150003
259.17686318131257,0.2,0.8834973876130523,5.305831821546148
259.7330367074527,0.2,0.884035351495875,5.30903722098709
260.2892102335929,0.2,0.8845708312701124,5.312227819136483
260.845383759733,0.2,0.8851038384064207,5.315403684340994
261.4015572858732,0.2,0.885634384322477,5.3185648846316
261.9577308120133,0.2,0.8861624803832515,5.321711487725267
262.5139043381535,0.2,0.886688137901215,5.324843561026107
263.07007786429364,0.2,0.8872113681366215,5.327961171627125
263.6262513904338,0.2,0.8877321822977131,5.331064386311422
264.18242491657395,0.2,0.8882505915409851,5.33415327155376
264.73859844271414,0.2,0.8887666069714191,5.337227893521963
265.29477196885426,0.2,0.8892802396427134,5.340288318078308
265.85094549499445,0.2,0.8897915005575232,5.343334610780905
266.4071190211346,0.2,0.890300400667705,5.346366836885212
266.9632925472747,0.2,0.8908069508745315,5.34938506134529
267.5194660734149,0.2,0.8913111620289549,5.352389348815336
268.075639599555,0.2,0.8918130449318039,5.355379763650932
268.6318131256952,0.2,0.8923126103340437,5.358356369910538
269.18798665183533,0.2,0.8928098689369931,5.361319231356795
269.7441601779755,0.2,0.8933048313925576,5.364268411457938
270.30033370411564,0.2,0.8937975083034561,5.367203973389105
270.85650723025583,0.2,0.8942879102234463,5.370125980033722
271.41268075639596,0.2,0.8947760476575516,5.373034493984829
271.96885428253614,0.2,0.8952619310622928,5.375929577546478
272.52502780867627,0.2,0.8957455708459072,5.378811292735005
273.08120133481646,0.2,0.896226977368557,5.381679701280336
273.6373748609566,0.2,0.8967061609425842,5.384534864627424
274.19354838709677,0.2,0.8971831318326959,5.387376843937423
274.7497219132369,0.2,0.897657900256219,5.390205700089162
275.3058954393771,0.2,0.89813047638328,5.393021493680234
275.8620689655172,0.2,0.8986008703370532,5.395824285028482
276.4182424916574,0.2,0.8990690921939788,5.39861413417328
276.9744160177975,0.2,0.8995351519839473,5.40139110087664
277.5305895439377,0.2,0.899999059690548,5.404155244624699
278.08676307007784,0.2,0.9004608252512755,5.406906624628935
278.642936596218,0.2,0.9009204585577157,5.409645299827298
279.19911012235815,0.2,0.9013779694558036,5.412371328885712
279.75528364849833,0.2,0.9018333677459878,5.4150847701991
280.31145717463846,0.2,0.9022866631834782,5.417785681892818
280.86763070077865,0.2,0.9027378654784364,5.4204741218238
281.4238042269188,0.2,0.9031869842961748,5.423150147581778
281.97997775305896,0.2,0.9036340292573871,5.425813816490599
282.5361512791991,0.2,0.9040790099383365,5.4284651856093955
283.0923248053393,0.2,0.9045219358710732,5.431104311733851
283.6484983314794,0.2,0.9049628165436228,5.433731251397337
284.2046718576196,0.2,0.9054016614002056,5.436346060872221
284.7608453837597,0.2,0.9058384798414324,5.438948796171018
285.31701890989984,0.2,0.9062732812245011,5.441539513047579
285.87319243604003,0.2,0.9067060748634033,5.444118266998306
286.42936596218016,0.2,0.9071368700291221,5.446685113263353
286.98553948832034,0.2,0.9075656759498352,5.449240106827817
287.54171301446047,0.2,0.9079925018111055,5.451783302422866
288.09788654060065,0.2,0.9084173567560705,5.454314754526918
288.6540600667408,0.2,0.9088402498856687,5.456834517366902
289.21023359288097,0.2,0.9092611902587971,5.45934264491928
289.7664071190211,0.2,0.909680186892528,5.461839190911308
290.3225806451613,0.2,0.9100972487622951,5.464324208822127
290.8787541713014,0.2,0.910512384802094,5.466797751883981
291.4349276974416,0.2,0.9109256039046503,5.469259873083216
291.9911012235817,0.2,0.9113369149216431,5.471710625161594
292.5472747497219,0.2,0.9117463266638755,5.474150060617335
293.10344827586204,0.2,0.9121538479014545,5.47657823170617
293.6596218020022,0.2,0.9125594873640017,5.4789951904426
294.21579532814235,0.2,0.9129632537408194,5.481400988600887
294.77196885428253,0.2,0.9133651556810978,5.483795677716296
295.32814238042266,0.2,0.913765201794078,5.486179309086063
295.88431590656285,0.2,0.9141634006492496,5.488551933770553
296.440489432703,0.2,0.9145597607765382,5.490913602594406
296.99666295884316,0.2,0.9149542906664677,5.493264366147489
297.5528364849833,0.2,0.9153469987703748,5.495604274786169
298.1090100111235,0.2,0.9157378935005532,5.49793337863419
298.6651835372636,0.2,0.9161269832304557,5.500251727583867
299.2213570634038,0.2,0.9165142762948877,5.502559371297226
299.7775305895439,0.2,0.9168997809901421,5.50485635920683
300.3337041156841,0.2,0.917283505574217,5.507142740517061
300.8898776418242,0.2,0.9176654582669752,5.509418564205097
301.4460511679644,0.2,0.9180456472503249,5.511683879021926
302.00222469410454,0.2,0.9184240806683903,5.5139387334934495
302.5583982202447,0.2,0.9188007666276949,5.516183175921496
303.11457174638485,0.2,0.9191757131973228,5.518417254384831
303.670745272525,0.2,0.9195489284091014,5.520641016740228
304.22691879866517,0.2,0.9199204202577661,5.522854510623447
304.7830923248053,0.2,0.920290196701146,5.525057783450366
305.3392658509455,0.2,0.9206582656603124,5.5272508824178
305.8954393770856,0.2,0.9210246350197677,5.52943385450473
306.4516129032258,0.2,0.9213893126276043,5.531606746473141
307.0077864293659,0.2,0.9217523062956761,5.533769604869125
307.5639599555061,0.2,0.922113623799762,5.535922476023827
308.12013348164623,0.2,0.9224732728797344,5.5380654060544225
308.6763070077864,0.2,0.9228312612397324,5.540198440865204
309.23248053392655,0.2,0.9231875965483195,5.542321626148453
309.78865406006673,0.2,0.9235422864386394,5.544435007385449
310.34482758620686,0.2,0.9238953385086011,5.546538629847498
310.90100111234705,0.2,0.9242467603210227,5.548632538596838
311.4571746384872,0.2,0.9245965594037978,5.550716778487594
312.01334816462736,0.2,0.9249447432500693,5.55279139416686
312.5695216907675,0.2,0.9252913193183623,5.5548564300754375
313.1256952169077,0.2,0.9256362950327846,5.5569119304490835
313.6818687430478,0.2,0.9259796777831416,5.558957939319132
314.238042269188,0.2,0.9263214749251221,5.560994500513674
314.7942157953281,0.2,0.9266616937804582,5.563021657658436
315.3503893214683,0.2,0.9270003416370616,5.565039454177662
315.9065628476084,0.2,0.9273374257491899,5.56704793329507
316.4627363737486,0.2,0.9276729533376187,5.569047138034849
317.01890989988874,0.2,0.9280069315897671,5.571037111222461
317.5750834260289,0.2,0.9283393676598635,5.5730178954856076
318.13125695216905,0.2,0.9286702686691165,5.574989533255231
318.68743047830924,0.2,0.9289996417058344,5.576952066766248
319.24360400444937,0.2,0.9293274938256005,5.578905538058584
319.79977753058955,0.2,0.929653832051423,5.580849988978079
320.3559510567297,0.2,0.9299786633738789,5.582785461177318
320.9121245828698,0.2,0.9303019947512632,5.584711996116547
321.46829810901,0.2,0.9306238331097377,5.586629635064568
322.0244716351501,0.2,0.9309441853434866,5.588538419099612
322.5806451612903,0.2,0.9312630583148559,5.590438389110223
323.13681868743043,0.2,0.9315804588545016,5.59232958579614
323.6929922135706,0.2,0.9318963937615512,5.59421204966921
324.24916573971075,0.2,0.9322108698037233,5.596085821054153
324.80533926585093,0.2,0.9325238937174933,5.597950940089527
325.36151279199106,0.2,0.9328354722082195,5.599807446728497
325.91768631813125,0.2,0.9331456119503119,5.601655380739786
326.4738598442714,0.2,0.9334543195873465,5.603494781708445
327.03003337041156,0.2,0.9337616017322405,5.605325689036798
327.5862068965517,0.2,0.9340674649673586,5.607148141945176
328.1423804226919,0.2,0.9343719158446703,5.608962179472767
328.698553948832,0.2,0.9346749608859005,5.610767840478556
329.2547274749722,0.2,0.9349766065826538,5.6125651636420795
329.8109010011123,0.2,0.9352768593965658,5.6143541874642775
330.3670745272525,0.2,0.9355757257594246,5.616134950268273
330.9232480533926,0.2,0.9358732120733186,5.61790749020021
331.4794215795328,0.2,0.9361693247107892,5.619671845230181
332.03559510567294,0.2,0.936464070014932,5.621428053152844
332.5917686318131,0.2,0.9367574542995696,5.623176151588416
333.14794215795325,0.2,0.9370494838493566,5.624916177983346
333.70411568409344,0.2,0.9373401649199369,5.626648169611184
334.26028921023357,0.2,0.9376295037380644,5.628372163573379
334.81646273637375,0.2,0.9379175065017392,5.63008819680005
335.3726362625139,0.2,0.9382041793803378,5.631796306050745
335.92880978865406,0.2,0.9384895285147625,5.633496527915382
336.4849833147942,0.2,0.9387735600175436,5.635188898814791
337.0411568409344,0.2,0.9390562799729963,5.636873455001719
337.5973303670745,0.2,0.9393376944373414,5.638550232561489
338.15350389321463,0.2,0.9396178094388201,5.640219267412725
338.7096774193548,0.2,0.9398966309778575,5.641880595308311
339.26585094549495,0.2,0.9401741650271597,5.643534251835973
339.82202447163513,0.2,0.9404504175318498,5.645180272419074
340.37819799777526,0.2,0.9407253944096078,5.646818692317478
340.93437152391544,0.2,0.9409991015507871,5.648449546628191
341.4905450500556,0.2,0.9412715448185331,5.650072870286167
342.04671857619576,0.2,0.9415427300489269,5.65168869806504
342.6028921023359,0.2,0.9418126630510932,5.653297064577855
343.15906562847607,0.2,0.9420813496073428,5.654898004277876
343.7152391546162,0.2,0.9423487954732718,5.656491551459214
344.2714126807564,0.2,0.9426150063779128,5.658077740257671
344.8275862068965,0.2,0.9428799880238353,5.659656604651387
345.3837597330367,0.2,0.9431437460872778,5.661228178461633
345.9399332591768,0.2,0.9434062862182775,5.662792495353532
346.496106785317,0.2,0.9436676140407669,5.664349588836674
347.05228031145714,0.2,0.9439277351527159,5.665899492265961
347.6084538375973,0.2,0.9441866551262501,5.667442238842287
348.16462736373745,0.2,0.9444443795077562,5.668977861613222
348.72080088987764,0.2,0.9447009138180197,5.67050639347373
349.27697441601777,0.2,0.9449562635523264,5.672027867166894
349.83314794215795,0.2,0.9452104341805863,5.673542315284596
350.3893214682981,0.2,0.9454634311474593,5.675049770268218
350.94549499443826,0.2,0.9457152598724481,5.676550264409301
351.5016685205784,0.2,0.9459659257500515,5.678043829850381
352.0578420467186,0.2,0.9462154341498434,5.679530498585481
352.6140155728587,0.2,0.9464637904166029,5.681010302460877
353.1701890989989,0.2,0.9467109998704446,5.682483273175898
353.726362625139,0.2,0.9469570678068989,5.683949442283394
354.2825361512792,0.2,0.9472019994970478,5.685408841190536
354.83870967741933,0.2,0.9474458001876415,5.6868615011595
355.3948832035595,0.2,0.9476884751011895,5.688307453308067
355.95105672969964,0.2,0.9479300294361055,5.689746728610408
356.5072302558398,0.2,0.9481704683667804,5.691179357897564
357.06340378197996,0.2,0.9484097970437186,5.692605371858258
357.6195773081201,0.2,0.9486480205936334,5.694024801039476
358.17575083426027,0.2,0.9488851441195885,5.695437675847246
358.7319243604004,0.2,0.9491211727010598,5.696844026547073
359.2880978865406,0.2,0.9493561113940769,5.698243883264784
359.8442714126807,0.2,0.949589965231318,5.699637275987027
360.4004449388209,0.2,0.9498227392222346,5.701024234562071
360.956618464961,0.2,0.9500544383531299,5.702404788700283
361.5127919911012,0.2,0.9502850675872974,5.703778967974905
362.06896551724134,0.2,0.9505146318651025,5.70514680182254
362.6251390433815,0.2,0.9507431361041002,5.7065083195439446
363.18131256952165,0.2,0.9509705851991372,5.707863550304507
363.73748609566184,0.2,0.9511969840224622,5.709212523134998
364.29365962180196,0.2,0.9514223374238246,5.710555266932131
364.84983314794215,0.2,0.9516466502305709,5.71189181045912
365.4060066740823,0.2,0.9518699272477663,5.713222182346421
365.96218020022246,0.2,0.9520921732582879,5.714546411092299
366.5183537263626,0.2,0.9523133930229231,5.715864525063381
367.0745272525028,0.2,0.9525335912804758,5.717176552495317
367.6307007786429,0.2,0.9527527727478698,5.718482521493392
368.1868743047831,0.2,0.952970942120251,5.719782460033111
368.7430478309232,0.2,0.953188104071075,5.721076395960777
369.2992213570634,0.2,0.953404263252236,5.722364356994157
369.85539488320353,0.2,0.9536194242941207,5.723646370722941
370.4115684093437,0.2,0.9538335918057567,5.724922464609513
370.96774193548384,0.2,0.9540467703748834,5.726192665989417
371.52391546162403,0.2,0.9542589645680527,5.727457002071951
372.08008898776416,0.2,0.9544701789307273,5.728715499940773
372.63626251390434,0.2,0.9546804179873887,5.72996818655451
373.19243604004447,0.2,0.9548896862416132,5.731215088747238
373.74860956618465,0.2,0.9550979881762024,5.732456233229227
374.3047830923248,0.2,0.9553053282532376,5.733691646587322
374.8609566184649,0.2,0.9555117109142073,5.734921355285652
375.4171301446051,0.2,0.9557171405800867,5.736145385666105
375.9733036707452,0.2,0.9559216216514341,5.7373637639489425
376.5294771968854,0.2,0.956125158508499,5.738576516233393
377.08565072302554,0.2,0.9563277555112908,5.7397836684981085
377.6418242491657,0.2,0.9565294169996958,5.740985246601818
378.19799777530585,0.2,0.9567301472935482,5.742181276283816
378.75417130144604,0.2,0.9569299506927541,5.743371783164599
379.31034482758616,0.2,0.9571288314773461,5.744556792746281
379.86651835372635,0.2,0.9573267939076046,5.745736330413283
380.4226918798665,0.2,0.9575238422241295,5.746910421432762
380.97886540600666,0.2,0.957719980647951,5.748079090955271
381.5350389321468,0.2,0.9579152133805937,5.74924236401513
382.091212458287,0.2,0.9581095446041896,5.750400265531135
382.6473859844271,0.2,0.9583029784815642,5.751552820307
383.2035595105673,0.2,0.958495519156305,5.752700053031871
383.7597330367074,0.2,0.9586871707528785,5.75384198828093
384.3159065628476,0.2,0.9588779373767073,5.754978650515861
384.87208008898773,0.2,0.9590678231142454,5.756110064085408
385.4282536151279,0.2,0.9592568320330906,5.757236253225867
385.98442714126804,0.2,0.959444968182049,5.758357242061646
386.5406006674082,0.2,0.9596322355912326,5.759473054605704
387.09677419354836,0.2,0.9598186382721411,5.760583714760134
387.65294771968854,0.2,0.9600041802177599,5.761689246316713
388.20912124582867,0.2,0.9601888654026329,5.76278967295731
388.76529477196885,0.2,0.9603726977829429,5.763885018254439
389.321468298109,0.2,0.9605556812966158,5.764975305671777
389.87764182424917,0.2,0.960737819863382,5.766060558564638
390.4338153503893,0.2,0.9609191173848878,5.767140800180542
390.9899888765295,0.2,0.961099577744746,5.768216053659573
391.5461624026696,0.2,0.9612792048086446,5.769286342035034
392.10233592880974,0.2,0.9614580024244264,5.770351688233851
392.6585094549499,0.2,0.9616359744221598,5.771412115077083
393.21468298109005,0.2,0.961813124614223,5.772467645280381
393.77085650723023,0.2,0.9619894567954049,5.773518301454578
394.32703003337036,0.2,0.9621649747429556,5.774564106105998
394.88320355951055,0.2,0.9623396822166939,5.775605081637125
395.4393770856507,0.2,0.9625135829590691,5.776641250346934
395.99555061179086,0.2,0.9626866806952594,5.777672634431498
396.551724137931,0.2,0.9628589791332338,5.778699255984336
397.1078976640712,0.2,0.9630304819638404,5.77972113699698
397.6640711902113,0.2,0.963201192860887,5.780738299359416
398.2202447163515,0.2,0.9633711154812111,5.781750764860511
398.7764182424916,0.2,0.963540253464779,5.782758555188594
399.3325917686318,0.2,0.9637086104347292,5.78376169193176
399.88876529477193,0.2,0.9638761899974784,5.784760196578455
400.4449388209121,0.2,0.9640429957428035,5.785754090517959
401.00111234705224,0.2,0.9642090312438842,5.786743395040681
401.5572858731924,0.2,0.9643743000574103,5.787728131338782
402.11345939933256,0.2,0.9645388057236508,5.7887083205065615
402.66963292547274,0.2,0.9647025517665218,5.7896839835408915
403.22580645161287,0.2,0.9648655416936687,5.790655141341696
403.78197997775305,0.2,0.965027778996543,5.791621814712408
404.3381535038932,0.2,0.965189267150464,5.792584024360353
404.89432703003337,0.2,0.9653500096147241,5.793541790897336
405.4505005561735,0.2,0.9655100098326193,5.794495134839873
406.0066740823137,0.2,0.9656692712315597,5.795444076609807
406.5628476084538,0.2,0.9658277972231246,5.796388636534667
407.119021134594,0.2,0.9659855912031343,5.797328834848088
407.6751946607341,0.2,0.966142656551745,5.798264691690336
408.2313681868743,0.2,0.9662989966334813,5.799196227108602
408.78754171301443,0.2,0.9664546147973576,5.800123461057592
409.34371523915456,0.2,0.9666095143769005,5.801046413399792
409.89988876529475,0.2,0.9667636986902537,5.80196510390599
410.4560622914349,0.2,0.9669171710402464,5.802879552255729
411.01223581757506,0.2,0.9670699347144428,5.803789778037613
411.5684093437152,0.2,0.9672219929852381,5.804695800749831
412.1245828698554,0.2,0.9673733491099092,5.80559763980055
412.6807563959955,0.2,0.9675240063306904,5.806495314508249
413.2369299221357,0.2,0.9676739678748558,5.807388844102306
413.7931034482758,0.2,0.9678232369547668,5.808278247723197
414.349276974416,0.2,0.967971816767959,5.809163544423115
414.9054505005561,0.2,0.968119710497189,5.810044753166173
415.4616240266963,0.2,0.9682669213105364,5.810921892829018
416.01779755283644,0.2,0.9684134523614328,5.811794982201057
416.5739710789766,0.2,0.9685593067887697,5.81266403998498
417.13014460511675,0.2,0.968704487716921,5.813529084797079
417.68631813125694,0.2,0.9688489982558495,5.8143901351677165
418.24249165739707,0.2,0.9689928415011525,5.815247209541662
418.79866518353725,0.2,0.9691360205341333,5.816100326278537
419.3548387096774,0.2,0.9692785384218677,5.816949503653179
419.91101223581757,0.2,0.9694203982172667,5.8177947598560245
420.4671857619577,0.2,0.9695616029591434,5.818636112993517
421.0233592880979,0.2,0.9697021556722865,5.819473581088518
421.579532814238,0.2,0.9698420593675036,5.820307182080616
422.1357063403782,0.2,0.9699813170417126,5.821136933826626
422.6918798665183,0.2,0.9701199316779909,5.82196285410086
423.2480533926585,0.2,0.9702579062456356,5.822784960595575
423.80422691879863,0.2,0.9703952437002363,5.8236032709213275
424.3604004449388,0.2,0.9705319469837299,5.824417802607334
424.91657397107895,0.2,0.9706680190244763,5.825228573101907
425.47274749721913,0.2,0.9708034627373074,5.8260355997727435
426.02892102335926,0.2,0.9709382810236027,5.826838899907429
426.58509454949944,0.2,0.9710724767713343,5.827638490713589
427.1412680756396,0.2,0.9712060528551472,5.828434389319518
427.6974416017797,0.2,0.9713390121364038,5.8292266127743195
428.2536151279199,0.2,0.9714713574632663,5.830015178048451
428.80978865406,0.2,0.9716030916707366,5.830800102033981
429.3659621802002,0.2,0.971734217580718,5.8315814015449146
429.9221357063403,0.2,0.9718647380021065,5.832359093317741
430.4783092324805,0.2,0.9719946557308057,5.833133194011551
431.03448275862064,0.2,0.9721239735498108,5.833903720208535
431.5906562847608,0.2,0.9722526942292841,5.834670688414384
432.14682981090095,0.2,0.9723808205265809,5.835434115058504
432.70300333704114,0.2,0.9725083551863207,5.836194016494428
433.25917686318127,0.2,0.9726353009404645,5.8369504090002415
433.81535038932145,0.2,0.9727616605083451,5.8377033087787895
434.3715239154616,0.2,0.9728874365967486,5.838452731958152
434.92769744160177,0.2,0.973012631899949,5.839198694591896
435.4838709677419,0.2,0.973137249099796,5.839941212659505
436.0400444938821,0.2,0.9732612908657372,5.8406803020666125
436.5962180200222,0.2,0.9733847598549108,5.8414159786454825
437.1523915461624,0.2,0.9735076587121744,5.842148258155214
437.7085650723025,0.2,0.9736299900701759,5.842877156282151
438.2647385984427,0.2,0.9737517565494115,5.843602688640237
438.82091212458283,0.2,0.9738729607582682,5.844324870771243
439.377085650723,0.2,0.973993605293092,5.845043718145252
439.93325917686315,0.2,0.9741136927382388,5.845759246160846
440.48943270300333,0.2,0.9742332256661393,5.846471470145587
441.04560622914346,0.2,0.9743522066373291,5.8471804053561245
441.60177975528364,0.2,0.9744706382005422,5.847886066978841
442.1579532814238,0.2,0.9745885228927219,5.848588470129823
442.71412680756396,0.2,0.9747058632391135,5.849287629855464
443.2703003337041,0.2,0.9748226617532921,5.8499835611326425
443.82647385984427,0.2,0.9749389209372238,5.850676278869056
444.3826473859844,0.2,0.975054643281336,5.851365797903632
444.9388209121246,0.2,0.9751698312645378,5.852052133006685
445.4949944382647,0.2,0.9752844873543041,5.852735298880404
446.05116796440484,0.2,0.9753986140067192,5.853415310159095
446.607341490545,0.2,0.9755122136665083,5.8540921814093885
447.16351501668515,0.2,0.9756252887671175,5.854765927130714
447.71968854282534,0.2,0.9757378417307729,5.855436561755631
448.27586206896547,0.2,0.9758498749684927,5.856104099649935
448.83203559510565,0.2,0.9759613908801686,5.856768555113129
449.3882091212458,0.2,0.9760723918546045,5.857429942378637
449.94438264738596,0.2,0.9761828802695942,5.858088275614273
450.5005561735261,0.2,0.9762928584919256,5.858743568922304
451.0567296996663,0.2,0.9764023288774851,5.859395836340021
451.6129032258064,0.2,0.9765112937712499,5.860045091839712
452.1690767519466,0.2,0.9766197555073961,5.860691349329306
452.7252502780867,0.2,0.9767277164093151,5.861334622652487
453.2814238042269,0.2,0.9768351787896521,5.8619749255889015
453.83759733036703,0.2,0.9769421449503897,5.8626122718546485
454.3937708565072,0.2,0.9770486171828842,5.863246675102547
454.94994438264735,0.2,0.9771545977678968,5.863878148922254
455.50611790878753,0.2,0.9772600889756693,5.864506706840757
456.06229143492766,0.2,0.977365093065956,5.865132362322562
456.61846496106784,0.2,0.9774696122880709,5.865755128769964
457.174638487208,0.2,0.9775736488809627,5.866375019523491
457.73081201334816,0.2,0.9776772050732062,5.8669920478618565
458.2869855394883,0.2,0.977780283083118,5.867606227002683
458.84315906562847,0.2,0.9778828851187495,5.868217570102387
459.3993325917686,0.2,0.9779850133779783,5.868826090256779
459.9555061179088,0.2,0.9780866700485085,5.869431800501073
460.5116796440489,0.2,0.9781878573079639,5.870034713810396
461.0678531701891,0.2,0.978288577323889,5.87063484309983
461.6240266963292,0.2,0.9783888322538433,5.871232201224949
462.1802002224694,0.2,0.9784886242454134,5.871826800981923
462.73637374860954,0.2,0.9785879554362672,5.87241865510782
463.29254727474967,0.2,0.9786868279541991,5.873007776280861
463.84872080088985,0.2,0.9787852439171882,5.8735941771208005
464.40489432703,0.2,0.9788832054334282,5.874177870189083
464.96106785317016,0.2,0.9789807146013756,5.874758867989127
465.5172413793103,0.2,0.9790777735098048,5.87533718296668
466.0734149054505,0.2,0.9791743842378337,5.875912827509926
466.6295884315906,0.2,0.9792705488549875,5.876485813949927
467.1857619577308,0.2,0.9793662694212313,5.877056154560735
467.7419354838709,0.2,0.9794615479870257,5.8776238615598135
468.2981090100111,0.2,0.9795563865933468,5.8781889471081
468.85428253615123,0.2,0.9796507872717697,5.878751423310505
469.4104560622914,0.2,0.9797447520444664,5.879311302215924
469.96662958843154,0.2,0.9798382829242881,5.8798685958177135
470.52280311457173,0.2,0.9799313819147729,5.880423316053739
471.07897664071186,0.2,0.9800240510102267,5.880975474806851
471.63515016685204,0.2,0.9801162921957353,5.88152508390497
472.19132369299217,0.2,0.980208107447228,5.882072155121469
472.74749721913236,0.2,0.9802994987314868,5.882616700175184
473.3036707452725,0.2,0.9803904680062446,5.883158730731067
473.85984427141267,0.2,0.9804810172201661,5.8836982584000195
474.4160177975528,0.2,0.9805711483129377,5.884235294739457
474.972191323693,0.2,0.9806608632152732,5.884769851253333
475.5283648498331,0.2,0.9807501638489896,5.88530193939257
476.0845383759733,0.2,0.980839052126999,5.885831570555059
476.6407119021134,0.2,0.9809275299534239,5.886358756086304
477.1968854282536,0.2,0.9810155992235505,5.88688350727917
477.75305895439374,0.2,0.9811032618239526,5.8874058353745875
478.3092324805339,0.2,0.9811905196324522,5.887925751561369
478.86540600667405,0.2,0.9812773745182345,5.888443266976845
479.42157953281423,0.2,0.9813638283418428,5.888958392706862
479.97775305895436,0.2,0.9814498829552176,5.889471139786007
480.5339265850945,0.2,0.9815355402017567,5.889981519197962
481.0901001112347,0.2,0.9816208019163538,5.890489541875747
481.6462736373748,0.2,0.9817056699254276,5.890995218701876
482.202447163515,0.2,0.981790146046935,5.891498560508451
482.7586206896551,0.2,0.9818742320904829,5.891999578077817
483.3147942157953,0.2,0.9819579298572865,5.892498282142325
483.87096774193543,0.2,0.9820412411402624,5.892994683384862
484.4271412680756,0.2,0.982124167724041,5.8934887924389665
484.98331479421574,0.2,0.9822067113850236,5.893980619889121
485.53948832035593,0.2,0.9822888738913806,5.894470176270794
486.09566184649606,0.2,0.982370657003158,5.894957472071012
486.65183537263624,0.2,0.9824520624722313,5.895442517728142
487.20800889877637,0.2,0.9825330920424277,5.895925323632594
487.76418242491656,0.2,0.9826137474494838,5.89640590012656
488.3203559510567,0.2,0.9826940304211536,5.896884257504673
488.87652947719687,0.2,0.982773942677199,5.897360406013947
489.432703003337,0.2,0.9828534859294351,5.897834355854057
489.9888765294772,0.2,0.9829326618817728,5.898306117177568
490.5450500556173,0.2,0.9830114722302751,5.898775700090275
491.1012235817575,0.2,0.9830899186631539,5.89924311465122
491.6573971078976,0.2,0.9831680028608241,5.8997083708729665
492.2135706340378,0.2,0.983245726495951,5.900171478721913
492.76974416017794,0.2,0.9833230912334778,5.900632448118434
493.3259176863181,0.2,0.9834000987306453,5.901091288937035
493.88209121245825,0.2,0.9834767506370548,5.901548011006662
494.43826473859843,0.2,0.9835530485946848,5.902002624110887
494.99443826473856,0.2,0.9836289942379418,5.902455137988142
495.55061179087875,0.2,0.9837045891936678,5.902905562331781
496.1067853170189,0.2,0.9837798350812107,5.903353906790518
496.66295884315906,0.2,0.9838547335124198,5.903800180968378
497.2191323692992,0.2,0.9839292860917194,5.904244394425147
497.7753058954394,0.2,0.9840034944161192,5.904686556676442
498.3314794215795,0.2,0.9840773600752598,5.905126677193963
498.88765294771963,0.2,0.9841508846514342,5.905564765405627
499.4438264738598,0.2,0.9842240697196267,5.906000830695803
500.0,0.2,0.984296916847558,5.906434882405595
0.0,1.0,0.0,0.0
0.5561735261401557,1.0,0.00546556385763586,0.027480285920360673
1.1123470522803114,1.0,0.01637874807293109,0.05444605146494042
1.668520578420467,1.0,0.028933339501371242,0.08099877718794783
2.2246941045606228,1.0,0.04189710139399998,0.10717471995390501
2.7808676307007785,1.0,0.05487223151842431,0.13298894596163402
3.337041156840934,1.0,0.06773142019704045,0.15844960643969927
3.89321468298109,1.0,0.0804350262106672,0.18356256630163803
4.4493882091212456,1.0,0.09297180734168446,0.20833290531773846
5.005561735261401,1.0,0.10533970610549247,0.23276540537931972
5.561735261401557,1.0,0.11753962097384991,0.2568647090560545
6.117908787541713,1.0,0.12957338736220936,0.28063537158168594
6.674082313681868,1.0,0.14144312337689263,0.3040818782823328
7.230255839822024,1.0,0.15315101799994285,0.3272086507937827
7.78642936596218,1.0,0.16469926270397925,0.35002004963655053
8.342602892102335,1.0,0.17609002956178166,0.37252037560253093
8.898776418242491,1.0,0.187325464425195,0.3947138707488569
9.454949944382648,1.0,0.19840768498559846,0.4166047192569936
10.011123470522802,1.0,0.209338780413228,0.43819704824082406
10.567296996662957,1.0,0.2201208115046882,0.4594949285309755
11.123470522803114,1.0,0.23075581099160772,0.48050237544431873
11.67964404894327,1.0,0.24124578389798101,0.5012233495416374
12.235817575083425,1.0,0.2515927079097847,0.5216617573745294
12.79199110122358,1.0,0.26179853374511003,0.5418214522219827
13.348164627363737,1.0,0.27186518552105343,0.5617062348168629
13.904338153503893,1.0,0.2817945611161873,0.5813198540624743
14.460511679644048,1.0,0.291588532528275,0.6006660077393515
15.016685205784203,1.0,0.3012489462271716,0.6197483432024039
15.57285873192436,1.0,0.31077762350293253,0.6385704580685593
16.129032258064516,1.0,0.3201763608091788,0.6571359008950253
16.68520578420467,1.0,0.32944693010178516,0.6754481718483041
17.241379310344826,1.0,0.33859107917294873,0.6935107233640843
17.797552836484982,1.0,0.34761053198070013,0.7113269607981305
18.35372636262514,1.0,0.35650698897392624,0.7289002430683009
18.909899888765295,1.0,0.3652821274129578,0.7462338832878105
19.46607341490545,1.0,0.37393760168578205,0.7633311493898502
20.022246941045605,1.0,0.38247504361995166,0.7801952647437026
20.57842046718576,1.0,0.39089606279023126,0.7968294087624416
21.134593993325915,1.0,0.39920224682205485,0.813236717502354
21.69076751946607,1.0,0.40739516169084034,0.8294202842541827
22.246941045606228,1.0,0.4154763520172292,0.8453831601263109
22.803114571746384,1.0,0.4234473413582904,0.8611283546199888
23.35928809788654,1.0,0.4313096324947627,0.8766588361967216
23.915461624026694,1.0,0.4390647077143749,0.8919775328379145
24.47163515016685,1.0,0.4467140290913021,0.9070873325968898
25.027808676307007,1.0,0.45425903876181195,0.921991084143376
25.58398220244716,1.0,0.46170115919615695,0.9366915973005706
26.140155728587317,1.0,0.4690417934667473,0.9511916435748795
26.696329254727473,1.0,0.47628232551268157,0.9654939566784333
27.25250278086763,1.0,0.48342412040065574,0.9796012330444741
27.808676307007786,1.0,0.49046852458232826,0.9935161323357249
28.36484983314794,1.0,0.4974168661481589,1.0072412779458109
28.921023359288096,1.0,0.504270455077804,1.0207792574938568
29.477196885428253,1.0,0.5110305834870825,1.0341326233123296
30.033370411568406,1.0,0.5176985258715875,1.0473038929282399
30.589543937708562,1.0,0.5242755393469583,1.060295549537766
31.14571746384872,1.0,0.5307628638858957,1.0731100424744198
31.701890989988875,1.0,0.5371617225519284,1.0857497876708213
32.25806451612903,1.0,0.5434733217300035,1.098217168114176
32.81423804226919,1.0,0.5496988513539266,1.1105145342955463
33.37041156840934,1.0,0.5558394851306987,1.122644204652984
33.926585094549495,1.0,0.5618963807618023,1.1346084660086433
34.48275862068965,1.0,0.5678706801614585,1.146409573999904
35.03893214682981,1.0,0.5737635096719162,1.1580497535046346
35.595105672969964,1.0,0.5795759802758027,1.1695311990606507
36.15127919911012,1.0,0.5853091878055801,1.1808560752794595
36.70745272525028,1.0,0.5909642131501405,1.1920265172543487
37.263626251390434,1.0,0.5965421224585927,1.2030446309629266
37.81979977753059,1.0,0.6020439673412561,1.2139124936641517
38.37597330367074,1.0,0.6074707850679307,1.2246321542899754
38.9321468298109,1.0,0.6128235987634528,1.2352056338316253
39.48832035595105,1.0,0.6181034176005828,1.2456349257206205
40.04449388209121,1.0,0.623311236990266,1.2559219962045955
40.60066740823137,1.0,0.6284480387693048,1.2660687847180114
41.15684093437152,1.0,0.6335147913854583,1.2760772042477844
41.71301446051168,1.0,0.6385124500800295,1.285949141693954
42.26918798665183,1.0,0.6434419570679547,1.2956864582254162
42.825361512791986,1.0,0.6483042417154432,1.3052909896308171
43.38153503893214,1.0,0.6531002207151932,1.3147645466646554
43.9377085650723,1.0,0.6578307982592132,1.3241089153886636
44.493882091212456,1.0,0.6624968662092918,1.3333258575085387
45.05005561735261,1.0,0.6670993042651423,1.342417110706078
45.60622914349277,1.0,0.6716389801302537,1.3513843889667856
46.162402669632925,1.0,0.6761167496754799,1.3602293829030179
46.71857619577308,1.0,0.6805334571003961,1.3689537600727064
47.27474972191323,1.0,0.6848899350924604,1.3775591652937549
47.83092324805339,1.0,0.6891870049840001,1.3860472209541337
48.387096774193544,1.0,0.6934254769070536,1.3944195273177482
48.9432703003337,1.0,0.6976061499461148,1.402677662826147
49.49944382647386,1.0,0.7017298122887766,1.410823184396099
50.055617352614014,1.0,0.7057972413743356,1.4188576277131248
50.61179087875417,1.0,0.7098092040403614,1.4267825075210223
51.16796440489432,1.0,0.7137664566672681,1.4345993179074432
51.72413793103448,1.0,0.7176697453209142,1.4423095325855693
52.28031145717463,1.0,0.7215198058932664,1.4499146051719611
52.83648498331479,1.0,0.7253173642411312,1.4574159694606081
53.39265850945495,1.0,0.7290631363230051,1.4648150396932438
53.9488320355951,1.0,0.7327578283340517,1.4721132108259645
54.50500556173526,1.0,0.7364021368392455,1.4793118587922431
55.061179087875416,1.0,0.7399967489046992,1.486412340762319
55.61735261401557,1.0,0.7435423422271836,1.4934159953990682
56.17352614015572,1.0,0.7470395852619096,1.5003241431103893
56.72969966629588,1.0,0.7504891373485478,1.5071380862981445
57.285873192436036,1.0,0.7538916488355295,1.513859109603686
57.84204671857619,1.0,0.757247761202666,1.5204884801500738
58.39822024471635,1.0,0.7605581071820793,1.5270274477809473
58.954393770856505,1.0,0.7638233108775009,1.5334772452961762
59.51056729699666,1.0,0.7670439878819305,1.5398390886842759
60.06674082313681,1.0,0.7702207453936878,1.5461141773516536
60.62291434927697,1.0,0.7733541823309003,1.5523036943487407
61.179087875417125,1.0,0.7764448894444131,1.5584088065930346
61.73526140155728,1.0,0.7794934494291603,1.5644306650890951
62.29143492769744,1.0,0.7825004370340249,1.5703704051455496
62.847608453837594,1.0,0.7854664191701969,1.5762291465891298
63.40378197997775,1.0,0.7883919550180551,1.5820079939757978
63.95995550611791,1.0,0.7912775961325849,1.5877080367989875
64.51612903225806,1.0,0.7941238865473679,1.593330349695002
65.07230255839822,1.0,0.7969313628771507,1.5988759926456357
65.62847608453838,1.0,0.7997005544190097,1.6043460111779924
66.18464961067853,1.0,0.8024319832521385,1.6097414365616025
66.74082313681868,1.0,0.805126164336285,1.6150632860028702
67.29699666295883,1.0,0.8077836056088312,1.620312562836828
67.85317018909899,1.0,0.8104048080805453,1.6254902567162874
68.40934371523915,1.0,0.8129902659300645,1.630597343798462
68.9655172413793,1.0,0.8155404665970365,1.635634786928958
69.52169076751946,1.0,0.8180558908740289,1.6406035358233197
70.07786429365962,1.0,0.8205370129971759,1.645504527246088
70.63403781979977,1.0,0.8229843007355778,1.6503386851873922
71.19021134593993,1.0,0.8253982154795004,1.6551069210371656
71.74638487208009,1.0,0.8277792123273547,1.6598101337569704
72.30255839822024,1.0,0.8301277401714982,1.6644492100494652
72.8587319243604,1.0,0.8324442417828675,1.6690250245255986
73.41490545050056,1.0,0.8347291538944479,1.6735384398694717
73.97107897664071,1.0,0.8369829072836252,1.6779903070010183
74.52725250278087,1.0,0.8392059268533876,1.6823814652364024
75.08342602892102,1.0,0.8413986317124293,1.6867127424462465
75.63959955506118,1.0,0.8435614352541876,1.6909849552117528
76.19577308120132,1.0,0.8456947452347539,1.6951989089786073
76.75194660734148,1.0,0.8477989638497723,1.6993553982088732
77.30812013348164,1.0,0.8498744878102471,1.7034552065307367
77.8642936596218,1.0,0.8519217084173434,1.7074991068862608
78.42046718576195,1.0,0.8539410116361635,1.711487861677118
78.9766407119021,1.0,0.8559327781685065,1.7154222229083131
79.53281423804226,1.0,0.8578973835246408,1.7193029323299536
80.08898776418242,1.0,0.8598351980941128,1.723130721577124
80.64516129032258,1.0,0.8617465872155632,1.7269063123077886
81.20133481646273,1.0,0.8636319112456041,1.7306304163388515
81.75750834260289,1.0,0.8654915256267754,1.734303735780383
82.31368186874305,1.0,0.8673257809545287,1.737926963167953
82.8698553948832,1.0,0.8691350230433572,1.741500781593227
83.42602892102336,1.0,0.8709195929919632,1.7450258648327228
83.98220244716352,1.0,0.8726798272475859,1.7485028774748588
84.53837597330366,1.0,0.8744160576694247,1.751932475045248
85.09454949944381,1.0,0.8761286115912015,1.7553153041302645
85.65072302558397,1.0,0.8778178118828871,1.75865200249898
86.20689655172413,1.0,0.8794839770115512,1.7619431992233632
86.76307007786428,1.0,0.8811274211014246,1.7651895147969208
87.31924360400444,1.0,0.8827484539931041,1.768391561251639
87.8754171301446,1.0,0.8843473813019822,1.7715499422734085
88.43159065628475,1.0,0.8859245044758488,1.7746652533158036
88.98776418242491,1.0,0.8874801208517451,1.7777380817123807
89.54393770856507,1.0,0.8890145237119946,1.7807690067873683
90.10011123470522,1.0,0.8905280023395185,1.7837585999649228
90.65628476084538,1.0,0.8920208420723644,1.7867074248768393
91.21245828698554,1.0,0.8934933243574993,1.7896160374688188
91.7686318131257,1.0,0.8949457268038826,1.7924849861052952
92.32480533926585,1.0,0.8963783232347855,1.7953148116727835
92.88097886540601,1.0,0.8977913837394363,1.7981060476818997
93.43715239154616,1.0,0.899185174723921,1.8008592203679072
93.9933259176863,1.0,0.9005599589614296,1.8035748487899517
94.54949944382646,1.0,0.901915995641771,1.8062534449289003
95.10567296996662,1.0,0.9032535404202714,1.8088955137838905
95.66184649610678,1.0,0.9045728454659379,1.81150155346751
96.21802002224693,1.0,0.9058741595090289,1.8140720552997325
96.77419354838709,1.0,0.9071577278879321,1.81660750390053
97.33036707452725,1.0,0.9084237925954244,1.8191083772812473
97.8865406006674,1.0,0.9096725923242908,1.8215751469347157
98.44271412680756,1.0,0.910904362512328,1.8240082779241484
98.99888765294772,1.0,0.9121193353867375,1.826408228970823
99.55506117908787,1.0,0.9133177400078929,1.8287754525405506
100.11123470522803,1.0,0.9144998023125415,1.8311103949290033
100.66740823136819,1.0,0.91566574515639,1.8334134963458293
101.22358175750834,1.0,0.9168157883561207,1.8356851909976595
101.7797552836485,1.0,0.9179501487308412,1.837925907169979
102.33592880978864,1.0,0.9190690401429498,1.8401360673078415
102.8921023359288,1.0,0.9201726735384655,1.8423160880955511
103.44827586206895,1.0,0.9212612569867923,1.8444663805351877
104.00444938820911,1.0,0.922334995719951,1.8465873500241177
104.56062291434927,1.0,0.9233940921712686,1.8486793964314137
105.11679644048942,1.0,0.9244387460135435,1.8507429141732386
105.67296996662958,1.0,0.9254691541966875,1.8527782922872091
106.22914349276974,1.0,0.9264855109848691,1.8547859145057528
106.7853170189099,1.0,0.9274880079931165,1.8567661593284233
107.34149054505005,1.0,0.9284768342234679,1.8587194000932954
107.8976640711902,1.0,0.9294521761005853,1.8606460050473295
108.45383759733036,1.0,0.9304142175069147,1.86254633741581
109.01001112347052,1.0,0.9313631398173361,1.8644207554707968
109.56618464961068,1.0,0.9322991219333903,1.866269612598722
110.12235817575083,1.0,0.9332223403169588,1.8680932573669522
110.67853170189099,1.0,0.9341329690235846,1.8698920335895575
111.23470522803115,1.0,0.9350311797352506,1.8716662803921014
111.79087875417129,1.0,0.9359171417927629,1.8734163322755875
112.34705228031144,1.0,0.9367910222276727,1.8751425191795104
112.9032258064516,1.0,0.9376529857937701,1.8768451665440953
113.45939933259176,1.0,0.938503194998137,1.878524595371592
114.01557285873191,1.0,0.9393418101317936,1.8801811222868605
114.57174638487207,1.0,0.9401689892999192,1.8818150595970184
115.12791991101223,1.0,0.9409848884516487,1.8834267153503441
115.68409343715238,1.0,0.9417896614094892,1.8850163933943436
116.24026696329254,1.0,0.9425834598982995,1.8865843934330266
116.7964404894327,1.0,0.9433664335739271,1.8881310110834446
117.35261401557285,1.0,0.9441387300513849,1.889656537931376
117.90878754171301,1.0,0.9449004949327117,1.8911612615863373
118.46496106785317,1.0,0.9456518718344078,1.8926454657357903
119.02113459399332,1.0,0.9463930024145142,1.894109430198629
119.57730812013348,1.0,0.9471240263993159,1.895553430977928
120.13348164627362,1.0,0.9478450816096988,1.8969777403129888
120.68965517241378,1.0,0.94855630398711,1.8983826267306547
121.24582869855394,1.0,0.9492578276192156,1.8997683550959543
121.80200222469409,1.0,0.9499497847651517,1.9011351866620072
122.35817575083425,1.0,0.950632305880476,1.9024833791193068
122.9143492769744,1.0,0.9513055196417626,1.903813186644286
123.47052280311456,1.0,0.951969552970857,1.9051248599472486
124.02669632925472,1.0,0.9526245310588052,1.906418646319626
124.58286985539488,1.0,0.9532705773894556,1.9076947896806051
125.13904338153503,1.0,0.9539078137627439,1.9089535306231131
125.69521690767519,1.0,0.9545363603176552,1.9101951064591791
126.25139043381535,1.0,0.955156335554866,1.9114197512646702
126.8075639599555,1.0,0.9557678563590984,1.9126276959234287
127.36373748609566,1.0,0.956371038021139,1.9138191681707863
127.91991101223581,1.0,0.9569659942596029,1.9149943926365365
128.47608453837597,1.0,0.957552837242333,1.9161535908872143
129.03225806451613,1.0,0.9581316776075908,1.917296981467957
129.58843159065628,1.0,0.9587026244848786,1.9184247799436307
130.14460511679644,1.0,0.9592657855155435,1.9195371989395267
130.7007786429366,1.0,0.9598212668730429,1.9206344481813984
131.25695216907675,1.0,0.9603691732829861,1.9217167345350443
131.8131256952169,1.0,0.960909608042859,1.9227842620452744
132.36929922135707,1.0,0.9614426730415179,1.9238372319744175
132.92547274749722,1.0,0.9619684687783826,1.924875842840227
133.48164627363735,1.0,0.9624870943823892,1.9259002904533264
134.0378197997775,1.0,0.9629986476306858,1.9269107679541322
134.59399332591767,1.0,0.9635032249670507,1.9279074658492388
135.15016685205782,1.0,0.9640009215200854,1.9288905720473617
135.70634037819798,1.0,0.9644918311211625,1.9298602718947764
136.26251390433814,1.0,0.9649760463220883,1.9308167482102205
136.8186874304783,1.0,0.9654536584125695,1.931760181319384
137.37486095661845,1.0,0.965924757437419,1.9326907490889131
137.9310344827586,1.0,0.9663894322135352,1.9336086269599269
138.48720800889876,1.0,0.9668477703466416,1.9345139879811062
139.04338153503892,1.0,0.9672998582478087,1.9354070028413126
139.59955506117907,1.0,0.9677457811497444,1.9362878399017756
140.15572858731923,1.0,0.9681856231228575,1.937156665227821
140.7119021134594,1.0,0.9686194670911121,1.9380136426201862
141.26807563959954,1.0,0.9690473948476662,1.938858933645918
141.8242491657397,1.0,0.969469487070279,1.9396926976687927
142.38042269187986,1.0,0.9698858233365356,1.9405150918794103
142.93659621802001,1.0,0.9702964821388409,1.9413262713247925
143.49276974416017,1.0,0.9707015408992185,1.9421263889376308
144.04894327030033,1.0,0.9711010759839097,1.9429155955651058
144.60511679644048,1.0,0.9714951627177761,1.94369403999736
145.16129032258064,1.0,0.9718838753984842,1.9444618689954973
145.7174638487208,1.0,0.9722672873105354,1.9452192273193059
146.27363737486095,1.0,0.9726454707390553,1.9459662577544945
146.8298109010011,1.0,0.9730184969834522,1.9467031011396707
147.38598442714127,1.0,0.9733864363708377,1.9474298963928551
147.94215795328142,1.0,0.9737493582692881,1.9481467805376722
148.49833147942158,1.0,0.9741073311009341,1.948853888729209
149.05450500556174,1.0,0.9744604223548464,1.9495513542794674
149.6106785317019,1.0,0.9748086985997615,1.9502393086825005
150.16685205784205,1.0,0.9751522254966487,1.95091788163924
150.7230255839822,1.0,0.975491067811068,1.951587201081902
151.27919911012236,1.0,0.9758252894253925,1.9522473931981326
151.8353726362625,1.0,0.9761549533508436,1.9528985824547838
152.39154616240265,1.0,0.9764801217393805,1.9535408916213926
152.9477196885428,1.0,0.9768008558954162,1.9541744417933313
153.50389321468296,1.0,0.9771172162873659,1.9547993524146121
154.06006674082312,1.0,0.9774292625590542,1.9554157413004247
154.61624026696327,1.0,0.9777370535409653,1.956023724659357
155.17241379310343,1.0,0.9780406472613192,1.956623417115273
155.7285873192436,1.0,0.9783401009570245,1.9572149317289549
156.28476084538374,1.0,0.9786354710844739,1.9577983800194139
156.8409343715239,1.0,0.9789268133301616,1.9583738719848778
157.39710789766406,1.0,0.9792141826212214,1.9589415161235966
157.9532814238042,1.0,0.9794976331357447,1.9595014194542304
158.50945494994437,1.0,0.9797772183130153,1.9600536875360604
159.06562847608453,1.0,0.9800529908635862,1.9605984244888979
159.62180200222468,1.0,0.9803250027792086,1.9611357330126973
160.17797552836484,1.0,0.9805933053426233,1.9616657144068976
160.734149054505,1.0,0.9808579491372651,1.9621884685895812
161.29032258064515,1.0,0.9811189840567593,1.9627040941162543
161.8464961067853,1.0,0.9813764593143468,1.9632126881984386
162.40266963292547,1.0,0.9816304234521718,1.963714346722041
162.95884315906562,1.0,0.9818809243504134,1.96420916426537
163.51501668520578,1.0,0.9821280092363239,1.964697234117007
164.07119021134594,1.0,0.9823717246931284,1.9651786482933817
164.6273637374861,1.0,0.9826121166688088,1.9656534975561097
165.18353726362625,1.0,0.9828492304847758,1.9661218714291362
165.7397107897664,1.0,0.9830831108443991,1.9665838582155892
166.29588431590656,1.0,0.9833138018414305,1.9670395450144027
166.85205784204672,1.0,0.9835413469683477,1.9674890177368085
167.40823136818688,1.0,0.9837657891245126,1.9679323611224524
167.96440489432703,1.0,0.9839871706242964,1.968369658755436
168.5205784204672,1.0,0.9842055332050321,1.9688009930800392
169.07675194660732,1.0,0.9844209180348931,1.9692264454162594
169.63292547274747,1.0,0.9846333657206543,1.9696460959751696
170.18909899888763,1.0,0.9848429163153486,1.970060023874024
170.7452725250278,1.0,0.9850496093258211,1.970468307151182
171.30144605116794,1.0,0.9852534837201571,1.970871022780794
171.8576195773081,1.0,0.9854545779350621,1.9712682466873561
172.41379310344826,1.0,0.9856529298830797,1.9716600537599929
172.9699666295884,1.0,0.9858485769597615,1.9720465178666007
173.52614015572857,1.0,0.9860415560506895,1.9724277118677305
174.08231368186873,1.0,0.9862319035384638,1.972803707630382
174.63848720800888,1.0,0.9864196553095328,1.973174576041508
175.19466073414904,1.0,0.9866048467609819,1.973540387021408
175.7508342602892,1.0,0.9867875128071874,1.9739012095368869
176.30700778642935,1.0,0.986967687886408,1.9742571116142638
176.8631813125695,1.0,0.9871454059672847,1.9746081603522228
177.41935483870967,1.0,0.9873207005552336,1.9749544219344237
177.97552836484982,1.0,0.9874936046987629,1.9752959616419974
178.53170189098998,1.0,0.9876641509957087,1.9756328438658577
179.08787541713014,1.0,0.9878323715993848,1.9759651321188456
179.6440489432703,1.0,0.9879982982246305,1.9762928890476765
180.20022246941045,1.0,0.9881619621538099,1.9766161764447965
180.7563959955506,1.0,0.9883233942426852,1.976935055259973
181.31256952169076,1.0,0.9884826249262567,1.9772495856118417
181.86874304783092,1.0,0.9886396842244837,1.9775598267992034
182.42491657397107,1.0,0.9887946017479569,1.977865837312228
182.98109010011123,1.0,0.9889474067034775,1.9781676748434713
183.5372636262514,1.0,0.9890981278995515,1.9784653962987346
184.09343715239154,1.0,0.9892467937518389,1.9787590578078245
184.6496106785317,1.0,0.9893934322885035,1.9790487147351212
185.20578420467186,1.0,0.9895380711554949,1.9793344216900155
185.76195773081201,1.0,0.989680737621761,1.9796162325371958
186.31813125695217,1.0,0.989821458584392,1.979894200406825
186.87430478309233,1.0,0.9899602605736869,1.9801683777045302
187.43047830923246,1.0,0.990097169758168,1.980438816121317
187.9866518353726,1.0,0.9902322119494922,1.9807055666432736
188.54282536151277,1.0,0.9903654126073369,1.980968679561221
189.09899888765293,1.0,0.9904967968441851,1.9812282044801606
189.65517241379308,1.0,0.9906263894300852,1.981484190328668
190.21134593993324,1.0,0.9907542147972855,1.9817366853680771
190.7675194660734,1.0,0.9908802970448646,1.9819857372015932
191.32369299221355,1.0,0.9910046599432678,1.9822313927832758
191.8798665183537,1.0,0.991127326938792,1.9824736984268865
192.43604004449386,1.0,0.9912483211580032,1.982712699814614
192.99221357063402,1.0,0.9913676654120909,1.9829484420056889
193.54838709677418,1.0,0.9914853822011837,1.9831809694448999
194.10456062291433,1.0,0.9916014937185768,1.9834103259709295
194.6607341490545,1.0,0.9917160218549143,1.9836365548246506
195.21690767519465,1.0,0.9918289882023393,1.9838596986572838
195.7730812013348,1.0,0.9919404140585382,1.9840797995384176
196.32925472747496,1.0,0.9920503204307687,1.9842968989639513
196.88542825361512,1.0,0.9921587280398174,1.9845110378639086
197.44160177975527,1.0,0.9922656573239143,1.984722256610179
197.99777530589543,1.0,0.9923711284425649,1.9849305950240914
198.5539488320356,1.0,0.9924751612803774,1.985136092383955
199.11012235817574,1.0,0.9925777754507947,1.9853387874324477
199.6662958843159,1.0,0.9926789902997999,1.9855387183839313
200.22246941045606,1.0,0.9927788249095467,1.9857359229316263
200.7786429365962,1.0,0.9928772981019899,1.9859304382547682
201.33481646273637,1.0,0.9929744284424056,1.9861223010255782
201.89098998887653,1.0,0.9930702342428985,1.9863115474161863
202.44716351501668,1.0,0.9931647335658504,1.9864982131054425
203.00333704115684,1.0,0.9932579442273506,1.9866823332856893
203.559510567297,1.0,0.9933498838005161,1.9868639426693184
204.11568409343715,1.0,0.9934405696188344,1.9870430754953885
204.67185761957728,1.0,0.9935300187794142,1.9872197655360282
205.22803114571744,1.0,0.9936182481462215,1.987394046102845
205.7842046718576,1.0,0.9937052743532538,1.9875659500531753
206.34037819799775,1.0,0.993791113807665,1.9877355097962788
206.8965517241379,1.0,0.9938757826928859,1.9879027572994823
207.45272525027806,1.0,0.9939592969716426,1.988067724094163
208.00889877641822,1.0,0.9940416723889877,1.9882304412817153
208.56507230255838,1.0,0.9941229244752697,1.9883909395394306
209.12124582869853,1.0,0.9942030685490365,1.988549249126234
209.6774193548387,1.0,0.9942821197199605,1.988705399888445
210.23359288097885,1.0,0.9943600928916608,1.9888594212653579
210.789766407119,1.0,0.9944370027645124,1.9890113422948223
211.34593993325916,1.0,0.9945128638384326,1.989161191618697
211.90211345939932,1.0,0.9945876904156111,1.9893089974882767
212.45828698553947,1.0,0.9946614966031911,1.989454787769579
213.01446051167963,1.0,0.9947342963159479,1.989598589948629
213.5706340378198,1.0,0.9948061032789056,1.9897404311366442
214.12680756395994,1.0,0.9948769310299219,1.9898803380751144
214.6829810901001,1.0,0.9949467929222422,1.9900183371408784
215.23915461624026,1.0,0.995015702127015,1.99015445435107
215.7953281423804,1.0,0.9950836716357867,1.9902887153680453
216.35150166852057,1.0,0.9951507142629329,1.9904211455042071
216.90767519466073,1.0,0.9952168426480802,1.9905517697267663
217.46384872080088,1.0,0.9952820692584999,1.990680612662477
218.02002224694104,1.0,0.9953464063914462,1.9908076986022618
218.5761957730812,1.0,0.995409866176489,1.9909330515058035
219.13236929922135,1.0,0.995472460577774,1.991056695006034
219.6885428253615,1.0,0.9955342013963003,1.9911786524136197
220.24471635150167,1.0,0.9955951002721495,1.9912989467213462
220.80088987764182,1.0,0.9956551686866607,1.9914176006084539
221.35706340378198,1.0,0.9957144179646111,1.9915346364449116
221.91323692992214,1.0,0.9957728592763387,1.9916500762956335
222.4694104560623,1.0,0.9958305036398613,1.9917639419246378
223.02558398220242,1.0,0.9958873619229419,1.991876254799161
223.58175750834258,1.0,0.9959434448451449,1.9919870360936898
224.13793103448273,1.0,0.9959987629798567,1.9920963066939599
224.6941045606229,1.0,0.996053326756271,1.992204087200894
225.25027808676305,1.0,0.9961071464613739,1.9923103979345043
225.8064516129032,1.0,0.9961602322418541,1.9924152589376696
226.36262513904336,1.0,0.9962125941060441,1.9925186899799696
226.91879866518352,1.0,0.9962642419257962,1.9926207105614016
227.47497219132367,1.0,0.9963151854383334,1.9927213399160242
228.03114571746383,1.0,0.9963654342481061,1.9928205970156272
228.587319243604,1.0,0.9964149978285841,1.9929185005732717
229.14349276974414,1.0,0.9964638855240517,1.9930150690468347
229.6996662958843,1.0,0.9965121065513706,1.9931103206425047
230.25583982202446,1.0,0.9965596700017052,1.9932042733181752
230.8120133481646,1.0,0.9966065848422637,1.9932969447868742
231.36818687430477,1.0,0.996652859917952,1.9933883525200613
231.92436040044493,1.0,0.99669850395307,1.9934785137509528
232.48053392658508,1.0,0.9967435255529479,1.9935674454777659
233.03670745272524,1.0,0.9967879332055678,1.9936551644669114
233.5928809788654,1.0,0.9968317352831569,1.9937416872561626
234.14905450500555,1.0,0.9968749400437742,1.993827030157762
234.7052280311457,1.0,0.9969175556328745,1.993911209261526
235.26140155728586,1.0,0.9969595900848245,1.99399424043784
235.81757508342602,1.0,0.9970010513244332,1.994076139340682
236.37374860956618,1.0,0.9970419471684452,1.9941569214105588
236.92992213570633,1.0,0.997082285326996,1.9942366018774023
237.4860956618465,1.0,0.997122073405098,1.994315195763489
238.04226918798665,1.0,0.9971613189040488,1.9943927178862153
238.5984427141268,1.0,0.9972000292228451,1.994469182860926
239.15461624026696,1.0,0.9972382116595987,1.9945446051036633
239.71078976640712,1.0,0.997275873412891,1.9946189988338727
240.26696329254725,1.0,0.9973130215831404,1.9946923780771053
240.8231368186874,1.0,0.9973496631739355,1.9947647566676365
241.37931034482756,1.0,0.9973858050933647,1.9948361482510955
241.93548387096772,1.0,0.997421454155311,1.994906566287033
242.49165739710787,1.0,0.9974566170807388,1.994976024051448
243.04783092324803,1.0,0.9974913004989546,1.9950445346392995
243.60400444938819,1.0,0.9975255109488692,1.9951121109669738
244.16017797552834,1.0,0.9975592548802195,1.9951787657747249
244.7163515016685,1.0,0.9975925386547974,1.9952445116290696
245.27252502780865,1.0,0.9976253685476291,1.9953093609251507
245.8286985539488,1.0,0.9976577507481812,1.995373325889098
246.38487208008897,1.0,0.9976896913615082,1.9954364185802989
246.94104560622912,1.0,0.9977211964094144,1.995498650893705
247.49721913236928,1.0,0.997752271831585,1.9955600345620461
248.05339265850944,1.0,0.9977829234867159,1.9956205811580725
248.6095661846496,1.0,0.9978131571535933,1.9956803020967038
249.16573971078975,1.0,0.9978429785322146,1.995739208637204
249.7219132369299,1.0,0.9978723932448352,1.9957973118852965
250.27808676307006,1.0,0.9979014068370615,1.9958546227952727
250.83426028921022,1.0,0.9979300247788531,1.99591115217202
251.39043381535038,1.0,0.9979582524655868,1.9959669106730928
251.94660734149053,1.0,0.9979860952190684,1.9960219088107196
252.5027808676307,1.0,0.9980135582885211,1.9960761569537593
253.05895439377085,1.0,0.9980406468515975,1.996129665329689
253.615127919911,1.0,0.9980673660153424,1.9961824440265177
254.17130144605116,1.0,0.9980937208171441,1.996234502994667
254.72747497219132,1.0,0.9981197162257114,1.9962858520488829
255.28364849833147,1.0,0.9981453571419964,1.9963365008700777
255.83982202447163,1.0,0.9981706484001082,1.9963864590071356
256.39599555061176,1.0,0.9981955947682397,1.9964357358787153
256.95216907675194,1.0,0.9982202009495582,1.9964843407750519
257.50834260289207,1.0,0.9982444715831043,1.9965322828596932
258.06451612903226,1.0,0.9982684112446543,1.9965795711712297
258.6206896551724,1.0,0.9982920244475753,1.9966262146249718
259.17686318131257,1.0,0.9983153156436948,1.9966722220146704
259.7330367074527,1.0,0.9983382892241374,1.9967176020141666
260.2892102335929,1.0,0.9983609495201391,1.996762363179007
260.845383759733,1.0,0.9983833008038694,1.9968065139480575
261.4015572858732,1.0,0.9984053472892522,1.9968500626451422
261.9577308120133,1.0,0.9984270931327299,1.9968930174805237
262.5139043381535,1.0,0.9984485424340879,1.9969353865525667
263.07007786429364,1.0,0.9984696992371753,1.9969771778491312
263.6262513904338,1.0,0.9984905675307174,1.9970183992492
264.18242491657395,1.0,0.9985111512490411,1.997059058524296
264.73859844271414,1.0,0.9985314542728196,1.9970991633399633
265.29477196885426,1.0,0.9985514804298068,1.9971387212572091
265.85094549499445,1.0,0.9985712334955642,1.9971777397339487
266.4071190211346,1.0,0.9985907171941601,1.9972162261263808
266.9632925472747,1.0,0.9986099351988728,1.9972541876903769
267.5194660734149,1.0,0.9986288911329096,1.997291631582903
268.075639599555,1.0,0.998647588570051,1.997328564863295
268.6318131256952,1.0,0.9986660310353433,1.9973649944946166
269.18798665183533,1.0,0.9986842220057831,1.9974009273450244
269.7441601779755,1.0,0.9987021649109186,1.9974363701889508
270.30033370411564,1.0,0.998719863133559,1.997471329708495
270.85650723025583,1.0,0.9987373200103771,1.9975058124946323
271.41268075639596,1.0,0.998754538832525,1.9975398250484155
271.96885428253614,1.0,0.9987715228463027,1.9975733737823045
272.52502780867627,1.0,0.9987882752537229,1.997606465021268
273.08120133481646,1.0,0.9988047992131428,1.9976391050040518
273.6373748609566,1.0,0.9988210978398336,1.9976712998842912
274.19354838709677,1.0,0.9988371742066059,1.997703055731749
274.7497219132369,1.0,0.9988530313443583,1.9977343785333905
275.3058954393771,1.0,0.9988686722426539,1.997765274194541
275.8620689655172,1.0,0.9988840998502896,1.9977957485399953
276.4182424916574,1.0,0.9988993170758546,1.9978258073151258
276.9744160177975,1.0,0.9989143267882695,1.9978554561869486
277.5305895439377,1.0,0.9989291318173347,1.9978847007451996
278.08676307007784,1.0,0.9989437349542647,1.9979135465034052
278.642936596218,1.0,0.9989581389522052,1.9979419988998846
279.19911012235815,1.0,0.9989723465267581,1.9979700632987996
279.75528364849833,1.0,0.9989863603564979,1.997997744991174
280.31145717463846,1.0,0.999000183083469,1.9980250491958693
280.86763070077865,1.0,0.999013817313685,1.9980519810605772
281.4238042269188,1.0,0.9990272656176308,1.998078545662808
281.97997775305896,1.0,0.9990405305307279,1.9981047480108136
282.5361512791991,1.0,0.9990536145538287,1.9981305930445574
283.0923248053393,1.0,0.999066520153677,1.9981560856366272
283.6484983314794,1.0,0.999079249763388,1.998181230593187
284.2046718576196,1.0,0.9990918057828863,1.9982060326548383
284.7608453837597,1.0,0.9991041905793775,1.9982304964975541
285.31701890989984,1.0,0.9991164064877817,1.998254626733526
285.87319243604003,1.0,0.9991284558111787,1.998278427912061
286.42936596218016,1.0,0.9991403408212443,1.998301904520426
286.98553948832034,1.0,0.999152063758672,1.9983250609846936
287.54171301446047,1.0,0.9991636268336054,1.998347901670582
288.09788654060065,1.0,0.9991750322260405,1.9983704308842696
288.6540600667408,1.0,0.9991862820862589,1.9983926528732336
289.21023359288097,1.0,0.9991973785352036,1.9984145718269974
289.7664071190211,1.0,0.999208323664904,1.9984361918779738
290.3225806451613,1.0,0.9992191195388611,1.9984575171022239
290.8787541713014,1.0,0.9992297681924365,1.9984785515202197
291.4349276974416,1.0,0.999240271633229,1.9984992990975978
291.9911012235817,1.0,0.9992506318414666,1.998519763745925
292.5472747497219,1.0,0.999260850770374,1.9985399493234357
293.10344827586204,1.0,0.9992709303465425,1.9985598596357428
293.6596218020022,1.0,0.9992808724702782,1.9985794984365497
294.21579532814235,1.0,0.9992906790159946,1.9985988694284063
294.77196885428253,1.0,0.9993003518325193,1.9986179762633256
295.32814238042266,1.0,0.9993098927434912,1.9986368225435631
295.88431590656285,1.0,0.9993193035476617,1.998655411822217
296.440489432703,1.0,0.9993285860192697,1.9986737476039627
296.99666295884316,1.0,0.9993377419083476,1.9986918333456594
297.5528364849833,1.0,0.9993467729410692,1.9987096724570412
298.1090100111235,1.0,0.9993556808200608,1.998727268301327
298.6651835372636,1.0,0.9993644672247383,1.9987446241958884
299.2213570634038,1.0,0.9993731338116153,1.9987617434128548
299.7775305895439,1.0,0.9993816822146148,1.9987786291797378
300.3337041156841,1.0,0.9993901140453779,1.9987952846800308
300.8898776418242,1.0,0.9993984308935658,1.9988117130538106
301.4460511679644,1.0,0.99940663432717,1.9988279173983523
302.00222469410454,1.0,0.9994147258927881,1.9988439007686671
302.5583982202447,1.0,0.9994227071159392,1.9988596661781328
303.11457174638485,1.0,0.9994305795013277,1.998875216599011
303.670745272525,1.0,0.9994383445331457,1.9988905549630458
304.22691879866517,1.0,0.9994460036753453,1.9989056841619983
304.7830923248053,1.0,0.9994535583719146,1.9989206070481957
305.3392658509455,1.0,0.9994610100471528,1.9989353264350753
305.8954393770856,1.0,0.9994683601059285,1.998949845097693
306.4516129032258,1.0,0.999475609933963,1.9989641657732786
307.0077864293659,1.0,0.9994827608980698,1.9989782911617167
307.5639599555061,1.0,0.9994898143464352,1.9989922239260964
308.12013348164623,1.0,0.9994967716088468,1.9990059666931645
308.6763070077864,1.0,0.9995036339969764,1.9990195220538816
309.23248053392655,1.0,0.9995104028045908,1.9990328925638428
309.78865406006673,1.0,0.9995170793078234,1.999046080743809
310.34482758620686,1.0,0.9995236647654081,1.9990590890801707
310.90100111234705,1.0,0.9995301604189065,1.9990719200254046
311.4571746384872,1.0,0.9995365674929462,1.9990845759985323
312.01334816462736,1.0,0.9995428871954707,1.9990970593856152
312.5695216907675,1.0,0.9995491207179422,1.9991093725401687
313.1256952169077,1.0,0.9995552692355643,1.9991215177835844
313.6818687430478,1.0,0.9995613339075321,1.9991334974056347
314.238042269188,1.0,0.9995673158772277,1.9991453136648558
314.7942157953281,1.0,0.999573216272434,1.9991569687889745
315.3503893214683,1.0,0.9995790362055604,1.9991684649753425
315.9065628476084,1.0,0.9995847767738533,1.9991798043913707
316.4627363737486,1.0,0.999590439059581,1.9991909891748698
317.01890989988874,1.0,0.9995960241302632,1.9992020214345299
317.5750834260289,1.0,0.9996015330388656,1.9992129032502854
318.13125695216905,1.0,0.999606966823982,1.9992236366736813
318.68743047830924,1.0,0.9996123265100568,1.9992342237283196
319.24360400444937,1.0,0.9996176131075609,1.999244666410193
319.79977753058955,1.0,0.9996228276131734,1.9992549666880581
320.3559510567297,1.0,0.9996279710099959,1.9992651265038428
320.9121245828698,1.0,0.9996330442677218,1.9992751477729964
321.46829810901,1.0,0.9996380483428219,1.9992850323848468
322.0244716351501,1.0,0.9996429841787132,1.9992947822029403
322.5806451612903,1.0,0.9996478527059611,1.9993043990654333
323.13681868743043,1.0,0.9996526548424294,1.9993138847853902
323.6929922135706,1.0,0.9996573914934734,1.999323241151175
324.24916573971075,1.0,0.9996620635521057,1.999332469926764
324.80533926585093,1.0,0.999666671899145,1.9993415728520518
325.36151279199106,1.0,0.9996712174034171,1.9993505516432384
325.91768631813125,1.0,0.99967570092189,1.9993594079931005
326.4738598442714,1.0,0.9996801232998445,1.9993681435713377
327.03003337041156,1.0,0.9996844853710413,1.9993767600248837
327.5862068965517,1.0,0.9996887879578605,1.9993852589782024
328.1423804226919,1.0,0.9996930318714826,1.9993936420336218
328.698553948832,1.0,0.9996972179120096,1.9994019107715952
329.2547274749722,1.0,0.9997013468686452,1.9994100667510497
329.8109010011123,1.0,0.9997054195198304,1.9994181115096454
330.3670745272525,1.0,0.9997094366333795,1.9994260465640548
330.9232480533926,1.0,0.9997133989666516,1.9994338734103028
331.4794215795328,1.0,0.9997173072666685,1.9994415935239904
332.03559510567294,1.0,0.9997211622702613,1.9994492083605861
332.5917686318131,1.0,0.9997249647042238,1.9994567193557382
333.14794215795325,1.0,0.9997287152854359,1.9994641279255037
333.70411568409344,1.0,0.9997324147209955,1.999471435466628
334.26028921023357,1.0,0.9997360637083632,1.9994786433568092
334.81646273637375,1.0,0.9997396629354823,1.9994857529549528
335.3726362625139,1.0,0.9997432130809305,1.9994927656014603
335.92880978865406,1.0,0.9997467148140091,1.9994996826184093
336.4849833147942,1.0,0.9997501687949127,1.9995065053098975
337.0411568409344,1.0,0.9997535756748231,1.9995132349622038
337.5973303670745,1.0,0.9997569360960405,1.9995198728440746
338.15350389321463,1.0,0.9997602506921137,1.9995264202069687
338.7096774193548,1.0,0.9997635200879429,1.9995328782852573
339.26585094549495,1.0,0.9997667448999159,1.999539248296501
339.82202447163513,1.0,0.9997699257360076,1.9995455314416382
340.37819799777526,1.0,0.9997730631959064,1.9995517289052427
340.93437152391544,1.0,0.9997761578711228,1.9995578418557287
341.4905450500556,1.0,0.9997792103451012,1.9995638714455846
342.04671857619576,1.0,0.9997822211933199,1.9995698188115594
342.6028921023359,1.0,0.999785190983427,1.9995756850749375
343.15906562847607,1.0,0.9997881202753166,1.9995814713416786
343.7152391546162,1.0,0.9997910096212534,1.9995871787026835
344.2714126807564,1.0,0.9997938595659659,1.999592808233961
344.8275862068965,1.0,0.9997966706467637,1.9995983609968608
345.3837597330367,1.0,0.9997994433936225,1.9996038380382548
345.9399332591768,1.0,0.999802178329288,1.999609240390728
346.496106785317,1.0,0.9998048759693796,1.9996145690727916
347.05228031145714,1.0,0.9998075368224931,1.9996198250890767
347.6084538375973,1.0,0.9998101613902782,1.9996250094305
348.16462736373745,1.0,0.999812750167551,1.9996301230744806
348.72080088987764,1.0,0.9998153036423734,1.999635166985092
349.27697441601777,1.0,0.9998178222961562,1.9996401421132697
349.83314794215795,1.0,0.9998203066037481,1.999645049396988
350.3893214682981,1.0,0.9998227570335143,1.9996498897614154
350.94549499443826,1.0,0.9998251740474404,1.9996546641191169
351.5016685205784,1.0,0.9998275581012063,1.9996593733702066
352.0578420467186,1.0,0.9998299096442811,1.9996640184025212
352.6140155728587,1.0,0.9998322291200056,1.9996686000917994
353.1701890989989,1.0,0.9998345169656758,1.999673119301839
353.726362625139,1.0,0.9998367736126157,1.9996775768846384
354.2825361512792,1.0,0.9998389994862801,1.999681973680601
354.83870967741933,1.0,0.9998411950063143,1.9996863105186629
355.3948832035595,1.0,0.9998433605866403,1.9996905882164446
355.95105672969964,1.0,0.9998454966355396,1.9996948075804302
356.5072302558398,1.0,0.9998476035557229,1.9996989694061025
357.06340378197996,1.0,0.9998496817444091,1.9997030744780893
357.6195773081201,1.0,0.9998517315934049,1.9997071235703354
358.17575083426027,1.0,0.9998537534891715,1.9997111174462168
358.7319243604004,1.0,0.9998557478128963,1.999715056858703
359.2880978865406,1.0,0.9998577149405713,1.999718942550491
359.8442714126807,1.0,0.9998596552430676,1.9997227752541724
360.4004449388209,1.0,0.9998615690861865,1.9997265556923154
360.956618464961,1.0,0.9998634568307488,1.9997302845776546
361.5127919911012,1.0,0.9998653188326554,1.9997339626132038
362.06896551724134,1.0,0.9998671554429498,1.9997375904923869
362.6251390433815,1.0,0.9998689670078929,1.9997411688991735
363.18131256952165,1.0,0.9998707538690156,1.999744698508199
363.73748609566184,1.0,0.9998725163632054,1.9997481799849153
364.29365962180196,1.0,0.9998742548227382,1.999751613985679
364.84983314794215,1.0,0.9998759695753788,1.999755001157919
365.4060066740823,1.0,0.999877660944405,1.9997583421402163
365.96218020022246,1.0,0.999879329248694,1.999761637562451
366.5183537263626,1.0,0.9998809748027696,1.9997648880459054
367.0745272525028,1.0,0.9998825979168777,1.9997680942034133
367.6307007786429,1.0,0.99988419889702,1.9997712566394221
368.1868743047831,1.0,0.9998857780450321,1.9997743759501534
368.7430478309232,1.0,0.9998873356586345,1.9997774527236967
369.2992213570634,1.0,0.9998888720314869,1.9997804875401206
369.85539488320353,1.0,0.999890387453242,1.9997834809715824
370.4115684093437,1.0,0.999891882209605,1.9997864335824382
370.96774193548384,1.0,0.9998933565823831,1.9997893459293443
371.52391546162403,1.0,0.9998948108495429,1.9997922185613706
372.08008898776416,1.0,0.9998962452852578,1.9997950520201013
372.63626251390434,1.0,0.9998976601599657,1.999797846839727
373.19243604004447,1.0,0.9998990557404128,1.9998006035471616
373.74860956618465,1.0,0.9999004322897083,1.9998033226621255
374.3047830923248,1.0,0.9999017900673816,1.999806004697268
374.8609566184649,1.0,0.9999031293294091,1.999808650158227
375.4171301446051,1.0,0.9999044503282877,1.9998112595437594
375.9733036707452,1.0,0.9999057533130635,1.9998138333458098
376.5294771968854,1.0,0.9999070385293899,1.9998163720496234
377.08565072302554,1.0,0.9999083062195786,1.999818876133836
377.6418242491657,1.0,0.9999095566226187,1.99982134607053
378.19799777530585,1.0,0.9999107899742494,1.9998237823253668
378.75417130144604,1.0,0.9999120065070064,1.999826185357666
379.31034482758616,1.0,0.9999132064502378,1.999828555620472
379.86651835372635,1.0,0.9999143900301705,1.9998308935606504
380.4226918798665,1.0,0.9999155574699484,1.99983319961898
380.97886540600666,1.0,0.9999167089896667,1.9998354742302156
381.5350389321468,1.0,0.9999178448064272,1.999837717823206
382.091212458287,1.0,0.9999189651343632,1.9998399308209276
382.6473859844271,1.0,0.9999200701846925,1.9998421136406033
383.2035595105673,1.0,0.9999211601657526,1.9998442666937613
383.7597330367074,1.0,0.999922235283039,1.9998463903863273
384.3159065628476,1.0,0.9999232957392463,1.9998484851186744
384.87208008898773,1.0,0.9999243417343002,1.9998505512857292
385.4282536151279,1.0,0.9999253734654068,1.9998525892770287
385.98442714126804,1.0,0.999926391127074,1.9998545994767907
386.5406006674082,1.0,0.9999273949111713,1.9998565822640164
387.09677419354836,1.0,0.9999283850069374,1.9998585380125131
387.65294771968854,1.0,0.9999293616010376,1.9998604670909983
388.20912124582867,1.0,0.9999303248775951,1.9998623698631737
388.76529477196885,1.0,0.9999312750182089,1.9998642466877596
389.321468298109,1.0,0.9999322122020134,1.9998660979185992
389.87764182424917,1.0,0.9999331366056998,1.9998679239047092
390.4338153503893,1.0,0.9999340484035466,1.9998697249903499
390.9899888765295,1.0,0.999934947767455,1.9998715015150754
391.5461624026696,1.0,0.9999358348669828,1.9998732538138189
392.10233592880974,1.0,0.9999367098693761,1.9998749822169417
392.6585094549499,1.0,0.9999375729396022,1.999876687050307
393.21468298109005,1.0,0.999938424240373,1.99987836863532
393.77085650723023,1.0,0.9999392639321892,1.999880027289019
394.32703003337036,1.0,0.9999400921733574,1.999881663324111
394.88320355951055,1.0,0.9999409091200299,1.9998832770490427
395.4393770856507,1.0,0.99994171492622,1.9998848687680433
395.99555061179086,1.0,0.999942509743852,1.9998864387812092
396.551724137931,1.0,0.9999432937227711,1.9998879873845297
397.1078976640712,1.0,0.9999440670107871,1.9998895148699762
397.6640711902113,1.0,0.9999448297536843,1.9998910215255172
398.2202447163515,1.0,0.9999455820952647,1.9998925076352088
398.7764182424916,1.0,0.9999463241773684,1.999893973479228
399.3325917686318,1.0,0.9999470561399053,1.9998954193339393
399.88876529477193,1.0,0.9999477781208636,1.9998968454719181
400.4449388209121,1.0,0.9999484902563647,1.9998982521620405
401.00111234705224,1.0,0.9999491926806716,1.9998996396695194
401.5572858731924,1.0,0.9999498855262062,1.9999010082559323
402.11345939933256,1.0,0.9999505689235989,1.9999023581793094
402.66963292547274,1.0,0.9999512430016878,1.9999036896941522
403.22580645161287,1.0,0.999951907887555,1.9999050030514853
403.78197997775305,1.0,0.9999525637065624,1.9999062984989335
404.3381535038932,1.0,0.9999532105823384,1.9999075762807104
404.89432703003337,1.0,0.9999538486368457,1.9999088366377216
405.4505005561735,1.0,0.9999544779903822,1.9999100798075982
406.0066740823137,1.0,0.999955098761594,1.9999113060247047
406.5628476084538,1.0,0.9999557110675168,1.9999125155202195
407.119021134594,1.0,0.9999563150235947,1.999913708522177
407.6751946607341,1.0,0.9999569107436843,1.9999148852554878
408.2313681868743,1.0,0.9999574983401077,1.9999160459420187
408.78754171301443,1.0,0.9999580779236327,1.9999171908005706
409.34371523915456,1.0,0.9999586496035399,1.9999183200470092
409.89988876529475,1.0,0.999959213487603,1.9999194338942214
410.4560622914349,1.0,0.9999597696821313,1.999920532552199
411.01223581757506,1.0,0.999960318291986,1.999921616228077
411.5684093437152,1.0,0.9999608594206041,1.9999226851261724
412.1245828698554,1.0,0.9999613931699951,1.9999237394479885
412.6807563959955,1.0,0.9999619196407883,1.9999247793923052
413.2369299221357,1.0,0.9999624389322508,1.999925805155194
413.7931034482758,1.0,0.9999629511422701,1.9999268169300244
414.349276974416,1.0,0.9999634563674232,1.9999278149075617
414.9054505005561,1.0,0.999963954702961,1.9999287992759534
415.4616240266963,1.0,0.9999644462428328,1.999929770220782
416.01779755283644,1.0,0.9999649310797062,1.999930727925094
416.5739710789766,1.0,0.9999654093049973,1.9999316725694636
417.13014460511675,1.0,0.9999658810088577,1.999932604331972
417.68631813125694,1.0,0.9999663462802206,1.9999335233882924
418.24249165739707,1.0,0.999966805206803,1.999934429911684
418.79866518353725,1.0,0.9999672578751342,1.9999353240730748
419.3548387096774,1.0,0.9999677043705446,1.9999362060410224
419.91101223581757,1.0,0.999968144777227,1.9999370759818211
420.4671857619577,1.0,0.9999685791781979,1.9999379340594667
421.0233592880979,1.0,0.9999690076553619,1.9999387804357458
421.579532814238,1.0,0.9999694302895021,1.999939615270225
422.1357063403782,1.0,0.9999698471602962,1.999940438720294
422.6918798665183,1.0,0.9999702583463334,1.9999412509411936
423.2480533926585,1.0,0.9999706639251407,1.9999420520860636
423.80422691879863,1.0,0.9999710639731846,1.999942842305943
424.3604004449388,1.0,0.9999714585658748,1.9999436217497975
424.91657397107895,1.0,0.9999718477776216,1.9999443905646075
425.47274749721913,1.0,0.9999722316817896,1.9999451488952886
426.02892102335926,1.0,0.9999726103507596,1.9999458968848207
426.58509454949944,1.0,0.9999729838559254,1.9999466346742254
427.1412680756396,1.0,0.9999733522677033,1.9999473624026003
427.6974416017797,1.0,0.9999737156555486,1.9999480802071332
428.2536151279199,1.0,0.999974074087977,1.9999487882231728
428.80978865406,1.0,0.9999744276325575,1.9999494865841858
429.3659621802002,1.0,0.9999747763559488,1.9999501754218416
429.9221357063403,1.0,0.9999751203238961,1.9999508548660079
430.4783092324805,1.0,0.9999754596012386,1.9999515250447726
431.03448275862064,1.0,0.9999757942519573,1.9999521860845022
431.5906562847608,1.0,0.99997612433913,1.9999528381098035
432.14682981090095,1.0,0.9999764499249953,1.9999534812436164
432.70300333704114,1.0,0.9999767710709397,1.9999541156071996
433.25917686318127,1.0,0.9999770878374992,1.999954741320129
433.81535038932145,1.0,0.9999774002844025,1.9999553585003877
434.3715239154616,1.0,0.9999777084705517,1.9999559672643241
434.92769744160177,1.0,0.9999780124540492,1.9999565677267128
435.4838709677419,1.0,0.9999783122922082,1.9999571600007597
436.0400444938821,1.0,0.9999786080415526,1.9999577441981264
436.5962180200222,1.0,0.9999788997578494,1.999958320428958
437.1523915461624,1.0,0.9999791874960899,1.9999588888018862
437.7085650723025,1.0,0.9999794713105209,1.9999594494240651
438.2647385984427,1.0,0.9999797512546551,1.9999600024011968
438.82091212458283,1.0,0.9999800273812623,1.9999605478375264
439.377085650723,1.0,0.9999802997424093,1.9999610858358914
439.93325917686315,1.0,0.9999805683894412,1.999961616497715
440.48943270300333,1.0,0.9999808333730075,1.9999621399230545
441.04560622914346,1.0,0.9999810947430662,1.9999626562105848
441.60177975528364,1.0,0.9999813525488894,1.999963165457639
442.1579532814238,1.0,0.9999816068390869,1.9999636677602315
442.71412680756396,1.0,0.9999818576616,1.9999641632130638
443.2703003337041,1.0,0.9999821050637141,1.9999646519095395
443.82647385984427,1.0,0.9999823490920716,1.999965133941796
444.3826473859844,1.0,0.999982589792685,1.9999656094007083
444.9388209121246,1.0,0.9999828272109248,1.9999660783759174
445.4949944382647,1.0,0.9999830613915596,1.999966540955842
446.05116796440484,1.0,0.9999832923787363,1.9999669972276883
446.607341490545,1.0,0.9999835202160029,1.999967447277478
447.16351501668515,1.0,0.9999837449463171,1.999967891190068
447.71968854282534,1.0,0.9999839666120457,1.9999683290491383
448.27586206896547,1.0,0.999984185254978,1.9999687609372456
448.83203559510565,1.0,0.9999844009163369,1.999969186935812
449.3882091212458,1.0,0.9999846136367779,1.9999696071251478
449.94438264738596,1.0,0.9999848234564133,1.9999700215844867
450.5005561735261,1.0,0.9999850304147936,1.999970430391953
451.0567296996663,1.0,0.9999852345509381,1.9999708336246205
451.6129032258064,1.0,0.999985435903334,1.9999712313585174
452.1690767519466,1.0,0.9999856345099417,1.9999716236686205
452.7252502780867,1.0,0.9999858304082053,1.9999720106289
453.2814238042269,1.0,0.9999860236350614,1.9999723923123127
453.83759733036703,1.0,0.9999862142269316,1.9999727687908078
454.3937708565072,1.0,0.9999864022197512,1.9999731401353666
454.94994438264735,1.0,0.9999865876489674,1.9999735064160054
455.50611790878753,1.0,0.9999867705495379,1.9999738677017795
456.06229143492766,1.0,0.9999869509559384,1.9999742240607905
456.61846496106784,1.0,0.9999871289021884,1.999974575560232
457.174638487208,1.0,0.9999873044218344,1.999974922266377
457.73081201334816,1.0,0.999987477547969,1.9999752642445823
458.2869855394883,1.0,0.9999876483132248,1.9999756015593182
458.84315906562847,1.0,0.9999878167498035,1.99997593427419
459.3993325917686,1.0,0.9999879828894617,1.9999762624519226
459.9555061179088,1.0,0.9999881467635132,1.9999765861543832
460.5116796440489,1.0,0.9999883084028618,1.9999769054425982
461.0678531701891,1.0,0.9999884678379793,1.9999772203767714
461.6240266963292,1.0,0.9999886250989254,1.9999775310162742
462.1802002224694,1.0,0.9999887802153409,1.9999778374196646
462.73637374860954,1.0,0.9999889332164835,1.9999781396447234
463.29254727474967,1.0,0.9999890841311841,1.999978437748412
463.84872080088985,1.0,0.9999892329879072,1.9999787317869497
464.40489432703,1.0,0.9999893798147085,1.9999790218157603
464.96106785317016,1.0,0.9999895246392748,1.9999793078895296
465.5172413793103,1.0,0.9999896674889078,1.9999795900621893
466.0734149054505,1.0,0.9999898083905412,1.9999798683869363
466.6295884315906,1.0,0.9999899473707342,1.999980142916245
467.1857619577308,1.0,0.9999900844556963,1.9999804137018762
467.7419354838709,1.0,0.9999902196712618,1.999980680794868
468.2981090100111,1.0,0.9999903530429352,1.999980944245595
468.85428253615123,1.0,0.9999904845958558,1.999981204103715
469.4104560622914,1.0,0.9999906143548223,1.9999814604182187
469.96662958843154,1.0,0.9999907423443023,1.9999817132374293
470.52280311457173,1.0,0.9999908685884243,1.9999819626090167
471.07897664071186,1.0,0.9999909931109908,1.9999822085799928
471.63515016685204,1.0,0.9999911159354749,1.9999824511967268
472.19132369299217,1.0,0.9999912370850375,1.9999826905049658
472.74749721913236,1.0,0.9999913565825177,1.9999829265498246
473.3036707452725,1.0,0.9999914744504373,1.999983159375795
473.85984427141267,1.0,0.9999915907110293,1.9999833890267888
474.4160177975528,1.0,0.9999917053862057,1.9999836155460944
474.972191323693,1.0,0.9999918184975883,1.9999838389764184
475.5283648498331,1.0,0.9999919300665013,1.9999840593598808
476.0845383759733,1.0,0.9999920401139835,1.9999842767380387
476.6407119021134,1.0,0.9999921486607757,1.9999844911518703
477.1968854282536,1.0,0.9999922557273418,1.999984702641793
477.75305895439374,1.0,0.9999923613338729,1.9999849112476906
478.3092324805339,1.0,0.9999924655002768,1.9999851170088847
478.86540600667405,1.0,0.9999925682461924,1.9999853199641686
479.42157953281423,1.0,0.999992669590989,1.999985520151807
479.97775305895436,1.0,0.9999927695537753,1.9999857176095457
480.5339265850945,1.0,0.9999928681533958,1.999985912374602
481.0901001112347,1.0,0.9999929654084388,1.9999861044837002
481.6462736373748,1.0,0.9999930613372421,1.9999862939730613
482.202447163515,1.0,0.999993155957892,1.9999864808784067
482.7586206896551,1.0,0.9999932492882224,1.9999866652349736
483.3147942157953,1.0,0.9999933413458376,1.9999868470775264
483.87096774193543,1.0,0.999993432148083,1.9999870264403345
484.4271412680756,1.0,0.9999935217120886,1.9999872033572268
484.98331479421574,1.0,0.999993610054731,1.999987377861549
485.53948832035593,1.0,0.9999936971926705,1.9999875499862063
486.09566184649606,1.0,0.9999937831423321,1.9999877197636426
486.65183537263624,1.0,0.9999938679199206,1.9999878872258692
487.20800889877637,1.0,0.9999939515414241,1.9999880524044633
487.76418242491656,1.0,0.9999940340225998,1.9999882153305582
488.3203559510567,1.0,0.9999941153790044,1.9999883760348784
488.87652947719687,1.0,0.9999941956259762,1.99998853454772
489.432703003337,1.0,0.9999942747786384,1.9999886908989588
489.9888765294772,1.0,0.9999943528519177,1.9999888451180794
490.5450500556173,1.0,0.9999944298605332,1.9999889972341558
491.1012235817575,1.0,0.9999945058190035,1.9999891472758686
491.6573971078976,1.0,0.9999945807416505,1.9999892952715055
492.2135706340378,1.0,0.9999946546425945,1.9999894412489632
492.76974416017794,1.0,0.9999947275357761,1.999989585235767
493.3259176863181,1.0,0.999994799434932,1.9999897272590668
493.88209121245825,1.0,0.9999948703536162,1.9999898673456264
494.43826473859843,1.0,0.9999949403052026,1.999990005521868
494.99443826473856,1.0,0.999995009302877,1.999990141813833
495.55061179087875,1.0,0.9999950773596517,1.999990276247228
496.1067853170189,1.0,0.9999951444883556,1.999990408847389
496.66295884315906,1.0,0.9999952107016384,1.9999905396393145
497.2191323692992,1.0,0.9999952760119943,1.9999906686476736
497.7753058954394,1.0,0.9999953404317273,1.9999907958967744
498.3314794215795,1.0,0.9999954039729889,1.9999909214106177
498.88765294771963,1.0,0.9999954666477524,1.9999910452128613
499.4438264738598,1.0,0.9999955284678357,1.9999911673268433
500.0,1.0,0.9999955894449025,1.9999912877755972
